customer_id,name,email,age,city,created_at
1450,Melissa Estrada,melissa.667@gmail.com,71,Birmingham,2023-04-29
7000,Laura Kim,laura.7653@gmail.com,60,Chicago,2023-06-10
1830,Adam Willis,adam.9749@example.com,32,Giza,2025-06-03
19,Matthew Foster,matthew.7934@hotmail.com,64,Barcelona,2026-05-15
7560,Kelly Brooks,kelly.1296@gmail.com,38,Osaka,2024-11-02
3836,Tyler Lozano,tyler.6338@outlook.com,20,Manchester,2026-07-31
1098,Michael Collins,michael.8394@hotmail.com,71,Delhi,2024-01-01
5028,Heather Howard,heather.9195@yahoo.com,23,Toronto,2025-03-07
9063,Kelsey Thompson DDS,kelsey.8731@gmail.com,70,Manchester,2024-03-17
1214,Michael Meadows,michael.2849@outlook.com,59,Berlin,2025-11-23
1967,Maria Green,maria.6945@outlook.com,26,Melbourne,2024-07-13
3787,Randy Douglas,randy.5684@hotmail.com,31,Toronto,2022-10-25
2126,Mark Hall,mark.4883@gmail.com,75,Mexico City,2024-01-21
5427,Jennifer Warren,jennifer.6300@example.com,27,Tokyo,2026-02-26
9378,Samantha Stevens,samantha.6521@yahoo.com,67,Tokyo,2025-01-15
7028,Faith Ritter,faith.3056@yahoo.com,73,Cairo,2026-08-30
6973,James Lyons,james.1471@yahoo.com,30,Osaka,2025-04-20
5716,John Kemp,john.6862@outlook.com,38,Paris,2024-05-19
9320,Edward Shaffer,edward.2069@yahoo.com,79,Houston,2023-12-16
4944,Cassandra Benson,cassandra.646@outlook.com,79,Bangalore,2025-10-30
3732,Angela Soto,angela.5817@hotmail.com,71,Lyon,2023-01-01
334,Victoria Murray,victoria.5760@outlook.com,20,Bangalore,2023-11-02
7814,Charles Johnson,charles.288@outlook.com,30,Tokyo,2023-01-12
7933,Ashley Adkins,ashley.7241@gmail.com,39,Cairo,2026-05-28
8492,Kelly Miller,kelly.6299@yahoo.com,80,Osaka,2023-03-24
7143,Brian Hunter,brian.7771@yahoo.com,54,Munich,2025-10-05
5178,Paul Navarro,paul.6767@yahoo.com,69,Manchester,2026-03-04
5502,Brooke White,brooke.5309@hotmail.com,48,Alexandria,2025-06-14
4524,Brooke Fuentes,brooke.3084@example.com,56,New York,2023-01-17
3454,David Hernandez,david.929@example.com,62,Osaka,2023-05-01
3460,Christopher Lee,christopher.1195@example.com,75,Dubai,2022-12-22
6834,Ian Stewart,ian.5072@gmail.com,79,Riyadh,2022-10-13
5436,Jesse Anderson,jesse.5438@outlook.com,54,Alexandria,2024-08-19
5852,Shawn Morales,shawn.6524@yahoo.com,33,Mumbai,2025-04-26
1195,Michael Howard,michael.9534@example.com,43,Singapore,2025-06-18
6987,Jared Rodriguez,jared.5065@outlook.com,72,Los Angeles,2025-10-28
2696,Rebecca Clark,rebecca.6813@outlook.com,80,Bangalore,2025-07-05
8523,Jeremiah Love,jeremiah.1451@yahoo.com,67,Munich,2023-12-28
2157,Erika Brown,erika.3011@outlook.com,68,Riyadh,2025-12-22
3820,Ruth Alvarez,ruth.5648@gmail.com,48,Madrid,2026-02-03
4099,Emily Riley MD,emily.6798@yahoo.com,44,Chicago,2024-08-17
4789,Tony Williams,tony.5891@outlook.com,19,Paris,2023-05-05
244,Natalie Bautista,natalie.9690@gmail.com,40,Lyon,2024-05-21
9538,John Brown,john.7646@hotmail.com,71,Sao Paulo,2025-03-17
3868,Rebecca Sandoval,rebecca.666@gmail.com,38,Vancouver,2025-01-18
7376,Eric Gould,eric.7278@hotmail.com,76,Munich,2025-02-05
2823,Patrick Norris,patrick.8789@example.com,49,Giza,2025-04-24
8758,Susan Hill,susan.7220@example.com,32,Mexico City,2026-04-19
6020,Kathryn Perry,kathryn.870@outlook.com,70,Hamburg,2023-04-11
6268,Alexis James,alexis.1980@example.com,200,Chicago,2023-11-11
1890,Anthony Stone,anthony.6663@yahoo.com,-5,Vancouver,2023-05-26
3415,Charles Herman,charles.4964@outlook.com,22,Sao Paulo,2023-01-31
4264,Lori Roberson,lori.2939@yahoo.com,19,Riyadh,2023-08-17
4677,Mrs. Kimberly Hill,mrs..9916@example.com,19,Hamburg,2026-05-17
4444,Kristi Jordan,kristi.6118@gmail.com,27,Barcelona,2025-12-07
5314,Lindsey Fox,,45,Toronto,2026-04-08
7083,Paul Clark,paul.2565@hotmail.com,72,Houston,2025-07-22
2849,James Butler,james.9235@example.com,56,Chicago,2025-10-04
5060,Lisa Campbell,lisa.1007@gmail.com,65,Hamburg,2023-01-31
1944,Mary Wright,mary.2382@outlook.com,77,Toronto,2025-06-17
9891,Mallory Shields,mallory.6791@hotmail.com,34,Birmingham,2026-01-23
9425,Timothy Daniel,timothy.321@hotmail.com,72,Birmingham,2024-11-06
4397,Megan Johnson,megan.1071@gmail.com,19,Cairo,2026-07-19
3179,Douglas Hardy,douglas.2793@example.com,45,London,2025-12-09
8637,Hannah Hopkins,hannah.9776@hotmail.com,67,Mumbai,2024-01-06
4027,Kimberly Jensen,kimberly.388@hotmail.com,45,Sydney,2024-11-11
6476,Eric Cole,eric.2979@yahoo.com,19,Vancouver,2023-11-14
7544,Megan Wells,megan.3013@hotmail.com,72,Birmingham,2026-06-23
4606,Wanda Reynolds,wanda.400@hotmail.com,79,Tokyo,2024-12-27
3294,Reginald Roman,reginald.1378@hotmail.com,45,Houston,2026-05-01
8695,Angela Stevens,angela.5567@gmail.com,76,Hamburg,2023-11-10
4800,Samantha Taylor,samantha.8606@hotmail.com,46,Los Angeles,2024-09-08
5209,Brandon Johnston,brandon.382@gmail.com,48,Berlin,2025-05-12
2130,Christy Kennedy,christy.8197@gmail.com,51,Mumbai,2026-05-06
3235,Andre Williams,andre.1191@yahoo.com,60,Vancouver,2022-10-03
7144,Frank Delacruz,frank.1374@hotmail.com,56,Tokyo,2023-02-27
2803,David Green V,david.3206@gmail.com,41,Bangalore,2024-06-27
2353,Joseph Lane,joseph.4903@hotmail.com,60,Sydney,2025-05-10
3655,Michael Foster,michael.329@example.com,24,Lyon,2023-08-07
9490,Susan Johnston,susan.1250@hotmail.com,0,Chicago,2023-12-07
7217,Clinton Edwards,clinton.1860@example.com,74,Bangalore,2023-03-07
4096,Shelly Moss,shelly.2097@example.com,27,Los Angeles,2025-12-04
4964,Michael Adams,michael.5384@yahoo.com,52,Riyadh,2026-01-09
9204,James Acevedo,james.7939@hotmail.com,77,Bangalore,2023-01-15
6692,Ashley Hodge,ashley.8291@example.com,74,Chicago,17/02/2026
2323,Lisa Patterson,lisa.2261@outlook.com,44,Sao Paulo,2024-12-23
1686,Terry Morgan,terry.1071@outlook.com,25,Vancouver,2025-02-12
8164,Jessica Golden,jessica.9785@example.com,35,Lyon,2026-05-03
5616,Larry Allen,larry.2136@yahoo.com,72,Cairo,2025-11-12
6059,Samuel Page,samuel.3628@hotmail.com,74,Dubai,2025-04-21
1820,Paul Hall,paul.702@outlook.com,25,Houston,2025-02-08
6339,Jacqueline Woods,jacqueline.5066@example.com,60,Singapore,2024-10-04
9841,Heidi Adams,heidi.402@outlook.com,62,Sydney,2026-03-05
1702,Shelby Bartlett,shelby.1141@example.com,24,Mumbai,2023-05-04
2100,Eric Fitzpatrick,eric.5519@hotmail.com,22,Barcelona,2025-04-13
3004,William Mueller,william.6192@outlook.com,19,New York,2024-09-27
2018,Michael Hogan,michael.1949@hotmail.com,20,Giza,2024-10-15
473,Justin Brown,justin.5401@hotmail.com,55,Bangalore,2024-11-25
5013,Stefanie Simmons,stefanie.5940@gmail.com,24,Manchester,2024-07-03
690,Robert Haynes,robert.529@outlook.com,34,Vancouver,2025-08-26
9288,Nicole Costa,nicole.2918@example.com,38,Toronto,2025-03-06
9255,William Thompson,william.7673@example.com,39,Berlin,2023-04-14
2426,Michael Phelps,michael.9096@outlook.com,20,Cairo,2023-11-30
6349,Steven Olson,steven.9258@outlook.com,57,Chicago,2024-02-27
8619,Dr. Jason Foster,dr..8775@gmail.com,40,Cairo,2025-08-06
2682,Paul Massey,paul.7884@gmail.com,78,Vancouver,2022-09-21
4100,Jerry Taylor,jerry.2862@example.com,79,Los Angeles,2024-03-20
6838,Brandi Mcguire,brandi.6387@hotmail.com,73,Sao Paulo,2024-12-02
6768,Alisha Lewis,alisha.989@gmail.com,58,Toronto,2023-01-14
541,Christopher Allen,christopher.3922@example.com,38,Singapore,2026-01-18
5557,Mary Morgan,mary.1145@yahoo.com,21,Toronto,2024-12-14
5782,Douglas Nelson,douglas.8303@outlook.com,54,Birmingham,2022-12-19
5556,Tiffany Bradshaw,tiffany.3061@example.com,29,Hamburg,2024-04-14
4296,Chad Poole,chad.682@hotmail.com,21,Sao Paulo,2024-01-31
733,Nicholas Rush,nicholas.2689@outlook.com,40,Bangalore,2026-07-04
8658,Matthew Walsh,matthew.2301@gmail.com,60,Toronto,2025-04-30
9789,Kenneth Parker,kenneth.9873@outlook.com,59,Toronto,2025-05-25
6381,Richard Nelson,richard.8497@hotmail.com,30,Birmingham,2022-11-04
7715,Victor Kelly,victor.4714@gmail.com,64,Melbourne,2026-03-29
8100,Travis Pugh,travis.9293@outlook.com,23,dubai,2025-09-05
8884,Jennifer Cunningham,jenniferATyahoo.com,20,Riyadh,2023-08-06
3959,Debra Smith,debra.4832@yahoo.com,65,Sydney,2023-09-16
1933,Mark Henson,mark.776@yahoo.com,40,Birmingham,2023-12-25
4991,Daniel Smith,daniel.3716@outlook.com,53,Singapore,2023-05-20
5116,Michael Church,michael.3838@gmail.com,64,Chicago,2025-10-15
3515,Joseph Jones,joseph.5927@hotmail.com,60,Manchester,2023-12-11
5112,Laura Hayden,laura.7412@example.com,62,Chicago,2026-04-18
666,Alyssa Roman,alyssa.5767@outlook.com,57,Chicago,2023-10-19
7723,Justin Parrish,justin.7041@yahoo.com,18,Melbourne,2024-08-12
4928,Dalton Serrano,dalton.8153@outlook.com,60,Mexico City,2024-07-25
8737,Elaine Williams,elaine.7965@outlook.com,48,Chicago,2024-08-02
2802,Martin Jones,martin.3437@yahoo.com,69,Bangalore,2026-04-22
321,Kurt Hurley,kurt.3269@gmail.com,0,Sao Paulo,2023-12-13
9088,Carolyn Wilson,carolyn.376@outlook.com,80,New York,2026-05-30
7976,Andrew Ward,andrew.8972@hotmail.com,18,Chicago,2025-01-21
5161,Henry Hale,henry.8832@hotmail.com,21,Sydney,2024-05-29
7687,Jennifer Hill,jennifer.5541@yahoo.com,20,Los Angeles,2022-10-30
5752,Eileen Snyder,eileen.1039@gmail.com,37,Giza,2024-11-28
2657,Erin Mason,erin.7355@outlook.com,50,Riyadh,2023-03-07
5497,Eric Foster,eric.703@yahoo.com,69,Birmingham,2024-02-25
8772,Kimberly Wilson,kimberly.9847@outlook.com,52,Bangalore,2025-12-21
8804,Jessica Castro,jessica.155@outlook.com,22,Paris,2026-07-01
4857,Richard Reynolds,richard.8979@example.com,50,Giza,2023-09-21
5719,Nathan Brown,nathan.9760@outlook.com ,23,Singapore,2023-03-28
7619,,brenda.7028@hotmail.com,71,Cairo,2026-09-12
3257,Michael Preston,michael.5666@outlook.com,23,Madrid,2025-05-31
75,Sandra Aguilar,sandra.6685@gmail.com,32,Melbourne,2023-04-21
3447,Ashley Watkins DDS,ashley.8171@yahoo.com,21,Dubai,2024-10-24
1980,Robert Lopez,robert.7743@gmail.com,59,Mumbai,2022-12-12
3463,Vincent Henderson,vincent.1321@example.com,48,Mexico City,2023-12-20
4837,Nicole Collins,nicole.2332@gmail.com,75,London,2025-08-11
8393,Sheila Owens,sheila.7786@hotmail.com,68,Osaka,2025-11-26
5022,Brittany Davis,brittany.6885@gmail.com,60,Toronto,2024-11-21
121,Paul Payne,paul.4848@hotmail.com,19,Melbourne,2025-02-14
9618,Sonia Jenkins,sonia.1190@outlook.com,21,Los Angeles,2023-09-20
462,Michael Lopez,michael.8902@example.com,49,Osaka,2023-04-10
7516,Richard Coleman,richard.5399@example.com,80,Delhi,2023-07-18
1634,Mr. Ryan Camacho,mr..583@yahoo.com,48,Los Angeles,2023-03-16
6960,Kimberly Smith,kimberly.2618@yahoo.com,40,Hamburg,2023-07-08
5464,Thomas Caldwell,thomas.9815@outlook.com,28,Alexandria,2025-05-11
9315,William Stewart,william.6801@yahoo.com,75,Bangalore,2024-07-26
442,Regina Roberts ,regina.8900@outlook.com,75,Berlin,2023-11-11
4664,Sherri Colon,sherri.7282@gmail.com,50,Chicago,2026-04-09
8918,Leslie Salas,leslie.617@example.com,69,Barcelona,2024-01-11
1434,John Rose,john.3111@example.com,61,Paris,2023-03-15
9137,Donald Walsh,donald.253@yahoo.com,50,Cairo,2024-12-03
8244,Brian Vance,brian.4846@hotmail.com,37,Hamburg,2023-09-12
7314,Cathy Thomas,cathy.9379@hotmail.com,32,Hamburg,2024-08-03
5891,Teresa Carter,teresa.1691@yahoo.com,80,New York,2025-10-20
3873,Sonya Robinson,sonya.3014@hotmail.com,N/A,Riyadh,2025-12-10
8541,Steve Cobb,steve.1702@outlook.com,69,paris,2024-09-19
1681,Mr. Logan Gregory,mr..7673@gmail.com,47,Birmingham,2025-12-23
5446,Jessica Stein,jessica.9382@gmail.com,39,Berlin,2024-02-21
1971,Chelsea Henderson,chelsea.9678@outlook.com,23,Cairo,2026-01-11
3433,John Hebert,john.9118@yahoo.com,30,,2022-12-22
1336,Alexandra Ho,alexandra.2677@gmail.com,31,Melbourne,2024-07-03
8449,Shannon Hayden DDS,shannon.2735@outlook.com,68,Paris,2023-02-28
4445,Lisa Blackburn,lisa.3883@gmail.com,73,Giza,2023-10-03
5981,Steven Choi,steven.967@gmail.com,25,Barcelona,2025-12-11
9203,Jon Cantu,jon.671@example.com,74,Munich,2022-11-09
7945,Sarah Flores,sarah.5700@gmail.com,54,Bangalore,2023-04-08
1317,John Harmon,john.534@example.com,40,Berlin,2026-07-21
6410,Robert Ramirez,robert.5142@yahoo.com,54,Tokyo,2026-05-29
7259,Robert Norton,robert.2289@hotmail.com,47,Dubai,2025-07-14
1855,Jordan Potter,jordan.707@gmail.com,59,Vancouver,2025-04-16
4938,John Jones,john.6112@hotmail.com,18,New York,2026-01-18
5713,Peter Gonzalez,peter.8305@hotmail.com,46,Sao Paulo,2025-03-02
4649,Karen Shaffer,karen.9722@gmail.com,61,Paris,2024-10-03
7848,Ryan Burton,ryan.8883@outlook.com,21,Mumbai,2023-09-10
7116,Christopher Braun,christopher.8193@outlook.com,25,Vancouver,2026-03-22
3267,Gabriel Copeland MD,gabriel.4986@gmail.com,34,Toronto,2026-06-16
7328,Adam Dunn,adam.3415@hotmail.com,56,Birmingham,2024-06-07
2067,Cheryl Watson,cheryl.518@outlook.com,74,Sao Paulo,2025-05-04
9359,Ryan Allen III,ryan.9410@yahoo.com,20,London,2023-08-08
9341,Paul Thomas,paul.4277@example.com,33,Houston,2023-08-17
1315,Brenda Simon,brenda.2102@gmail.com,51,Sydney,2026-08-24
8812,Haley White,haley.1453@example.com,71,Osaka,2025-12-07
9237,Monica Wilkerson,monica.5344@hotmail.com,64,Dubai,2024-05-06
606,Carol Ellis,carol.1525@example.com,56,Sydney,2025-09-05
7003,Michael Watson,michael.1784@example.com,37,Lyon,2025-06-25
1229,Christopher Powers,christopher.2640@yahoo.com,58,Lyon,2025-02-25
2253,Dr. John Ramirez,dr..8249@gmail.com,25,Bangalore,2022-11-11
304,Olivia Cole,olivia.7490@gmail.com,25,Melbourne,2026-05-29
6255,Heather Little,heather.7941@yahoo.com,40,Los Angeles,2023-05-24
3030,Daniel Reed,daniel.4349@gmail.com,68,Cairo,2026-03-14
4482,Amber Ward,amber.6318@outlook.com,78,Cairo,2024-11-16
6090,John Perez,john.7276@yahoo.com,68,Los Angeles,2023-11-20
4559,Jesse Wright,jesse.6485@gmail.com,50,Singapore,2024-12-01
1215,Becky Wilson,becky.5986@example.com,59,Osaka,2024-07-04
223,Laura Haney,laura.5803@gmail.com,43,Tokyo,2023-11-22
3587,Paige Davenport,paige.8482@example.com,55,Lyon,2024-06-08
1921,Javier Hays,javier.3347@example.com,78,Riyadh,2024-01-22
2564,Jessica Morris,jessica.140@hotmail.com,36,Melbourne,2023-12-26
8989,Brittany Mcpherson,brittany.7631@outlook.com,53,Paris,2023-12-24
2559,Ralph Hendricks,ralph.1169@hotmail.com,20,Madrid,2026-06-16
9439,Clayton Nelson,clayton.6230@example.com,72,Vancouver,2026-08-09
2851,Pamela Smith,pamela.7105@outlook.com,19,Mexico City,2025-07-12
1508,Kelly Garcia,kelly.736@yahoo.com,30,Mumbai,2025-01-08
9403,Michelle Mcdowell,michelle.934@example.com,37,Giza,2023-05-24
3754,Robert Reynolds,robert.919@outlook.com,58,Delhi,2023-11-07
9061,Peter Richard,peter.8725@example.com,23,Madrid,2023-11-10
6978,Dylan Wells,dylan.189@outlook.com,65,Munich,2025-06-15
9460,Hannah Soto,hannah.452@outlook.com,N/A,Manchester,2022-12-02
1301,Amy Warner,amy.1524@outlook.com,61,Bangalore,2025-12-29
429,Lisa Randall,lisa.5140@outlook.com,27,Munich,2023-04-20
1532,Paul Saunders,paul.4222@outlook.com,74,Melbourne,2025-11-18
2109,Ian Harrell,ian.8729@example.com,72,Singapore,2023-07-03
8549,David Gutierrez,david.3016@outlook.com,45,Munich,2023-08-06
135,Alexander Collins,alexander.1234@yahoo.com,66,Mexico City,2025-06-02
7656,Victoria Henry,victoria.5683@example.com,46,Barcelona,2025-06-05
5921,Jason Simpson,jason.1210@gmail.com,75,Riyadh,2024-06-12
1369,Brenda Lee,brenda.8836@yahoo.com,55,Dubai,2025-08-03
8199,Jonathan Morris,jonathan.1668@gmail.com,77,London,2024-10-20
8939,Laura Molina,,51,Toronto,2023-11-15
8961,Alyssa Anderson,alyssa.6183@example.com,39,Giza,2023-11-23
2369,Matthew Dennis,matthew.3484@outlook.com,48,Alexandria,2024-05-26
195,Denise Davenport,denise.9469@example.com,31,Los Angeles,2026-08-19
2050,Kimberly Burnett,kimberly.6624@gmail.com,32,Melbourne,2024-08-30
3105,Jasmin Estrada,jasmin.2646@gmail.com,35,Barcelona,2023-10-21
9803,Brianna Park,brianna.3636@outlook.com,38,Barcelona,2024-02-03
4472,Rose Jackson,rose.5923@example.com,,Mexico City,2022-10-29
8433,John Oneal,john.1091@hotmail.com,52,Melbourne,2023-05-25
5837,Justin Robbins,justin.8722@gmail.com,47,Madrid,2025-05-22
9004,Allison Johnson,allison.2954@yahoo.com,73,Mumbai,2025-09-05
9568,Albert Gray,albert.3618@outlook.com,68,Dubai,2026-03-13
4630,Carolyn Silva,carolyn.5487@outlook.com,25,Toronto,2023-12-07
8180,Michael Rodgers,michael.84@outlook.com,50,Riyadh,2024-03-11
1334,Paul Goodwin,paul.7973@hotmail.com,34,Madrid,2024-11-03
1495,Joe Jones,joe.7797@example.com,65,Alexandria,2025-12-26
3554,Debra Castillo,debra.3196@example.com,36,Sao Paulo,2024-06-18
789,Kirk Thompson,kirk.8955@yahoo.com,27,Cairo,2026-03-11
5384,Dr. Roberto Johnston,dr..9937@outlook.com,32,Singapore,2024-08-28
8592,Michelle Davis,michelle.6307@outlook.com,26,Manchester,2026-06-06
9539,Anthony Santiago,anthony.7529@hotmail.com,62,Tokyo,2022-10-17
2025,Mrs. Samantha Clark,mrs..3963@example.com,54,Giza,2025-08-22
4607,Karen Le,karen.3082@yahoo.com,62,Hamburg,2022-10-15
1431,Todd Carpenter,todd.3040@gmail.com,57,Tokyo,2026-07-19
9041,Edward Walker,edward.2728@yahoo.com,68,Lyon,2026-03-07
3799,Debra White,debra.5019@yahoo.com,47,Madrid,2024-10-20
6817,Brian Torres,brian.7781@outlook.com,18,Melbourne,2024-11-10
7249,Lisa Wade,lisa.9718@yahoo.com,60,Bangalore,2024-05-10
7900,Mary Lawrence,mary.5288@gmail.com,30,Berlin,2024-11-07
594,Linda Carr,linda.7382@outlook.com,32,Vancouver,2025-01-21
8566,Jessica Bradley,jessica.7223@gmail.com,75,MEXICO CITY,2026-02-03
6564,Jennifer Neal,jennifer.1869@example.com,76,Sydney,2026-08-02
286,Karla Ramos,karla.855@outlook.com,73,Vancouver,2023-10-21
6341,Sandra Greer,sandra.9379@outlook.com,55,Hamburg,2023-01-15
8794,Jennifer Craig,jennifer.7872@hotmail.com,61,Hamburg,2024-08-28
7624,Roger Greene,roger.2217@gmail.com,56,Manchester,2026-04-01
6710,Travis Allen DDS,travis.5595@gmail.com,57,Barcelona,2022-11-08
783,Sharon Nicholson,sharon.1130@outlook.com,73,Birmingham,2024-10-08
6153,Carlos Brown,carlos.2608@example.com,65,Mexico City,2026-02-27
667,Michael Ray,michael.4874@example.com,55,Giza,2023-01-07
404,Nathan Gross,nathan.4334@hotmail.com,66,Berlin,2026-02-25
388,Patricia Morrow,patricia.9940@yahoo.com,N/A,Tokyo,2023-01-02
6521,Emily Cohen,emily.8184@outlook.com,37,Osaka,2023-04-24
8738,Tracy Hernandez,tracy.757@gmail.com,19,Vancouver,2025-10-15
3946,Catherine Schmidt,catherine.1832@yahoo.com,41,Munich,2024-10-27
7993,Megan Bryant,megan.8120@outlook.com,45,New York,2025-07-03
199,Diane Evans,diane.7031@example.com,80,Singapore,2025-01-21
3405,Jose Woods,jose.181@example.com,37,Alexandria,2026-06-12
6232,David Cruz,david.415@example.com,44,Sydney,2023-09-30
7578,Karen Schultz,karen.9836@yahoo.com,73,Houston,2023-07-09
4830,Jeffery Johnson,jeffery.3390@gmail.com,56,Vancouver,2023-01-19
3987,Ryan Wilkinson,ryan.2172@example.com,37,Alexandria,2024-03-25
4952,Alyssa Guerra,alyssa.4337@hotmail.com,75,Riyadh,2024-10-25
3522,Laura Vaughn,laura.9496@gmail.com,35,Osaka,2023-11-25
2778,Joanna Bradshaw,joanna.9680@yahoo.com,24,Berlin,2023-06-03
8071,Morgan Liu,morgan.4037@example.com,19,Munich,2023-05-28
7023,Julia Ruiz,,34,Tokyo,2023-11-19
4700,John Lopez,john.1162@yahoo.com,60,Los Angeles,2024-02-05
9756,Mary Turner,mary.6200@example.com,0,Osaka,2023-10-06
8119,Ronald Kim,ronald.9672@gmail.com,67,Cairo,2026-04-25
6063,Robert Vazquez,robert.6356@gmail.com,20,Alexandria,2024-05-24
866,Sheila Jones,sheila.3658@example.com,70,Chicago,2024-09-04
7305,Daniel Steele,daniel.7597@gmail.com,23,Mexico City,2022-10-20
9265,William Lewis,william.8218@gmail.com,59,Munich,2024-12-01
2637,Thomas Rhodes,thomas.4092@hotmail.com,76,London,2024-10-19
5473,Laura Gardner,laura.6984@outlook.com,72,Toronto,2025-04-24
1786,April Alvarez,april.9275@yahoo.com,75,New York,2026-04-26
7692,Emily Fox,emily.4807@yahoo.com,31,Mexico City,2025-05-13
6535,Mr. Matthew Peterson,mr..7146@yahoo.com,29,Giza,2025-07-11
1653,Rita Austin,rita.8580@hotmail.com,67,Toronto,2024-06-12
4225,Derek Frazier,derek.6501@yahoo.com,76,Berlin,2025-07-30
9491,Laura Collins,laura.5936@outlook.com,29,Barcelona,2024-01-26
6610,Valerie Jensen,valerie.9573@example.com,19,Manchester,2026-03-17
4853,Ashley Dixon,ashley.5351@hotmail.com,41,Alexandria,2024-09-17
7905,Ronnie Hale,ronnie.876@yahoo.com,32,Riyadh,2026-03-29
8212,Scott Villa,scott.4304@hotmail.com,48,Madrid,2023-12-08
3419,April Jones,april.5310@example.com,79,Barcelona,2026-02-22
2258,Angela Jones,angela.4343@hotmail.com,79,Sao Paulo,2024-04-30
8638,Sara Bradford,sara.3810@yahoo.com,66,Paris,2025-01-24
8341,Teresa Horn,teresa.4263@example.com,46,Lyon,2024-10-29
1410,Lisa Jackson,lisa.3867@outlook.com,38,Cairo,2026-08-04
6273,Valerie Silva,valerie.2997@gmail.com,79,Tokyo,2024-01-12
971,Deborah Stephens,deborah.3938@gmail.com,69,Tokyo,2023-05-28
9465,Janice Conner,janice.1481@yahoo.com,50,Toronto,2023-11-23
1993,Sheila Ramirez,sheila.1259@example.com,30,Singapore,2025-07-04
9296,Dr. Janet Parks,,20,Paris,2023-07-16
684,Joseph Allen,joseph.7493@example.com,65,Singapore,2024-09-04
3917,Kathleen Smith,kathleen.2823@gmail.com,42,Barcelona,2023-02-05
2502,Leonard Simpson,leonard.5058@example.com,39,Birmingham,2026-02-28
3749,Roger Petty,roger.7714@example.com,58,Hamburg,2023-12-25
8166,Dawn Brooks,dawn.9905@hotmail.com,50,Barcelona,2024-09-18
2964,Jordan Barnes,jordan.9277@gmail.com,68,Delhi,2026-01-20
916,Jonathan Perry,jonathan.8468@example.com,61,Dubai,2024-11-09
9675,Patricia Weaver,patricia.6560@example.com,46,Mexico City,06-Jun-2023
3307,Casey Miles,casey.3603@hotmail.com,49,Houston,2022-10-03
9317,Michelle Morales,michelle.1120@yahoo.com,74,Lyon,2025-08-16
3026,Vicki Brown,vicki.9825@yahoo.com,61,Munich,2024-03-15
3383,Miranda Hernandez,miranda.869@yahoo.com,51,Los Angeles,2026-06-09
4694,Thomas Miller,thomas.4357@example.com,51,Cairo,2025-06-21
7060,Michaela Strickland,michaela.8035@gmail.com,52,Houston,2023-06-15
8320,Susan Ward,susan.474@yahoo.com,47,Melbourne,2024-10-15
9256,Kathleen Fowler,kathleen.4171@gmail.com,32,Toronto,2023-03-28
8293,William Lee,william.3840@gmail.com,79,Berlin,2023-04-28
2101,Amanda Ford,amanda.8701@outlook.com,45,Houston,2025-03-07
5043,Linda French,linda.6645@example.com,30,Bangalore,2025-02-17
3645,Gina Vega,ginaATexample.com,57,Toronto,2023-11-20
7577,James Davila,james.6261@hotmail.com,62,Munich,2023-10-05
2174,Michael Harris,michael.7130@outlook.com,70,Mumbai,2024-08-18
1943,Erin Allen,erin.409@outlook.com,77,Paris,2024-11-12
6599,Anthony Wright,anthony.7937@gmail.com,53,Cairo,2023-03-28
4404,Bryan Jones,bryan.2871@hotmail.com,37,New York,2026-01-29
8291,Brittney Garza,brittney.2337@yahoo.com,18,Birmingham,2023-04-13
706,Jennifer Johnson,jennifer.1238@gmail.com,43,Lyon,2025-06-11
6308,Mark Arellano,mark.8138@hotmail.com,69,Chicago,2024-04-02
3669,Aaron Oliver,aaron.7038@gmail.com,32,Mexico City,2023-07-26
8036,Kimberly Rosales,kimberly.6746@hotmail.com,39,Los Angeles,2024-01-11
1279,Michelle Marshall,michelle.3796@example.com,28,Mumbai,2023-08-21
2354,Erica Simon,erica.9385@yahoo.com,63,Berlin,2023-08-12
1716,Michael Spencer,michael.4624@gmail.com,33,Munich,2023-12-05
1440,Kelly Burton,kelly.3311@gmail.com,49,Houston,2023-11-19
8435,David Petty,david.7945@example.com,73,Houston,2026-04-29
7989,Jimmy Douglas,jimmy.8472@outlook.com,55,Melbourne,2023-06-15
835,Martha Smith,martha.8615@yahoo.com,58,Sydney,2025-06-20
1873,Mary Kennedy,mary.9318@gmail.com,35,Los Angeles,2024-10-04
6989,Anna Villanueva,anna.6912@gmail.com,49,Munich,2023-06-18
8286,Brandon Baker,brandon.5597@outlook.com,24,Berlin,2024-02-14
619,Danielle Dawson,danielle.5400@outlook.com,39,Munich,2026-01-09
1411,Angelica Vincent,angelica.2743@hotmail.com,55,New York,2024-08-31
2956,Benjamin Werner,benjamin.3310@example.com,64,Los Angeles,2026-05-09
7272,Courtney Smith,courtney.4505@gmail.com,74,Lyon,2026-05-09
9390,Donna Peterson,donna.5346@gmail.com,48,Birmingham,2026-08-15
2609,Ashley Sanders,  ashley.7080@outlook.com  ,42,Sao Paulo,2024-08-25
1986,Victoria Davis,victoria.7800@gmail.com,41,Lyon,2024-10-19
7535,Veronica Huang,veronica.850@outlook.com,49,Paris,2026-05-10
2132,Brent Smith,brent.1479@yahoo.com,56,New York,2024-12-01
5271,Casey Rasmussen,casey.5830@gmail.com,70,Munich,2024-02-08
9124,Mrs. Teresa Wright,mrs..6425@hotmail.com,31,Alexandria,2025-01-23
9402,Kenneth Blevins,kenneth.6731@example.com,46,Sao Paulo,2026-01-14
421,Jesus Obrien,jesus.1796@outlook.com,55,Birmingham,2024-10-09
9786,Michael King,michael.1071@example.com,20,Vancouver,2025-04-08
5985,Danielle Bradley,danielle.1325@gmail.com,65,Vancouver,2023-01-05
5295,Taylor Abbott,taylor.4843@yahoo.com,52,Sydney,2024-04-30
2920,Darrell Lopez,darrell.6371@yahoo.com,25,Mexico City,2025-05-07
7964,Austin Fuller,austin.4982@outlook.com,76,Vancouver,2023-02-25
9244,Matthew Pope,matthew.4353@example.com,72,Osaka,2025-05-15
2998,Laura Gutierrez,laura.2956@hotmail.com,19,Birmingham,2026-02-06
878,Amber Martin,amber.5743@hotmail.com,68,New York,2023-04-10
3401,John Khan,john.4509@outlook.com,42,Delhi,2024-07-24
6353,Tiffany Swanson,tiffany.812@hotmail.com,55,Hamburg,2026-01-11
9037,Michael Ayers,michael.8198@hotmail.com,28,Manchester,2023-06-11
1152,Connie Williams,connie.890@yahoo.com,68,Manchester,2025-08-20
6651,Sara Rodriguez,sara.2963@gmail.com,56,Cairo,2023-11-04
4522,Brian Pena,brian.4469@hotmail.com,49,Toronto,2025-10-01
5301,Dana Smith,dana.1776@yahoo.com,71,Singapore,2025-04-12
3076,Evan Carroll,evan.9883@hotmail.com,19,London,2026-07-03
896,Paul Skinner,paul.8044@yahoo.com,21,Vancouver,2023-11-08
754,Edgar Miller,edgar.8210@outlook.com,45,Delhi,2026-01-31
4461,Diana Myers,diana.2032@gmail.com,30,Chicago,2023-06-08
3239,Elizabeth Johnson,elizabeth.9298@hotmail.com,75,London,2023-03-11
5907,Tristan Fowler,tristan.3855@example.com,36,Sao Paulo,2022-10-15
1319,Greg Osborne,greg.8491@outlook.com,38,Delhi,2024-08-02
2714,Charles Andrade,charles.6272@example.com,37,Bangalore,2023-12-01
7781,Gregory Love,gregory.1746@yahoo.com,29,Osaka,2025-03-24
8490,Antonio Walker,antonio.4648@example.com,43,Paris,2024-10-11
979,Christopher Whitaker,christopher.2786@example.com,29,Birmingham,2022-10-19
8749,Erik Simmons,erik.5954@outlook.com,56,Paris,2022-11-09
4696,Luke Bush,luke.3993@outlook.com,69,Houston,2025-03-20
1661,David Miller,david.5120@gmail.com,54,Singapore,2024-09-21
2475,Cynthia Jones,cynthia.5478@hotmail.com,33,New York,2026-07-03
2186,Hannah Garcia,hannah.6284@outlook.com,65,Dubai,2026-05-17
6000,Anthony Christensen,anthony.8433@yahoo.com,80,Paris,2023-02-10
3961,Rhonda Evans,rhonda.6296@hotmail.com,58,London,2026-01-11
7030,Christian Ramirez,christian.8649@outlook.com,18,Melbourne,2026-08-15
1199,Jason Newton,jason.2436@hotmail.com,43,London,2026-08-30
8065,Lauren Wright,lauren.2470@hotmail.com,24,Toronto,2025-04-01
1597,Nancy Chavez,nancy.9648@outlook.com,47,Munich,2022-10-26
7008,Michael Curtis,michael.6200@example.com,,Mexico City,2025-06-25
9166,Jacob Mccormick,jacob.4600@example.com,38,Melbourne,2025-08-26
1853,Sarah Schmitt,sarah.1847@yahoo.com,61,Tokyo,2026-04-03
9278,Erin Johnson,erin.8181@hotmail.com,41,Delhi,2023-11-24
714,Daniel Huang,daniel.7952@hotmail.com,75,Mumbai,2025-10-28
1639,  Allison Maldonado  ,allison.3413@example.com,61,Toronto,2025-06-07
1172,James Nelson,james.8398@yahoo.com,28,Chicago,2026-02-12
1184,David Hernandez,david.5009@example.com,27,Barcelona,2026-08-04
8662,Amy White,amy.471@example.com,34,Lyon,2024-12-20
561,Manuel Brock,manuel.150@yahoo.com,50,Hamburg,2024-01-11
2520,Emily Brown,emily.3263@yahoo.com,36,Chicago,2023-06-06
4315,Amy Clark,amy.2922@example.com,41,Mumbai,2023-10-31
1316,Dr. Julie Miller,dr..6934@outlook.com,78,Madrid,2026-04-09
8995,Donna Walsh,donna.1246@hotmail.com,66,Paris,2026-08-16
8426,Christopher Carlson,christopher.7205@yahoo.com,52,Vancouver,2024-09-18
1035,Megan Alvarado,megan.1476@example.com,22,Bangalore,2025-03-01
6950,John King,john.263@yahoo.com,63,Singapore,2024-09-08
8470,Luis Lewis,luis.4613@yahoo.com,61,Berlin,2023-12-09
4168,Robert Bauer,robert.4526@yahoo.com,75,Berlin,2022-12-03
4825,Brandon Ingram,brandon.6618@example.com,47,Mexico City,2026-07-06
4041,James Brooks ,james.9206@gmail.com,46,London,2026-03-04
7796,Melissa Murray,melissa.9477@gmail.com,55,Singapore,2026-01-01
1859,Daniel Harris,daniel.860@example.com,29,Chicago,2026-03-01
801,Brian Brown,brian.9304@gmail.com,45,Mumbai,2026-08-30
2939,  Rebecca Cox  ,rebecca.847@hotmail.com,25,Manchester,2023-08-19
3303,Susan Hutchinson,susan.871@gmail.com,54,Manchester,2023-03-12
1592,Lynn Suarez,lynn.1927@yahoo.com,79,Houston,2025-10-11
1059,Jane Mitchell,jane.9148@example.com,21,Cairo,2025-03-27
7792,Laurie Jones,laurie.996@yahoo.com,20,Sydney,2023-10-28
5292,Victoria Mcdonald,victoria.6159@hotmail.com,71,Madrid,2022-12-05
5245,Curtis Chase,curtis.1250@hotmail.com,56,Giza,2023-04-17
3479,Dawn Baker,dawn.245@yahoo.com,70,Alexandria,2024-10-31
7702,Maria Adams,maria.2037@gmail.com,18,Delhi,2024-12-13
5536,James Pena,james.3560@example.com,59,Barcelona,2023-02-03
8946,Peggy Burns,peggy.7122@gmail.com,48,Melbourne,2023-12-29
4749,Chase Ross,chase.8021@example.com,24,Paris,2025-06-27
9688,Raymond Kennedy,raymond.7191@yahoo.com,55,Sao Paulo,2025-07-05
1851,Luis Lopez,luis.8843@example.com,32,Hamburg,2024-11-07
5421,Erik Harris,erik.2934@yahoo.com,75,Madrid,2024-10-22
1506,Ryan Mcmahon,ryan.397@hotmail.com,28,Vancouver,2026-07-04
3290,Martha Williams,martha.1756@gmail.com,33,Cairo,2025-01-19
7937,Andre Brown,andre.3735@hotmail.com,71,Manchester,2023-08-29
909,Christopher Fleming,christopher.1585@gmail.com,60,Vancouver,2023-06-17
6186,Samuel Rodgers,samuel.3923@yahoo.com,64,Mexico City,2025-11-23
6841,Tina Rosales,tina.4892@yahoo.com,29,Birmingham,2023-12-08
3503,Patricia Adkins ,patricia.857@hotmail.com,20,Madrid,2022-12-23
6190,Suzanne Hancock,suzanne.4023@hotmail.com,78,Houston,2023-03-26
291,Paul Thompson,paul.1503@yahoo.com,70,Hamburg,2024-03-25
485,Christopher Medina,christopher.9244@gmail.com,21,Melbourne,2024-10-28
6933,Nicole Meyers,  nicole.9777@example.com  ,50,Manchester,2025-01-23
1064,Heidi Matthews,heidi.9020@outlook.com,43,Melbourne,2026-07-28
583,Jesse Clark,jesse.9233@gmail.com,29,Sao Paulo,2024-08-22
571,Matthew Espinoza,matthew.1295@hotmail.com,79,Berlin,2025-11-12
5665,Thomas Allen,thomas.5788@example.com,22,Lyon,2025-08-04
6854,Kristy Ramos,kristy.8909@example.com,19,Cairo,2024-06-28
9840,Christie Knight,christie.1990@outlook.com,26,Toronto,2023-02-23
3040,Jared Howard,jared.8145@example.com,52,Paris,2026-05-18
5566,Richard Long,richard.4347@example.com,49,Dubai,2024-11-11
4596,Laura Lee,laura.1845@gmail.com,64,London,2025-05-16
5450,Emily Parker,emily.5626@outlook.com,28,Mexico City,2024-08-23
3643,Henry Christensen,henry.3626@example.com,74,Chicago,2025-09-27
913,Anthony Randolph,anthony.8774@outlook.com,54,Osaka,2025-03-04
857,Ian Johnson,ian.2138@hotmail.com,63,Chicago,2025-06-13
6925,Stacy Hart,stacy.2495@yahoo.com,26,,2023-06-12
131,Christina Smith,christina.8698@example.com,76,Manchester,2023-04-27
4087,Rachel Yang,rachel.4183@example.com,25,Mexico City,2024-10-07
1043,Kevin Nguyen,kevin.4396@gmail.com,41,Melbourne,2025-02-28
5452,Matthew Morris,matthew.9653@yahoo.com,73,Delhi,2022-11-27
6106,Loretta Romero,loretta.9024@gmail.com,29,Houston,2026-01-03
6618,Andrew Moore,andrew.8919@yahoo.com,35,Madrid,2023-12-20
1764,Eric Russell,eric.1901@gmail.com,28,Hamburg,2023-05-22
1847,Teresa Rowland,teresa.8191@example.com,78,Giza,2026-09-13
7254,Chelsea Kaiser,chelsea.5207@gmail.com,35,Houston,2024-08-07
8220,Natalie Shields,natalie.1891@yahoo.com,24,London,2026-01-21
5090,Jake Holmes,jake.3216@yahoo.com,38,Alexandria,2025-02-22
6658,Brent Lewis,brent.3798@example.com,32,Toronto,2023-07-09
7366,Gerald Bond,gerald.1101@hotmail.com,60,Birmingham,2023-06-26
6394,Randy Wilkerson,randy.7723@gmail.com,53,Mexico City,2026-07-06
8573,David Pugh,david.5916@gmail.com,18,Delhi,2023-03-31
2170,Jamie Smith,jamie.2765@gmail.com,43,Dubai,2026-01-06
6250,Janet Davidson,janet.1423@outlook.com,28,Sao Paulo,2025-06-21
9329,Amanda Garcia,amanda.5195@hotmail.com,36,Sao Paulo,2023-03-19
6176,Jon Ayala,jon.6733@yahoo.com,76,Melbourne,2024-03-16
5521,Angela Bryant,angela.9057@outlook.com,40,Cairo,2022-11-22
2399,Wayne Porter,wayne.4019@example.com,46,Giza,2025-06-14
9547,William Daniels,william.3861@outlook.com,63,Sydney,2024-12-03
8192,Crystal Fox,crystal.9111@yahoo.com,36,Cairo,2025-11-07
8034,Michael Barnett,michael.1913@yahoo.com,28,London,2025-03-12
802,Shannon Green,shannon.2142@yahoo.com,36,Manchester,2025-07-21
3524,Thomas Fisher,thomas.7217@yahoo.com,34,Singapore,2025-05-05
6291,Justin Chandler,justin.3872@gmail.com,49,Mumbai,2023-03-20
5918,Christina Adkins,christina.1222@hotmail.com,19,Osaka,2023-10-13
6779,Ryan Bradley,ryan.7487@gmail.com,72,Chicago,2026-02-03
5687,Jesse Allen,jesse.6259@gmail.com,27,Houston,2025-10-05
410,Kathleen Parker,kathleen.6454@hotmail.com,68,Toronto,20-Oct-2022
2500,Brian Porter,brian.5862@hotmail.com,55,Osaka,2022-11-05
4820,Brittany Macdonald,brittany.1801@yahoo.com,28,Riyadh,2023-04-10
3151,  Aaron Thompson  ,aaron.2722@example.com,42,Houston,2023-07-02
2533,Lee Morton,lee.9623@yahoo.com,-5,Madrid,2024-10-02
2759,Vanessa Flores,vanessa.2793@gmail.com,24,Munich,2023-08-06
5636,Katrina Sosa,katrina.2826@yahoo.com,,Paris,2024-05-24
5205,Katherine Martinez,katherine.6123@hotmail.com,73,Tokyo,2023-05-13
5119,Jared Carter,jared.7365@yahoo.com,57,Los Angeles,2022-10-31
827,Kevin Jackson,kevin.9403@outlook.com,70,Bangalore,2026-01-02
8334,Mr. Bryan Larson,mr..3015@outlook.com,46,Tokyo,2024-06-01
2277,Jeffrey Thompson,jeffrey.130@gmail.com,58,Tokyo,2025-02-02
798,John Byrd,john.6103@outlook.com,80,Bangalore,2026-01-03
2955,Elizabeth Martinez,elizabeth.5619@hotmail.com,64,Paris,2025-09-06
6065,Debra Johnson,debra.9464@gmail.com,59,Cairo,2026-02-06
4732,Shelley Costa,shelley.3086@example.com,74,Sydney,2023-06-16
9250,Stephanie Elliott,stephanie.5457@hotmail.com,47,Hamburg,2024-11-20
600,Zoe Peters,zoe.1746@gmail.com,18,Mexico City,2024-09-01
2069,Jessica Johnson DDS,jessica.6166@outlook.com,47,Alexandria,2023-01-08
5140,Christopher Bautista,christopher.2078@gmail.com,N/A,Bangalore,2024-11-28
3230,Stacey King,stacey.8379@hotmail.com,55,Munich,2024-10-02
51,Sarah Martin,sarah.7680@hotmail.com,62,Berlin,2024-08-26
4211,Alfred Hall,alfred.8819@yahoo.com,38,Melbourne,2025-09-18
6070,Becky Olson,becky.2054@yahoo.com,60,Houston,2023-10-28
6700,Denise Wells,denise.8387@example.com,73,New York,2026-06-30
7854,Jason Martin,jason.1269@example.com,52,Dubai,2026-05-11
5840,Heather Kline,heather.2022@example.com,62,Singapore,2025-02-09
2434,Mary Jackson,mary.2289@example.com,35,Osaka,2025-09-04
1801,Joseph Casey,joseph.4366@yahoo.com,62,Toronto,2023-06-24
7686,Jennifer Carter,jennifer.2613@yahoo.com,64,Madrid,2023-10-28
9826,Becky Mills,becky.2536@hotmail.com,50,Paris,2023-01-02
3938,Ann Martin,ann.4261@example.com,25,Delhi,2024-10-10
8838,Ebony Ball,ebony.9363@example.com,-5,Vancouver,2024-02-06
692,Lauren Moore,lauren.3883@yahoo.com,69,Bangalore,2023-05-15
2766,Kristina Reed,kristina.9842@gmail.com,59,Toronto,2023-07-17
545,Randy Friedman,randy.7693@hotmail.com,76,Houston,2024-04-18
4409,Kenneth Watkins,kenneth.4608@yahoo.com,80,New York,2026-05-28
4729,Jared Juarez,jared.5711@hotmail.com,30,Melbourne,2024-07-04
3769,Bridget Sparks,bridget.9309@gmail.com,54,Sao Paulo,2024-03-03
2146,Sheila Mata,sheila.6365@gmail.com,76,Mexico City,2023-05-16
8058,Craig Graham,craig.7235@hotmail.com,77,Singapore,2023-01-30
2492,Kathleen Moss,kathleen.1683@gmail.com,56,Delhi,2024-02-20
3533,Chelsea Kelley,chelsea.9840@yahoo.com,40,New York,2022-12-12
5173,Jason Harvey,jason.46@hotmail.com,74,London,2022-10-03
3741,Vicki Cunningham,vicki.2933@gmail.com,30,Hamburg,2026-06-10
9464,Micheal Scott,micheal.5294@yahoo.com,56,Birmingham,2024-02-23
6169,Brittany Walker,brittany.5017@example.com,67,Houston,2024-06-20
7026,Miranda Perkins DDS,miranda.6080@hotmail.com,30,Mumbai,2023-07-25
4458,Dennis Chaney,dennis.8317@gmail.com,23,Chicago,2023-12-02
3061,Kenneth Shields,kenneth.217@hotmail.com,25,Los Angeles,2025-03-19
9128,Nicole Parks,nicole.8364@outlook.com,64,Osaka,2023-11-18
7332,John Howard,john.1640@example.com,53,Hamburg,2024-02-29
8683,Alexandria Butler,alexandria.6080@outlook.com,42,Hamburg,2024-03-22
7509,James Garrett,james.9241@gmail.com,,Birmingham,2024-10-28
3658,Christina Watkins,christina.4052@gmail.com,,Bangalore,2025-03-26
5415,Lauren Hooper,lauren.9802@hotmail.com,50,Birmingham,2026-03-31
6871,Sarah Clark,sarah.6670@gmail.com,80,Los Angeles,2025-06-01
6512,Stephanie Castro,stephanie.3355@gmail.com,32,Riyadh,2026-07-27
5232,Pamela Rodgers,pamela.8138@hotmail.com,42,New York,2022-11-14
2695,Christine Park,christine.8204@hotmail.com,49,Berlin,2024-02-05
69,Juan Nelson,juan.8168@outlook.com,66,Alexandria,2025-02-16
4951,David Graham,david.5164@example.com,32,Hamburg,2023-01-07
6066,Lance Brown,lance.6518@example.com,45,Mexico City,12/08/2024
3331,Susan Knight,susan.507@yahoo.com,54,Bangalore,2024-02-08
4685,Christie Nunez,christie.2254@gmail.com,19,Chicago,2022-10-16
4363,Mrs. Tonya Byrd,mrs..6350@example.com,25,Tokyo,2025-03-28
1067,Brian Brown,brian.8167@outlook.com,38,New York,2026-03-23
4704,Jennifer Cannon,jennifer.6775@hotmail.com,78,London,2024-03-22
3944,Joseph Hill,joseph.2033@gmail.com,27,Tokyo,2023-11-29
3084,Charles Garcia,charles.4627@outlook.com,50,Houston,2023-08-24
8473,James Alvarado,james.1446@example.com,22,Singapore,2024-03-24
56,Nicole Brown,nicole.9425@example.com,78,Cairo,2025-01-17
1177,David Moreno,david.1199@hotmail.com,60,Giza,2024-01-17
2373,Brian Perez,brian.4745@gmail.com,51,Los Angeles,2025-03-11
8979,Robert Fox,robert.4015@outlook.com,46,Madrid,2024-02-01
2305,Ashley Stevens,ashley.9127@hotmail.com,75,Los Angeles,2025-02-03
5630,Christine Cox,christine.2043@gmail.com,57,Vancouver,2024-09-23
3913,Ryan Vargas,ryan.7601@hotmail.com,70,Sao Paulo,2025-07-06
5965,Robert Rocha,robert.8287@yahoo.com,18,Tokyo,2025-07-11
7982,Gary Lee,gary.4927@outlook.com,66,London,2024-12-25
8833,John Moore,john.4462@gmail.com,71,Dubai,2026-01-14
8825,Mario Ramirez,mario.2677@example.com,40,Bangalore,2023-07-27
2133,Erin Figueroa,erin.5135@hotmail.com,71,Barcelona,2024-02-26
3816,Mr. Joseph Bush,mr..3025@yahoo.com,72,Houston,2025-01-14
2118,Dylan Tucker,dylan.454@yahoo.com,69,Melbourne,2025-10-02
7226,Mandy Preston,mandy.119@example.com,19,Vancouver,2023-09-10
3116,Joseph Montgomery,joseph.4012@example.com,18,Los Angeles,2023-05-06
5487,Paul Fritz,paul.5316@example.com,50,Munich,2024-05-13
1436,Rebecca Dougherty,rebecca.5286@outlook.com,59,Toronto,2025-12-11
8890,Elizabeth Cook,elizabeth.9318@hotmail.com,23,Melbourne,2024-03-13
4349,Christian Rowe,christian.2503@hotmail.com,73,Mexico City,2023-06-01
2104,Johnathan Miller,johnathan.7093@example.com,38,houston,2024-10-07
7164,Gail Nichols,gail.9068@yahoo.com,20,Vancouver,2024-09-03
9559,Laura Cervantes MD,laura.308@hotmail.com,26,Birmingham,2024-02-21
6858,David Wang,david.9226@gmail.com,19,Sydney,2025-06-10
2377,Jonathan Graves,jonathan.6911@gmail.com,77,Osaka,2024-08-13
2070,Brian Kelley,brian.539@yahoo.com,53,Mumbai,2022-12-22
2123,Madison Perez,madison.4552@example.com,29,Riyadh,2023-03-29
3802,Nancy Bradford,nancy.7127@outlook.com,48,Melbourne,2025-11-13
9455,Tammy Wade,tammy.3799@yahoo.com,61,Mexico City,2024-05-22
6333,Mark Vega,mark.1984@example.com,22,Vancouver,2025-12-03
5571,Allen Johnson,allen.8766@outlook.com,77,Alexandria,2025-12-08
4783,Vanessa Rodriguez,vanessa.6638@hotmail.com,33,Delhi,2022-11-03
1221,Autumn Anderson,autumn.1264@example.com,59,Manchester,2023-07-10
3628,Jason Chase,jason.1842@hotmail.com,44,Hamburg,2024-12-10
3852,Curtis Thomas,curtis.8437@example.com,64,Tokyo,2026-01-27
6131,Kelly Smith,kelly.3464@yahoo.com,77,Bangalore,2025-10-04
1097,Ray Boyd,ray.2186@yahoo.com,44,Dubai,2026-08-21
4890,Steven Rhodes,steven.8059@outlook.com,55,houston,2026-03-24
7852,Jennifer Skinner,jennifer.7294@outlook.com,49,Toronto,2026-03-23
4412,Jason Gomez,jason.7747@outlook.com,48,Chicago,2025-07-04
270,Andrea Decker,andrea.3510@hotmail.com,78,Singapore,2023-01-31
210,Eugene Higgins,eugene.816@gmail.com,35,Hamburg,2025-09-30
5486,Steven Perry,steven.7015@outlook.com,21,Mexico City,2024-07-08
8346,Walter Escobar,walter.2263@hotmail.com,18,Mexico City,2026-01-31
625,Matthew Howard,matthew.6438@hotmail.com,25,Sao Paulo,2022-12-18
4836,Courtney Briggs,courtney.2292@hotmail.com,43,London,2026-04-11
5929,Anthony Vang,anthony.9203@yahoo.com,45,Munich,2022-11-02
5049,Daniel Wood,daniel.3574@hotmail.com,79,New York,2023-07-07
3355,John Davis,john.1323@hotmail.com,32,Alexandria,2026-02-03
4919,Tyler Flores,tyler.7356@yahoo.com,27,Bangalore,2023-09-12
1907,Erika Hayes,erika.3910@example.com,25,Riyadh,2023-09-21
7393,Sarah Howe,sarah.4960@example.com,26,Los Angeles,2023-06-29
8457,Andrea Petty,andrea.2320@hotmail.com,27,Houston,2025-01-09
7318,Curtis Hart,curtis.3369@yahoo.com,68,Munich,2023-12-29
7822,Christopher Taylor,christopher.8207@example.com,66,Bangalore,2025-05-30
6862,Catherine Frank,catherine.1533@gmail.com,31,Madrid,2023-07-08
7532,Lauren Foster,lauren.2677@hotmail.com,32,Mexico City,2022-11-21
5866,Hannah Riggs,hannah.6494@outlook.com,48,Lyon,2025-10-02
8654,Kenneth Wilkins,kenneth.513@outlook.com,26,Paris,2025-04-03
8518,Luke Potter,luke.3779@hotmail.com,62,Mexico City,2023-06-24
6732,Patrick Woods,patrick.4304@hotmail.com,69,New York,2026-01-13
6522,Michael Cross,michael.139@gmail.com,66,Barcelona,2025-05-02
7181,Eric Hunt,eric.7219@yahoo.com,54,Manchester,2023-02-26
2798,Kayla Banks,kayla.9510@gmail.com,72,Sao Paulo,2024-06-04
1715,Mary Meyer,mary.9176@hotmail.com,25,Tokyo,2023-11-23
6307,Judith Hill,judith.9682@hotmail.com,46,Madrid,2026-07-30
9848,Gary Walker,gary.3782@example.com,63,London,2026-07-22
4844,Christopher Bentley,christopher.7101@gmail.com,56,Birmingham,2025-09-26
7166,Marilyn Sanchez,marilyn.9480@gmail.com,31,Barcelona,2024-01-19
1531,Brittany Howell,brittany.5823@hotmail.com,-5,Lyon,2023-02-04
4446,Edwin Green,edwin.159@gmail.com,65,Sydney,2024-01-08
850,Mary Jackson,mary.463@hotmail.com,78,Barcelona,2024-02-21
2603,Nathan Lang,nathan.8616@hotmail.com,76,Barcelona,2023-01-26
6312,Randall Osborne,randall.1166@example.com,73,,2024-06-14
4899,Willie Morrison,willie.6010@hotmail.com,60,Barcelona,2025-10-06
7691,Jill Bond,jill.3735@yahoo.com,51,Manchester,2023-10-20
5236,Gail Arellano,gail.436@gmail.com,55,New York,2024-03-28
3232,Dr. Nathan Ellis MD,dr..8692@hotmail.com,43,Cairo,2025-09-22
6225,Amy Ray,amy.1971@gmail.com,41,Bangalore,2023/12/04
3359,Bradley Marquez,bradley.9782@hotmail.com,29,Barcelona,2024-06-24
4419,William Castaneda,william.4917@outlook.com,76,Los Angeles,2025-03-02
7892,Cynthia White,cynthia.537@hotmail.com,26,Riyadh,2023-09-18
2633,Carla Goodman,carla.783@example.com,59,Mumbai,2023-05-17
6473,Sarah Macdonald,sarah.2829@yahoo.com,27,Osaka,2024-02-24
5037,Caroline Moore,caroline.6365@yahoo.com,70,Lyon,2023-06-12
1,Allison Hill,allison.4398@hotmail.com,72,London,2023-08-09
5159,April Hull,april.3120@outlook.com,78,Sydney,2023-11-20
1444,Grant Lucas,grant.3617@example.com,63,Giza,2024-01-06
8896,Tracy Payne,tracy.3078@hotmail.com,44,Houston,2024-06-12
7053,Kim Mitchell,kim.9810@gmail.com,63,London,2026-03-30
6351,Elizabeth Riggs,elizabeth.9265@hotmail.com,26,Barcelona,2024-06-09
8099,Ashley Anderson,ashley.6777@outlook.com,63,Birmingham,2024-08-12
908,Lindsey Parsons,lindsey.9245@gmail.com,27,Singapore,2026-07-26
9367,Heather Cunningham,heather.9325@gmail.com,79,Barcelona,2024-01-08
7655,Alisha Turner,alisha.1539@hotmail.com,45,Alexandria,2025-11-02
5217,Julie Morris,julie.7630@example.com,71,Delhi,2025-10-26
3875,Robert Hampton,robert.3140@example.com,34,Birmingham,2025-02-25
7110,Cathy Evans,cathy.3721@outlook.com,19,Los Angeles,2026-05-05
938,James Salinas,james.1610@yahoo.com,26,Birmingham,2024-11-22
4969,Cody Conley,cody.4213@outlook.com,28,Osaka,2023-06-12
9030,William Williams,william.6920@yahoo.com,76,Los Angeles,2023-04-29
640,Raymond Mullins,raymond.7053@gmail.com,18,New York,2023-03-30
2652,Leslie Ramirez,leslie.8785@example.com,28,Manchester,2025-12-09
5435,Philip Sheppard,philip.5905@outlook.com,42,Bangalore,2022-11-09
5001,  Rachel Goodwin  ,rachel.8100@example.com,53,Bangalore,2023-01-27
9127,Mr. Jonathan Cochran DVM,mr..9157@outlook.com,51,Lyon,2026-08-13
2284,Jesse James,jesse.5175@example.com,22,Manchester,2023-06-29
281,Kylie Morales,kylie.7685@yahoo.com,41,Mumbai,2023-04-12
1775,Jessica Buck,jessica.3962@example.com,67,Houston,2024-07-07
180,Tiffany Key,tiffany.6241@example.com,51,Birmingham,2025-05-26
7035,Matthew Rogers,matthew.9024@example.com,57,Dubai,2023-09-20
9112,Jessica James,jessica.733@hotmail.com,61,Lyon,2024-11-29
3936,Amanda Johnson,amanda.6658@example.com,48,Tokyo,2026-05-10
8107,Christopher Carlson,christopher.4459@example.com,20,Singapore,2025-04-13
3731,Tony Brooks,tony.6182@outlook.com,63,Paris,2022-12-07
1201,Katherine Nguyen ,katherine.8211@example.com,23,Berlin,2024-07-16
4181,John Phillips,john.9815@hotmail.com,33,Tokyo,2026-08-05
3245,Michael Lewis,michael.5245@yahoo.com,30,Alexandria,2024-04-19
4483,Tami Moore,tami.2285@hotmail.com,42,Tokyo,2025-06-03
4245,Rebecca Dyer,rebecca.9078@yahoo.com,47,Manchester,2023-04-11
9398,Andrea Aguilar,andrea.196@yahoo.com,39,Sydney,2023-01-19
4995,Stephanie Perez,stephanie.9355@hotmail.com,19,Mumbai,2024-04-30
8120,Marco Byrd,marco.780@hotmail.com,59,Osaka,2023-03-22
7106,Bonnie Castaneda,bonnie.9704@hotmail.com,66,Barcelona,2026-04-19
9353,Rachel Chen,rachel.6899@outlook.com,62,Melbourne,2025-09-26
6458,James Fernandez,james.8746@hotmail.com,63,Manchester,2023-08-21
7175,Alan Scott,alan.6555@yahoo.com,46,Osaka,2023-08-26
6997,Logan Robertson,logan.7241@outlook.com,72,Madrid,2023-07-22
4272,Bethany Liu,bethany.6577@yahoo.com,32,Vancouver,2023-09-08
78,Richard Henson,richard.4782@example.com,63,Manchester,2024-05-02
5358,Laura Herrera,laura.2806@yahoo.com,40,Sao Paulo,2026-03-10
1089,Charlene Garcia,charlene.9065@outlook.com,71,Barcelona,2023-10-15
8568,Kristen Fox,kristen.1147@yahoo.com,55,Mexico City,2024-12-29
3880,Steven Murphy MD,steven.8218@gmail.com,56,Berlin,2024-12-10
4784,Ryan Anderson,ryan.4763@yahoo.com,42,Dubai,2024-06-16
4276,Crystal Clayton,crystal.970@hotmail.com,24,Chicago,2024-07-15
1318,Mark Yates,mark.2864@outlook.com,80,New York,2023-12-17
8251,Kara Lewis,kara.2065@hotmail.com,25,Bangalore,2026-04-01
3782,Stephen Morgan,stephen.8027@hotmail.com,55,Vancouver,2025-08-26
3025,Paul Warren,paul.2918@outlook.com,51,Toronto,2022-10-16
699,Paul Wright,paul.4381@example.com,75,Mumbai,2024-07-23
8169,Nicholas Munoz,nicholas.5583@outlook.com,46,Vancouver,2024-09-17
5273,Vicki Garza,vicki.9373@gmail.com,49,Riyadh,2023-04-05
6254,Tammy Hernandez,tammy.9846@yahoo.com,54,Bangalore,2023-01-17
5806,Roger White,roger.7383@hotmail.com,67,Toronto,2025-09-22
5492,Christine Kim ,christine.9640@outlook.com,79,Vancouver,2024-05-27
3602,Christopher Liu,christopher.8535@yahoo.com,71,Hamburg,2025-11-27
8452,James James,james.8213@hotmail.com,26,Toronto,2025-02-16
9832,Margaret Cantu,margaret.1516@hotmail.com,62,Giza,2024-04-01
5598,Steven Martin,steven.3415@example.com,18,Mumbai,2026-05-11
4420,Lisa Hansen,lisa.1819@yahoo.com,79,Riyadh,2024-12-27
8652,Deanna Alexander,deanna.4988@hotmail.com,71,Vancouver,2025-09-28
3812,Kristin Smith,kristin.5459@gmail.com,-5,Giza,2023-12-29
5040,Jillian Tran MD,jillian.4081@example.com,72,Osaka,2025-10-02
4070,Nicole Gordon,nicole.2430@yahoo.com,37,Chicago,2026-03-23
4310,Gary Chavez,gary.9360@example.com,29,Riyadh,2025-01-21
4479,Ricardo Garcia,ricardo.7564@hotmail.com,77,Sydney,2026-05-19
8641,Wendy Nelson,wendy.5777@example.com,19,Manchester,2024-05-30
649,Anthony Hurst,anthony.7461@yahoo.com,51,Paris,2026-07-12
5970,Jacob Cabrera,jacob.5607@outlook.com,35,Mexico City,2024-04-24
2136,Barbara Willis,barbara.3508@hotmail.com,46,Munich,2026-05-11
1347,Barbara Gates,barbara.2374@yahoo.com,58,Sydney,2023-03-25
63,Paul Jones,paul.8118@hotmail.com,60,Mexico City,2024-07-17
6821,April Strong,april.6868@gmail.com,29,Madrid,2025-05-22
7868,Debra Lee,debra.9874@gmail.com,58,Tokyo,2025-05-28
9523,Joseph Mann,joseph.1751@example.com,45,Paris,2025-10-22
9013,Jessica Padilla,jessica.5215@example.com,31,Bangalore,2023-03-23
7707,Derek Rivera,derek.3578@yahoo.com,78,Giza,2025-01-17
4730,Anna Love,anna.5489@example.com,61,Munich,2025-02-16
2098,Pamela Wilson,pamela.6587@yahoo.com,57,Bangalore,2023-11-28
5670,Mark Norris,mark.9656@gmail.com,66,Giza,2024-02-23
4228,John Bennett,john.669@yahoo.com,53,Los Angeles,2026-02-07
2709,Jennifer Johnson,jennifer.1513@outlook.com,43,Delhi,2024-10-04
5601,Sherri Guzman,sherri.4622@yahoo.com,24,Giza,2023-09-12
2937,Mrs. Sara Walker MD,mrs..3792@yahoo.com,39,Munich,2025-08-23
9636,Christopher Cox,christopher.8147@hotmail.com,40,Paris,2024-08-25
8849,Nicole Torres,nicole.7552@outlook.com,58,Singapore,2024-07-10
8276,Rodney Brown,rodney.3530@gmail.com,71,London,2023-11-24
8265,Joel Williams,joel.756@hotmail.com,19,Sao Paulo,2025-03-21
133,Pamela Jackson,pamela.7895@hotmail.com,65,Tokyo,2025-02-20
9820,Donna Ellison,donna.9596@example.com,29,Berlin,2023-10-24
4638,Julia Kelly,julia.1184@hotmail.com,33,Singapore,2023-11-29
3687,Katrina White,katrina.8008@example.com,49,Toronto,2024-12-30
5896,Kelly Williams,kelly.2749@yahoo.com,25,Alexandria,2026-03-15
3719,Anna Pierce,anna.1688@yahoo.com,35,Chicago,2025-01-01
7418,Scott Mitchell,scott.8825@outlook.com,30,Cairo,2023-04-08
1320,Julie Gross,julie.138@gmail.com,61,Houston,2024-05-24
6707,Tracey Jones,tracey.3440@outlook.com,26,Barcelona,2026-01-16
7480,Katie Massey,katie.7596@example.com,67,Dubai,2024-08-12
8198,Sean Baker,sean.9918@gmail.com,32,Vancouver,2022-10-18
4013,Michelle Rodriguez,michelle.2533@hotmail.com,28,Houston,2023-07-25
8402,Lori Martin,lori.5410@yahoo.com,51,Riyadh,2026-04-25
3432,Jennifer Rivera,jennifer.6188@yahoo.com,58,Barcelona,2023-01-13
8067,Kenneth Moore,kenneth.7499@outlook.com,78,Houston,2026-05-29
366,Lance Short,lance.9033@example.com,29,Singapore,2024-11-21
7104,Jacob Wu,jacob.1252@outlook.com,76,Paris,2026-01-26
5094,Dylan Young,dylan.270@gmail.com,24,Barcelona,2024-05-10
6289,Jeremiah Castro,jeremiah.1880@example.com,21,Manchester,2025-01-23
6302,Juan Castillo,juan.1103@hotmail.com,23,Munich,2023-10-14
9319,Anna Scott,anna.9557@gmail.com,23,Sydney,2025-08-08
2088,Shannon Hayden MD,shannon.6922@example.com,50,Osaka,2024-09-29
8359,Kimberly Doyle,kimberly.103@hotmail.com,76,Vancouver,2026-07-10
5982,Cindy Martin,cindy.6092@gmail.com,57,Chicago,2023-02-26
3804,Laura Garcia,laura.9846@hotmail.com,48,Mumbai,2024-04-30
9322,Taylor Wallace,taylor.2727@hotmail.com,73,Chicago,2026-05-27
1569,Ronald Marshall,ronald.7486@gmail.com,74,London,2024-12-12
565,Katherine Johnston,katherine.275@example.com,64,Manchester,2023-09-06
7527,Janice Fuentes,janice.46@outlook.com,57,Munich,2026-01-01
8871,Jessica Thomas,jessica.8434@outlook.com,60,Giza,2024-02-07
911,Beverly Silva,beverly.9663@yahoo.com,53,Alexandria,2023-09-24
2178,Sara Thomas,sara.6260@yahoo.com,45,Tokyo,2026-05-11
4970,Jamie Walker,jamie.6987@yahoo.com,64,Chicago,2023-03-01
5887,Frank Dean,frank.6248@hotmail.com,29,Manchester,2024-08-18
3738,Jamie Roy,jamie.5992@outlook.com,67,Mumbai,2025-05-24
7445,Melissa Torres,melissa.7651@hotmail.com,23,Giza,2025-09-25
58,Cody Larson,cody.2871@outlook.com,51,Riyadh,2025-05-30
5683,Nathan Peterson,nathan.3665@gmail.com,30,Hamburg,2026-06-24
7558,Faith Johnson,faith.9148@hotmail.com,50,Cairo,2024-06-22
2005,Daniel Mullins,daniel.1868@outlook.com,47,Sao Paulo,2025-05-07
8786,William Molina,william.6281@hotmail.com,-5,London,2023-10-19
8760,Alexis Jones,alexis.3400@outlook.com,24,Houston,2022-12-24
6453,Kylie Smith,kylie.7221@yahoo.com,68,Mumbai,2023-08-05
106,Matthew Smith,matthew.1647@outlook.com,28,Delhi,2025-09-18
6708,Christopher Blake,christopher.9906@example.com,34,Osaka,2024-07-06
3666,Kyle Glass,kyle.384@hotmail.com,35,Hamburg,2023-09-09
2923,Matthew Riley,matthew.3875@gmail.com,61,Melbourne,2026-06-13
1913,Sarah Jackson,sarah.8630@gmail.com,48,Delhi,2022-10-13
5176,Dr. Theresa Sandoval,dr..4507@example.com,27,Berlin,2023-04-30
5491,Debra Chapman,debra.4582@example.com,58,Toronto,2022-11-13
1165,Tammy Melton,tammy.2361@hotmail.com,61,Osaka,2025-12-28
3451,,melissa.2587@hotmail.com,22,Madrid,2024-02-23
5545,Patrick Blair,patrick.5959@yahoo.com,68,Barcelona,2025-01-16
7966,Brandi Le,brandi.6176@gmail.com,25,Madrid,2025-10-01
3457,Lauren Higgins,,30,Toronto,2024-06-14
7640,Linda Ward,linda.5741@example.com,31,Birmingham,2025-11-05
8885,Christopher Burch,christopher.7869@outlook.com,63,Berlin,2025-09-10
821,Philip Jackson,philip.6564@hotmail.com,61,Riyadh,2025-10-07
8819,Vanessa Rogers,vanessa.2814@gmail.com,N/A,London,2024-08-17
7827,Matthew Dixon,matthew.3601@yahoo.com,80,Osaka,2024-01-20
8917,Adrian Christian,adrian.9003@example.com,30,Cairo,2024-01-02
6646,Jessica Chapman,jessica.633@outlook.com,27,Sydney,2023-04-19
5916,Austin James,austin.4571@hotmail.com,78,Bangalore,2024-06-04
4517,Meredith Morales,meredith.4359@gmail.com,46,Berlin,2024-06-14
8236,Derek Smith,derek.709@gmail.com,43,Toronto,2026-06-03
2483,Ralph Dominguez,ralph.7241@gmail.com,37,Dubai,2024-06-05
8066,Kim Gould,kim.7780@gmail.com,28,Riyadh,2026-06-18
3915,Patrick Rios,patrick.2911@outlook.com,36,Cairo,2025-12-06
3971,Jeffrey Travis,jeffrey.6224@gmail.com,60,Mexico City,2025-05-08
3707,Courtney Deleon,courtney.2937@yahoo.com,48,Giza,2025-10-25
6714,Jennifer Greene,jennifer.3734@example.com,19,Madrid,2026-03-21
9270,Tiffany Johnson,tiffany.4948@outlook.com,18,Birmingham,2022-12-02
4543,Michael Davis,michael.566@hotmail.com,38,Barcelona,2023-05-10
2016,Laura Smith,laura.1767@gmail.com,68,Mumbai,2022-12-16
236,Tracy Ballard,tracy.2420@yahoo.com,24,Los Angeles,2024-03-04
8094,Shannon Jones,shannon.7537@yahoo.com,65,Sao Paulo,2026-04-27
7456,Paul Anderson,paul.4147@hotmail.com,51,Mumbai,2023-12-31
2598,Evan Myers,evan.7779@yahoo.com,56,Barcelona,2024-06-23
8500,Chelsea Thomas,chelsea.9704@yahoo.com,64,Paris,2023-06-06
2259,Michael Savage,michael.3067@yahoo.com,29,Giza,2024-10-22
8928,Javier Green,javier.1393@hotmail.com,57,Hamburg,2024-09-24
5512,Ronald Hernandez,ronald.4718@yahoo.com,78,Mexico City,2023-01-30
772,Olivia Ayers,olivia.9288@yahoo.com,-5,Chicago,2026-05-30
219,Robert Santana,robert.4187@hotmail.com,38,New York,2025-06-02
1510,Kimberly Beltran,kimberly.1406@gmail.com,65,Alexandria,2023-02-08
9160,Heather Smith,heather.8356@example.com,39,Munich,2022-11-13
7353,Kathy Brown,kathy.4564@yahoo.com,38,Singapore,2024-10-17
7572,Breanna Tucker,breanna.2627@gmail.com,33,Lyon,2025-12-31
4046,Elizabeth Flores,elizabeth.3520@yahoo.com,38,Hamburg,2023-08-05
468,Elizabeth Mendez,elizabeth.6644@outlook.com,50,Toronto,2023-08-03
2390,William Chase,william.7260@hotmail.com,59,Giza,2025-05-07
1075,Madison Elliott,madison.9830@outlook.com,63,Mumbai,2024-10-20
726,Kevin Stark,kevin.8511@outlook.com,18,Cairo,2025-10-22
1634,Mr. Ryan Camacho,mr..583@yahoo.com,48,Los Angeles,2023-03-16
1990,Mary Gray,mary.2676@gmail.com,35,Vancouver,2022-12-09
330,Carol Kim,carol.2957@example.com,36,Toronto,2024-05-09
722,Sierra Vasquez MD,sierra.2712@gmail.com,43,Riyadh,2024-09-02
8713,Allison Cohen,allison.3491@hotmail.com,58,Vancouver,2024-02-02
7996,Ashley Buckley,ashley.980@gmail.com,64,Delhi,2025-09-02
1733,Samantha Ward,samantha.3879@example.com,35,Munich,2023-02-07
4126,Ryan Kaiser,ryan.2380@example.com,65,Sao Paulo,2023-08-11
4614,Andrew Thomas,andrew.6083@example.com,52,Los Angeles,2025-10-27
4033,Karen Ward,karen.754@outlook.com,62,Mexico City,2025-07-01
877,Tracey Carter,tracey.3436@yahoo.com,62,Giza,2024-10-18
6830,Andre Payne,andre.4459@gmail.com,54,Houston,2023-11-14
2325,Jorge Matthews,jorge.8457@hotmail.com,78,Cairo,2023-11-19
723,David Robinson,david.5006@yahoo.com,,Riyadh,2024-10-25
9234,Edward Parks,edward.7209@outlook.com,45,Vancouver,2026-08-12
5731,Beth Mendoza,beth.9064@example.com,32,Toronto,2026-07-27
9125,Daniel Davidson,daniel.1537@outlook.com,39,Riyadh,2024-10-09
2925,Christopher Thomas,christopher.132@outlook.com,48,Birmingham,2022-11-05
4413,Andrew Stevenson,andrew.327@example.com,62,Melbourne,2026-08-11
9301,Thomas Wright,thomas.120@gmail.com,35,Houston,2024-01-18
4523,Dominic Ferguson,dominic.9909@example.com,30,Melbourne,2026-02-11
1341,Morgan Chapman,morgan.6747@gmail.com,40,Tokyo,2023-06-28
6970,Christopher Mendoza,christopher.6692@gmail.com,21,Giza,2025-04-21
7927,Cynthia Michael,cynthia.4914@hotmail.com,68,Berlin,2025-12-16
5746,Brian Cardenas,brian.6556@example.com,62,Lyon,2022-12-05
8330,Aaron Hernandez,aaron.8582@yahoo.com,20,New York,2025-01-11
7770,Michael Dean,michael.5287@hotmail.com,75,Toronto,2024-12-01
2218,Chloe Rodriguez,chloe.1546@hotmail.com,19,Birmingham,2023-01-08
87,William Herrera,william.7317@example.com,48,Vancouver,2026-06-20
5372,Christian Snow,christian.705@gmail.com,45,Manchester,2026-02-26
8960,Alicia Valencia,alicia.2316@outlook.com,53,Barcelona,2024-09-12
663,Meredith Martin,meredith.8020@example.com,79,Riyadh,2026-07-10
7426,Matthew Martinez,matthew.4442@yahoo.com,61,New York,2024-03-09
4052,Caitlin Lopez,caitlin.8393@hotmail.com,19,Barcelona,2023-05-30
7583,Margaret White,margaret.876@outlook.com,49,Alexandria,2022-11-02
1692,Xavier Torres,xavier.6567@example.com,44,London,2023-07-19
9364,William Pope,william.607@hotmail.com,63,Osaka,2023-07-27
7099,Mary Richardson,mary.2548@outlook.com,50,Melbourne,2025-07-01
8935,Wayne Gomez,wayne.1572@outlook.com,49,Mumbai,2025-07-28
8824,Brian Craig,brian.923@yahoo.com,48,Mumbai,2026-07-29
1240,Christopher Lynch DDS,christopher.2167@gmail.com,19,Houston,2026-08-17
6621,Melissa Henderson,melissa.8842@example.com,53,Houston,2026-05-12
7879,Bryan Bond,bryan.6351@example.com,56,Osaka,2024-05-11
2397,Joseph Cooper,joseph.1971@example.com,29,Mexico City,2025-02-27
782,Daniel Holloway,daniel.8451@gmail.com,79,Berlin,2025-09-03
4383,Amanda Flores,amanda.6689@hotmail.com,59,Birmingham,2024-12-25
9477,Jasmine Lopez,jasmine.5983@hotmail.com,69,Cairo,2025-10-16
5585,Marc Hayes,marc.1887@yahoo.com,43,Alexandria,2025-05-26
7325,Carolyn Blair,carolyn.7699@outlook.com,51,Vancouver,2023-11-07
9628,Joyce Todd,joyce.3811@example.com,69,Melbourne,2023-02-25
3897,Christina Smith,christina.3401@example.com,41,Birmingham,2024-05-16
145,Angelica Keith,angelica.7607@hotmail.com,59,Munich,2023-09-08
7934,Kyle Jimenez,kyle.2648@yahoo.com,22,Lyon,2024-01-30
6517,Carrie Roth,carrie.1547@yahoo.com,68,Giza,2024-08-09
4661,Edward Hill,edward.7393@yahoo.com,57,Munich,2026-06-18
7555,Dawn Hampton,dawn.9718@hotmail.com,23,Manchester,2023-09-04
2079,Adam Palmer,adam.462@example.com,20,Los Angeles,2023-05-02
8160,Anthony Ramirez,anthony.2876@outlook.com,65,Birmingham,2025-01-27
4145,Lance Bowers,lance.1360@example.com,29,Berlin,2023-02-05
2569,Nicole Middleton DDS,nicole.3439@outlook.com,32,Lyon,2023-04-11
3671,Benjamin Martinez,benjamin.4660@example.com,50,London,2024-10-24
1171,Lisa Brown,lisa.5634@yahoo.com,44,Osaka,2025-04-30
8011,Dawn Shepherd,dawn.545@gmail.com,29,Houston,2025-06-05
5851,Kristin Morgan,kristin.1391@outlook.com,46,Osaka,2023-07-18
2524,Amanda Love,amanda.4290@gmail.com,19,Melbourne,2022-12-14
1363,Mr. Timothy Howard,mr..4054@hotmail.com,46,Riyadh,2025-06-09
3110,Rachel Miller,rachel.8000@gmail.com,41,Tokyo,2022-09-29
8553,Michelle Estrada,michelle.1403@outlook.com,70,Toronto,2023-07-07
7235,Linda Jones,linda.7883@outlook.com,37,Barcelona,2025-08-06
9825,Alex Kennedy,alex.4972@outlook.com,62,Sao Paulo,2026-09-12
2806,Jack Carter,jack.1574@hotmail.com,80,Paris,2026-06-28
1093,Amy Rowe,amy.9840@example.com,74,Toronto,2022-12-30
4362,Christopher Garcia DDS,christopher.57@example.com,21,Melbourne,2026-07-09
1263,Julia Reeves,julia.9092@outlook.com,34,Birmingham,2024-10-19
4948,Jessica Scott,jessica.1029@outlook.com,71,Osaka,2022-09-29
9587,Stanley Roberts,stanley.2680@hotmail.com,47,Bangalore,2023-05-26
4384,Taylor Keller,taylor.3499@outlook.com,27,Paris,2024-03-08
9182,Catherine Nelson,catherine.6608@outlook.com,51,Dubai,2025-04-03
6146,Jessica Holmes,jessica.7209@outlook.com,47,Vancouver,2022-10-14
9660,Anthony Williams,anthony.7752@example.com,64,Vancouver,2022-09-23
2488,Nathan Hess,nathan.174@outlook.com,42,Hamburg,2023-01-06
6434,Michelle Christensen,michelle.929@yahoo.com,35,Riyadh,2025-04-16
5836,Jennifer Johnson,jennifer.5665@example.com,64,Berlin,2022-11-03
2344,Luke Johnson,luke.2622@gmail.com,19,Osaka,2022-11-25
2742,Howard Smith,howard.6584@yahoo.com,19,Dubai,2024-01-04
9152,Kerry Johnson,kerry.8663@outlook.com,71,Sydney,2024-12-12
745,Angela Jackson,angela.3922@outlook.com,42,New York,2024-03-18
2366,Matthew Chavez,matthew.2365@example.com,26,Paris,2023-10-10
7025,Donald Wilson,donald.717@yahoo.com,23,Chicago,2025-02-24
9768,John Howe,john.9381@hotmail.com,68,Alexandria,2025-07-14
3962,Tanya Foster,tanya.459@yahoo.com,55,Birmingham,2025-02-18
2141,Vanessa Jacobson,vanessa.2375@hotmail.com,48,Delhi,2024-07-03
3586,  Nicholas Ramsey  ,nicholas.1588@yahoo.com,37,Paris,2024-03-05
2938,Kyle Hernandez,kyle.7852@gmail.com,50,Munich,2026-02-24
9357,Crystal Smith,crystal.9191@gmail.com,60,Birmingham,2023-02-19
596,Elizabeth Mendez,elizabeth.9599@outlook.com,23,Singapore,2023-01-18
3278,Kevin Mendoza,kevin.1232@outlook.com,21,Houston,2025-03-03
9352,Danny Craig,danny.9892@hotmail.com,18,Paris,2025-04-10
8855,Michaela Case,michaela.2230@gmail.com,48,Mumbai,2026-07-31
9261,  Sarah Wu  ,sarah.2369@example.com,41,Mexico City,2024-09-11
7447,Johnathan Bentley,johnathan.9705@gmail.com,64,Dubai,2026-03-04
2181,Ashley Jackson,ashley.6694@yahoo.com,19,Birmingham,2023-02-24
7548,Christopher Gonzalez MD,christopher.8758@outlook.com,73,Los Angeles,2026-01-25
7130,Audrey Wilson,audrey.7297@outlook.com,61,Houston,2022-10-24
1564,Kelly Diaz,kelly.7006@outlook.com,67,Alexandria,2023-04-20
9372,Jeffery Reid,jeffery.6124@example.com,54,New York,2023-01-27
5995,Richard Nelson,richard.6770@example.com,53,Barcelona,2025-02-16
8485,Angela Vasquez,angela.3424@hotmail.com,72,Hamburg,2024-01-04
6220,Michael Smith,michael.915@outlook.com,54,Munich,2024-02-18
4697,Vanessa Bray,vanessa.3092@outlook.com,48,Paris,2026-01-28
2338,Susan Mitchell DVM,susan.7245@hotmail.com,74,Sydney,2024-04-27
2280,Whitney Shaffer,whitney.4765@gmail.com,49,Berlin,2023-02-15
1729,Virginia Cunningham,virginia.7445@example.com,45,Madrid,2026-04-15
9513,Heather Estes,heather.9386@hotmail.com,50,,2023-09-26
1102,Christopher Hill,christopher.2174@yahoo.com,50,Madrid,2023-03-10
5739,Gregory Rivers,gregory.8384@hotmail.com,27,Giza,2026-05-07
9519,Megan Clark,megan.6576@outlook.com,22,Manchester,2026-01-08
5079,Karen Acevedo,karen.4131@yahoo.com,66,Mexico City,2023-05-29
151,Anna Walker,anna.2532@outlook.com,59,New York,2025-06-23
8504,Willie Harris,willie.6177@gmail.com,38,Giza,2026-01-09
6611,Michael Garrison,michael.4752@hotmail.com,18,Sydney,2023-12-19
6010,Carl Scott,carl.2481@outlook.com,51,Alexandria,2025-07-30
6581,Laura Warner,laura.8244@gmail.com,40,Barcelona,2025-04-03
317,Maria Jones,maria.8946@hotmail.com,70,Riyadh,2023-02-02
936,Brandon Hubbard,brandon.332@hotmail.com,70,Sydney,2024-06-17
2872,Rachel Vasquez,rachel.6853@outlook.com,29,Hamburg,2025-01-03
7568,Isaac Hall,isaac.4074@example.com,77,Sydney,2024-11-03
2673,Brittany Fitzgerald,brittany.8056@gmail.com,79,Houston,2026-03-12
4284,Keith Solis,keith.2899@outlook.com,63,Tokyo,2023-07-10
2810,Eric Silva,eric.3947@outlook.com,49,Birmingham,2023-10-01
7654,Paula Jordan,paula.1478@outlook.com,49,Sydney,2023-10-06
1651,Max Collier,max.7908@example.com,27,Houston,2024-10-04
5516,Jeffrey Davis Jr.,jeffrey.2070@yahoo.com,56,Los Angeles,2025-07-03
5530,Patrick Davis,patrick.8372@outlook.com,42,Osaka,2025-11-11
9349,Debra Sparks,debra.174@outlook.com,60,Mumbai,2022-09-30
6994,Gwendolyn Wang,gwendolyn.6854@outlook.com,77,Vancouver,2025-12-10
7607,Mark Watson,mark.6676@yahoo.com,33,Toronto,2022-09-24
9094,Billy Kelly,billy.6839@example.com,77,Los Angeles,2025-01-22
605,Philip Carter,philip.431@gmail.com,40,Madrid,2023-10-23
3931,Steven Parker,steven.9884@outlook.com,33,Sydney,2022-12-20
9518,Michael Kennedy,michael.9739@yahoo.com,32,Los Angeles,2026-06-24
7165,Michael Steele,michael.2880@gmail.com,71,Munich,2024-12-01
8604,Robert Bowers,robert.6863@hotmail.com,77,Tokyo,2023-09-16
6492,Walter Delgado,walter.3428@yahoo.com,78,Osaka,2023-05-20
426,Molly Watts,molly.6230@yahoo.com,70,Mumbai,2022-10-25
6197,Angie Garcia DVM,angie.6577@example.com,63,Osaka,2024-09-19
7068,Sarah Chavez,sarah.2212@yahoo.com,74,Berlin,2025-04-15
6592,Felicia Gonzalez,felicia.2663@hotmail.com,38,London,2026-01-07
73,Patrick Arnold,patrick.9976@yahoo.com,63,Chicago,2024-06-02
9431,Christy Whitehead,christy.7932@example.com,48,Berlin,2023-01-27
6759,Kayla Rios,kayla.700@hotmail.com,38,Alexandria,2023-06-26
8332,Mandy Jennings,mandy.497@outlook.com,69,Vancouver,2025-06-04
9230,Jason Cole,jason.7037@hotmail.com,57,Madrid,2026-05-17
5500,Keith Casey,keith.2149@gmail.com,69,Toronto,2024-02-20
9316,Lori Kent,lori.7715@example.com,78,Manchester,2026-05-29
4778,Donna Obrien,donna.8177@example.com,57,Berlin,2024-11-07
7048,Melanie Thompson,melanie.8686@yahoo.com,63,New York,2023-04-08
6861,Peter Humphrey,peter.568@outlook.com,28,Chicago,2025-05-07
4470,Donald Wood,donald.7307@gmail.com,80,Bangalore,2022-12-07
7374,Laura Patel,laura.3870@hotmail.com,44,SINGAPORE,2023-01-14
697,Henry Palmer,henry.4606@example.com,52,Chicago,2025-06-02
7197,Derek Martinez,derek.2724@example.com,59,Birmingham,2023-02-08
3189,Tina Adams,tina.1529@gmail.com,45,Cairo,2024-07-04
5802,Melody Rogers,melody.7068@outlook.com,44,Alexandria,2022-11-19
9212,Karina Patterson,karina.698@yahoo.com,80,Giza,2022-10-17
5798,Leah Henderson,leah.4895@example.com,80,Barcelona,2024-06-20
4845,Beth Ellis,,53,Paris,2026-07-09
1203,Erik Carr,erik.2609@yahoo.com,54,Mexico City,2025-09-05
4357,Courtney Perez,courtney.5203@gmail.com,25,Mumbai,2024-06-01
6075,Dawn Snyder,dawn.3572@yahoo.com,58,Vancouver,2024-05-24
4856,Jamie Hernandez,jamie.8421@gmail.com,60,Singapore,2023-02-25
258,Nichole Alvarez,nichole.4635@outlook.com,44,Singapore,2025-10-27
2861,Jennifer Hernandez,jennifer.8022@gmail.com,51,Vancouver,2023-04-24
2576,Wendy Dennis,wendy.159@outlook.com,69,Mumbai,2023-03-06
5808,Jacob Rodgers,jacob.9972@gmail.com,45,Los Angeles,2022-12-15
6061,Ashley Clark,ashley.3992@hotmail.com,61,Barcelona,2026-01-01
2948,Rodney Duran,rodney.5921@example.com,51,Dubai,2025-12-09
157,Diane Garcia,diane.3110@gmail.com,78,Tokyo,2023-06-27
3544,Nathaniel Floyd,nathaniel.5130@example.com,63,Singapore,2026-03-09
2355,Edward Miller,edward.8515@yahoo.com,24,Toronto,2024-12-10
533,Anna Gray,anna.3121@gmail.com,35,Berlin,2024-12-02
1533,Matthew Henry,matthew.483@example.com,78,Manchester,2023-10-04
5822,Sandra Bowers,sandra.6104@example.com,70,Mexico City,2026-04-28
7437,Tyler Hanson,tyler.1075@outlook.com,28,Berlin,2023-11-11
3091,Charles Walsh,charles.7588@gmail.com,74,Riyadh,2023-05-29
5827,Alexis Gilbert,alexis.7884@outlook.com,53,Los Angeles,2024-03-05
6693,Emily Rush,emily.5778@yahoo.com,48,Madrid,2024-01-29
8596,Benjamin Sanchez,benjamin.1508@hotmail.com,37,Berlin,2024-05-14
3853,Eric Davis,eric.7455@outlook.com,21,Hamburg,2024-03-21
1433,Michael Ramirez,michael.1038@example.com,70,Berlin,2022-12-18
6294,Sandra Rivera,sandra.1176@yahoo.com,67,Berlin,2025-06-19
3896,Matthew Moss,matthew.7972@example.com,40,Giza,2023-06-25
3683,Christina Myers,christina.5103@hotmail.com,71,Los Angeles,2026-04-01
7693,Travis Cruz,travis.4865@outlook.com,60,Giza,2025-02-24
8123,Courtney Tran,courtney.1951@outlook.com,76,Madrid,2025-10-09
4985,Sarah Smith,sarah.8763@yahoo.com,48,Sao Paulo,2022-11-21
3598,Raymond Marshall,raymond.652@example.com,52,Sydney,2023-01-27
5266,Amy Yang DDS,amy.9953@gmail.com,70,Tokyo,2023-04-14
3147,Rickey Hall,rickey.61@outlook.com,78,Melbourne,2022-11-29
7302,Brandi Braun,brandi.1383@example.com,32,London,2023-07-25
3819,Brian Daniel,brian.6132@gmail.com,48,Chicago,2024-03-04
7428,Arthur Cox,arthur.849@gmail.com,42,Riyadh,2026-06-13
3271,Ricky Wagner,ricky.6772@outlook.com,60,New York,2023-02-21
4149,Joann Shepherd,joann.2487@example.com,73,Lyon,2026-03-28
8497,Jeffrey Jackson,jeffrey.6680@outlook.com,41,Los Angeles,2023-10-18
5884,Caroline Pierce,caroline.2254@hotmail.com,42,London,2025-04-10
8178,Michael Myers,michael.1360@hotmail.com,72,Riyadh,2023-11-24
3221,Daniel Herrera,daniel.3243@hotmail.com,79,Berlin,2026-05-16
4430,Larry Woods,larry.7506@gmail.com,39,Madrid,2026-06-14
3871,Stephanie Harris,stephanie.1291@hotmail.com,77,Riyadh,2024-12-07
1589,Shannon Price,shannonATyahoo.com,28,Tokyo,2026-05-08
3656,Brian Davis,brian.6520@outlook.com,20,Chicago,2025-02-09
591,,paul.3804@gmail.com,39,Dubai,2022-12-17
2890,Jaime Wallace,jaime.835@outlook.com,49,Berlin,2025-09-07
6496,Sandra Crane,sandra.2794@yahoo.com,76,Vancouver,2024-03-22
8708,Michael Russo,michael.926@hotmail.com,35,Toronto,2023-04-17
1006,Nicole Griffin,nicole.6285@example.com,55,Birmingham,2025-07-04
4515,Benjamin Glass,benjamin.5270@gmail.com,51,Paris,2026-07-13
8763,Timothy Johnson,timothy.2291@yahoo.com,61,Riyadh,2024-05-30
8431,Miss Rebecca Robinson,miss.1545@outlook.com,75,Singapore,2023-10-28
3638,Kenneth Caldwell,kenneth.6738@outlook.com,69,Hamburg,2025-08-19
5771,Melissa James,melissa.8958@example.com,79,Sao Paulo,2026-02-12
7885,Todd Greene,todd.6780@example.com,68,Bangalore,2023-09-13
5967,Cindy Harrington,cindy.6016@outlook.com,71,Cairo,2026-01-08
225,Natasha Williams,natasha.1276@hotmail.com,54,Munich,2025-02-18
7960,Alexandra Ortega,alexandra.1183@hotmail.com,27,Riyadh,2026-07-24
5168,Andrew Powell,andrew.8047@example.com,76,Singapore,2024-07-25
3698,Jennifer Harper,jennifer.4862@gmail.com,45,Birmingham,2024-12-31
7806,Rachel Bishop,rachel.233@example.com,38,Paris,2024-02-12
9779,Rodney Pruitt,rodney.7370@gmail.com,56,Mexico City,2023-12-20
3502,Robin Lewis,  robin.3678@yahoo.com  ,42,Chicago,2023-06-21
4234,Scott Jones,scott.9032@example.com,30,Munich,2025-08-29
4816,Anthony Brown,anthony.793@outlook.com,27,Tokyo,2023-04-06
6376,Wendy Holmes,wendy.4418@gmail.com,33,Chicago,2023-07-30
6342,Kristine Hudson,kristine.5072@gmail.com,44,Melbourne,2023-02-10
7890,Antonio Edwards,antonio.5575@gmail.com,61,Tokyo,2023-04-05
7362,Ronald Martinez,ronald.1350@example.com,66,Hamburg,2024-10-17
543,William Ramsey,william.5887@hotmail.com,34,Vancouver,2024-09-17
3010,Michael Jones,michael.7872@example.com,75,Hamburg,2025-08-02
1176,Jonathan Ellis,jonathan.8993@outlook.com,59,Madrid,2026-06-01
6430,Rebecca Scott,rebecca.5984@gmail.com,46,Tokyo,2024-06-05
5503,Stanley Cain,stanley.8549@yahoo.com,58,riyadh,2023-11-27
6730,Michael Richards,michael.7404@gmail.com,47,Cairo,2023-06-07
4230,Angel Lewis,angel.3588@yahoo.com,74,London,2024-03-24
7380,Christian Garza,christian.6629@outlook.com,62,Sydney,2023-07-17
9534,Dwayne Cooley,dwayne.6095@hotmail.com,69,New York,2025-01-20
3487,Angela Lucas,angela.4960@hotmail.com,67,Madrid,2026-06-30
8253,Jerry Rodriguez,jerry.6527@example.com,24,Toronto,2025-02-10
6366,Nicole Floyd,nicole.9329@example.com,55,London,2026-01-21
2820,Brett Rivera,brett.2052@gmail.com,38,Giza,2022-12-24
3156,Kerry Pena,kerry.6784@outlook.com,40,Vancouver,2026-08-01
1288,Leslie Mueller,leslie.3188@outlook.com,77,Berlin,2024-06-14
1730,Kim Larson,kim.7374@outlook.com,40,London,2024-02-10
2946,Justin Collins,justin.1828@gmail.com,60,Cairo,2026-05-27
1992,Molly Barron,molly.4779@example.com,58,Sao Paulo,2023-04-07
7570,Douglas Simmons,douglas.8842@gmail.com,61,Houston,2025-06-23
6499,Richard George,richard.1372@yahoo.com,69,Dubai,2023-01-26
8117,Erika Vega,erika.8920@gmail.com,24,Berlin,2024-01-23
4659,Michelle Martin,michelle.5528@yahoo.com,56,Paris,2025-07-11
4395,Cindy Martin,cindy.2140@outlook.com,38,Dubai,2024-09-02
8870,Julia Taylor,julia.5752@gmail.com,25,Mumbai,2026-03-03
5447,Kelly Williamson,kelly.2694@hotmail.com,23,Mumbai,2025-05-30
1082,Justin Foster,justin.3210@yahoo.com,25,Sao Paulo,2023-05-13
9218,Harold Campbell,harold.4257@yahoo.com,78,Dubai,2024-01-05
7604,Marcus Poole,marcus.1204@example.com,54,Toronto,2026-07-03
2008,John Merritt,john.5941@yahoo.com,70,Hamburg,2023-03-15
9479,Brooke Wright,brooke.6952@example.com,51,Riyadh,2025-01-17
8848,Candace Quinn,candace.9919@yahoo.com,62,New York,2024-09-21
4279,Jennifer Stephenson,jennifer.9308@example.com,41,Tokyo,2025-06-14
8412,Devin Brown,devin.7580@gmail.com,43,Osaka,2023-10-04
4616,Ethan Coleman,ethan.9507@outlook.com,41,Hamburg,2023-06-04
816,Kathryn Dillon,kathryn.2849@gmail.com,78,Berlin,2024-03-27
2904,Sharon Guerrero,sharon.6730@gmail.com,76,Paris,2024-03-13
3032,Sheryl Thompson,sheryl.6400@outlook.com,64,Sydney,2023-04-22
8874,Beth Barnes,beth.8110@hotmail.com,30,Dubai,2026-01-06
9154,Kelli Martinez,kelli.2446@example.com,75,Chicago,2024-06-25
7819,Karen Robinson,karen.1863@hotmail.com,22,Lyon,2023-12-29
2728,Tyler Fisher,tyler.1790@yahoo.com,23,Birmingham,2023-05-13
8813,Sheryl Roberts,sheryl.3462@example.com,72,Delhi,2026-03-03
1652,Stephen Alvarez MD,stephen.5573@outlook.com,64,Tokyo,2024-05-27
4385,Nathan Jones,nathan.1781@example.com,59,Hamburg,2024-12-22
2528,Gabriel Watson,gabriel.6101@yahoo.com,78,Lyon,2025-12-31
8931,Lisa Colon,lisa.6426@outlook.com,71,Vancouver,2025-11-04
6746,Daniel Watkins,  daniel.3622@hotmail.com  ,23,Riyadh,2025-06-26
3528,Rebecca Miller,rebeccaATexample.com,59,Alexandria,2023-05-21
2621,Jake Payne,jake.176@hotmail.com,25,Delhi,2023-02-22
800,Jacqueline Holland,jacqueline.2188@outlook.com,22,Barcelona,2025-02-22
7,Gabrielle Davis,gabrielle.9768@hotmail.com,53,Cairo,02-05-2023
9572,Alejandro Jones,alejandroATyahoo.com,66,Hamburg,2026-04-17
7098,Andrea Flores,andrea.4525@outlook.com,44,Manchester,2024-03-26
7925,Rebecca Ross,rebecca.9554@outlook.com,69,Berlin,2025-11-02
7584,Alyssa Powell,alyssa.8284@example.com,53,Paris,2024-10-27
5908,Dennis Thompson,dennis.5232@yahoo.com,59,Mexico City,2024-04-01
4002,Jesse Edwards,jesse.4080@hotmail.com,35,Mumbai,2022-12-20
9309,Karen Davis,karen.181@gmail.com,76,Hamburg,2024-04-18
1821,Alexandra Reyes,alexandra.8571@outlook.com,78,Mumbai,2025-11-21
8122,Randall Taylor,randall.9205@outlook.com,72,Munich,2023-12-11
9060,Robert Fisher,robert.1591@example.com,32,Birmingham,2023-05-03
9285,Karen Bell,karen.7537@example.com,68,Riyadh,2026-08-15
3639,Christopher Sanchez,christopher.6967@outlook.com,34,Sao Paulo,2024-05-22
6245,William Torres,william.3053@hotmail.com,47,Mumbai,2025-11-04
7342,Jeffrey Hull,jeffrey.6369@example.com,34,Hamburg,2023-01-23
4930,Nicole Olson DDS,nicole.5357@outlook.com,60,Toronto,2023-07-30
9411,Travis Spencer,travis.6615@outlook.com,47,Tokyo,2023-04-10
6602,Debra Cuevas,debra.9355@hotmail.com,43,Manchester,2022-12-02
3469,Aaron Webb,aaron.3215@example.com,56,Tokyo,2026-01-03
2044,Bryan Miller,bryan.7794@hotmail.com,29,Cairo,2024-08-31
8643,Nicole Holmes,nicole.7549@hotmail.com,27,Madrid,2024-09-20
4342,Matthew Barrett,matthew.7684@outlook.com,24,New York,2022-11-22
4817,Michelle Patrick,michelle.2168@yahoo.com,73,Dubai,2025-07-14
4188,Rebecca Mccoy,rebecca.8110@yahoo.com,55,Munich,2026-02-09
9744,Dustin Woodard MD,dustin.1156@yahoo.com,73,Hamburg,2026-07-12
7356,James Alexander,james.7815@example.com,22,Manchester,2024-07-19
8466,Aaron Campbell,aaron.9985@outlook.com,51,Tokyo,2026-02-05
9677,Jill Cooper,jill.9955@example.com,31,Munich,2023-08-09
587,Christopher Moore,christopher.9240@yahoo.com,54,Melbourne,2024-12-12
7299,Dylan Morris,dylan.1094@outlook.com,71,Birmingham,2025-07-25
9687,Jeffrey Munoz,jeffrey.1465@example.com,21,Sao Paulo,2026-01-23
7062,Aaron Mcknight,aaron.661@outlook.com,74,Munich,2024-08-22
3549,Richard Bass,richard.3680@example.com,50,Barcelona,2025-09-14
4319,Linda Morris,linda.256@gmail.com,77,Berlin,2026-06-21
9044,Christina Thomas,christina.6657@outlook.com,37,Sao Paulo,2026-05-31
2334,Emily Flores,emily.5140@hotmail.com,18,Melbourne,2023-07-01
7838,Dawn Gonzalez,dawn.2404@outlook.com,70,Vancouver,2023-02-10
62,James Powers,james.1714@yahoo.com,39,Munich,2023-11-29
5863,Jennifer Davis,jennifer.8242@yahoo.com,200,Dubai,2025-10-16
6350,Lonnie Wong,lonnie.7609@outlook.com,23,New York,2025-07-17
1567,Rodney Lucas,rodney.9371@example.com,52,Lyon,2023-09-26
5714,Tamara Santiago,tamara.189@example.com,29,Alexandria,2026-08-10
1331,Patricia Young MD,patricia.2451@outlook.com,69,Cairo,2025-04-05
3695,Alicia Short,alicia.8114@yahoo.com,58,Sydney,2024-09-27
7248,Nicole Sullivan,nicole.3745@gmail.com,18,Barcelona,2024-12-30
7809,Bryan Anderson,bryan.8987@gmail.com,26,Mumbai,2023-03-01
3927,Sean Carey,sean.3921@yahoo.com,48,Sao Paulo,2025-06-12
3776,Amanda Garza,amanda.3131@yahoo.com,37,Alexandria,2025-10-19
3134,Tanner James,tanner.4488@outlook.com,23,Birmingham,2022-11-08
8290,Ryan Williams,ryan.7365@example.com,57,Sydney,2023-01-08
739,Derek Wright,derek.4060@hotmail.com,59,Giza,2022-12-25
6870,Erin Long,erin.7452@hotmail.com,37,London,2022-11-27
4164,Melissa Rush,melissa.2626@yahoo.com,43,Sydney,2023-01-28
6582,Ryan Russell,ryan.6865@example.com,72,Madrid,2026-03-03
1428,Jacob Harvey,jacob.2540@outlook.com,36,Melbourne,2024-03-04
8041,Cory Peters,cory.8389@outlook.com,45,Houston,2025-01-30
4527,Kimberly Kane,kimberly.4628@yahoo.com,68,Berlin,2024-11-18
2446,Maria Bennett,maria.2904@gmail.com,25,Hamburg,2024-08-06
6148,Rachael Ortiz,rachael.8803@yahoo.com,26,Singapore,2025-07-16
1953,Jeremy Wagner,jeremy.7307@hotmail.com,23,Toronto,2025-08-25
2781,Jennifer Fields,jennifer.4864@yahoo.com,49,,2025-03-09
1827,Amy Collins,amy.819@hotmail.com,70,Sydney,2024-06-14
9570,Clayton Curry,clayton.1385@hotmail.com ,77,Melbourne,2023-02-10
8239,Teresa Anderson,teresa.1133@hotmail.com,55,Osaka,10/03/2026
4894,Robert Payne,robert.1650@gmail.com,23,Sydney,2025-05-28
9622,Angela Valdez,angela.8170@gmail.com,69,Barcelona,2022-11-20
902,Natalie Hoffman,natalie.7716@outlook.com,75,Mumbai,2023-08-30
3552,Ana Gibson,ana.9947@outlook.com,60,Lyon,2023-12-03
7538,Katherine Smith,katherine.1412@example.com,66,Mumbai,2023-03-04
9605,Shawn Alvarado,shawn.5682@yahoo.com,50,Paris,2025-06-24
1994,Isabella Montgomery,isabella.3003@gmail.com,56,Singapore,2025-05-06
2588,Kevin Little,kevin.9886@outlook.com,19,Chicago,2024-08-24
717,Amy Davies,amy.2589@outlook.com,47,Cairo,2023-08-03
7333,Anna Frey,anna.324@gmail.com,71,Tokyo,2025-11-21
9174,Laura Maldonado,laura.1426@gmail.com,0,Riyadh,2026-06-02
159,  William Tran  ,william.9784@gmail.com,21,Sydney,2025-07-01
4306,Robert Lamb,robert.9989@outlook.com,37,Paris,2023-09-03
7139,Christian Hodges,christian.3830@yahoo.com,21,Delhi,2026-03-27
4381,Mary Perez,mary.3129@example.com,30,Mexico City,2026-01-08
4875,Brandon Hill,brandon.365@outlook.com,48,Manchester,2026-06-18
9087,Brooke Grimes,brooke.1345@example.com,,Bangalore,2025-06-24
4167,Brad Beard,brad.1156@yahoo.com,79,Mexico City,2025-09-07
6688,Sarah Gray,sarah.8682@yahoo.com,44,Giza,2025-05-05
6042,Melissa Riley,melissa.1819@hotmail.com,31,Tokyo,2023-01-14
9896,Brittany Harris,brittany.4219@gmail.com,56,Delhi,2026-06-13
3523,Elizabeth Woodard,elizabeth.9035@hotmail.com,79,Giza,2025-09-20
6143,Alejandro Davis,alejandro.6486@yahoo.com,18,Mumbai,2024-09-03
9631,Jeffrey Moreno,jeffrey.4088@hotmail.com,75,Cairo,2024-06-03
9371,Shawn Obrien,shawn.870@gmail.com,53,Giza,2026-04-11
7330,Brittany Collins,brittany.4546@outlook.com,69,Giza,2026-05-28
8308,Jerome Briggs,jerome.981@yahoo.com,26,London,2024-08-29
4510,Emily Hall,emily.9377@yahoo.com,63,Barcelona,2023-06-14
7749,Mr. Aaron Ford,mr..4984@outlook.com,37,Chicago,2023-01-06
4599,Ashley Bailey,ashley.9228@outlook.com,22,Bangalore,2026-08-24
9640,Rhonda Watts,rhonda.7055@gmail.com,65,Munich,2025-03-22
3037,Teresa Mcfarland,teresa.6945@outlook.com,62,Munich,2024-11-25
2416,Jason Johnson,jason.4413@gmail.com,38,Hamburg,2024-12-11
265,Kerry Chavez DDS,kerry.1389@hotmail.com,53,Berlin,2023-02-08
1925,Daniel Weaver,daniel.352@hotmail.com,30,Giza,2026-06-19
1197,Samuel Henry,samuel.9038@hotmail.com,52,Osaka,2023-04-05
8250,Stacey Gordon,stacey.4488@gmail.com,47,Delhi,2026-04-11
4428,Joseph Lowe,joseph.5024@hotmail.com,46,Munich,2025-05-04
8318,Wesley Munoz,wesleyATexample.com,23,Birmingham,2026-08-26
4071,Paul Dodson,paul.1654@gmail.com,52,Dubai,2022-11-24
4594,Ryan White,ryan.3354@gmail.com,76,Riyadh,2024-11-06
6343,Joy Brooks,joy.3299@outlook.com,74,Vancouver,2022-12-26
8559,Lauren Turner,lauren.5300@hotmail.com,57,Paris,2022-11-19
3385,Alicia Wagner,alicia.2536@hotmail.com,58,Birmingham,2022-12-09
7902,Anthony Ryan,anthony.6448@example.com,56,Giza,2026-03-20
205,Andrew Shaw MD,andrew.503@gmail.com,65,Lyon,2026-03-10
5611,April Arellano,april.2101@example.com,49,Melbourne,2024-10-16
9734,Kimberly Lee,kimberly.8638@example.com,36,Singapore,2024-05-17
1183,Tyler Salazar,tyler.7384@hotmail.com,57,Mumbai,2025-03-18
1987,Larry Hatfield,larry.9426@gmail.com,72,Manchester,2025-10-03
8684,John Wheeler DDS,john.3028@example.com,57,Giza,2023-10-11
6690,Paula Roberts,paula.8539@example.com,80,Chicago,2026-08-02
4183,Dana Savage,dana.1724@hotmail.com,71,Bangalore,2023-04-26
6964,Philip Baker,philip.5440@gmail.com,53,New York,2024-12-08
8746,Paul Ferguson,paul.1326@gmail.com,74,Singapore,2024-01-14
610,Ronald Potter,ronald.2779@outlook.com,28,Los Angeles,2023-11-25
9478,Lori Vazquez,lori.7859@example.com,73,Mexico City,2026-04-13
8675,Eric Miller,eric.8701@example.com,51,Mexico City,2024-01-05
5078,Gerald Mason,gerald.1756@yahoo.com,75,Birmingham,2024-01-22
4366,Peggy Mendoza,peggy.7806@example.com,59,Berlin,2024-01-03
3167,Paul Barnes,paul.8248@example.com,69,Alexandria,2022-10-22
2490,Dana Carter,dana.5565@gmail.com,47,Lyon,2025-02-18
1323,John Jackson,john.7723@example.com,39,Vancouver,2022-12-01
184,Michael Hodge,michael.3744@outlook.com,39,Melbourne,2024-01-11
1574,Stephanie Russell,stephanie.4685@outlook.com,28,Munich,2024-02-29
8705,Spencer Rogers,spencer.7243@hotmail.com,40,Tokyo,2024-08-04
7678,Kenneth Sanchez,kenneth.9892@outlook.com,31,Sydney,2025-01-22
2748,Jake Thomas,jake.750@hotmail.com,61,Hamburg,2026-08-14
8068,Richard Porter,richard.8963@yahoo.com,38,Manchester,2026-05-08
6712,Brandon Morris,brandon.606@gmail.com,21,Madrid,2024-04-17
901,Ashley Parrish,ashley.1893@hotmail.com,68,Berlin,2025-09-01
2733,Elizabeth Green,elizabeth.119@example.com,68,Alexandria,2025-03-31
8966,Nancy Martinez,nancy.3543@outlook.com,38,Munich,2024-10-28
7411,Melinda Little,melinda.9689@example.com,61,Mexico City,2026-05-15
9509,Eric Ramirez,eric.4519@yahoo.com,70,Alexandria,2024-06-28
5030,Denise Stephenson,denise.9323@gmail.com,58,Sydney,2024-01-17
5108,Ronald Benson,ronald.105@outlook.com,70,Houston,2022-12-11
5893,Laura Ashley,laura.2575@example.com,31,Chicago,2023-04-08
7192,Megan Welch,megan.1932@outlook.com,32,Vancouver,2023-12-20
4494,Linda Gomez,linda.980@hotmail.com,79,New York,2025-01-22
1633,Amanda Kelly,amanda.5537@outlook.com,76,Paris,2025-07-18
1931,Tyler Greene,tyler.5022@yahoo.com,68,Manchester,2026-08-20
3263,Rebecca Summers,rebecca.7139@yahoo.com,999,Giza,2024-04-18
6703,Teresa Baker,teresa.6251@outlook.com,23,Bangalore,2025-03-08
8104,April Brown,april.1719@outlook.com,24,Chicago,2023-04-25
8515,Scott Wright,scott.9062@outlook.com,51,New York,2024-02-22
4000,Michaela Campbell,michaela.7919@example.com,36,Mexico City,2025-02-23
621,Jason Hayes,jason.9884@yahoo.com,48,Toronto,2025-03-30
3333,Jeff Hopkins,jeff.1463@yahoo.com,76,Mexico City,2025-10-13
61,Taylor Harris,taylor.6691@hotmail.com,38,Mumbai,2025-07-29
8607,Scott Carter,scott.4861@example.com,65,Tokyo,2024-11-16
3893,Stephanie Dillon,stephanie.8176@yahoo.com,52,Delhi,2022-10-20
6441,Shannon Cisneros,shannon.9528@gmail.com,23,Hamburg,2024-04-25
7620,Taylor Martinez,taylor.8930@example.com,25,Cairo,2026-05-06
1575,Ann Hahn,ann.4824@example.com,76,Alexandria,2025-08-10
6087,Tracy Frost,tracy.6784@example.com,34,London,2024-05-20
9291,Kathryn Campbell,kathryn.5983@example.com,69,Singapore,2023-07-20
6093,Sherry Franco,sherry.9218@example.com,68,Madrid,2023-08-18
401,,tyler.798@gmail.com,36,Paris,2025-12-05
6992,Melissa West,melissaAToutlook.com,60,Mexico City,2024-11-04
6655,Wyatt Cortez,wyatt.4728@hotmail.com,41,Dubai,2025-05-16
4416,Courtney Harris,courtney.8058@example.com,40,Osaka,2025-06-27
8032,Holly Gonzalez,holly.3153@yahoo.com,59,Chicago,2023-10-09
130,Rachael Pearson,rachael.2166@example.com,74,Vancouver,2025-09-22
4151,Rodney Reed,rodney.5942@example.com,32,Delhi,2023-11-20
3723,Thomas Wilson,thomas.9703@example.com,35,Mexico City,2026-01-31
4544,Ashley Dunn,,74,Lyon,2022-12-09
1376,Thomas Williams,thomas.2234@hotmail.com,36,Paris,07/07/2025
1488,Kimberly Brennan,kimberly.675@hotmail.com,52,Barcelona,2026-01-06
1864,Robert Stewart,robert.1805@hotmail.com,32,New York,2024-03-28
484,Mary Ryan,mary.8654@hotmail.com,22,Sao Paulo,2025-04-28
7309,Shawn Doyle,shawn.611@hotmail.com,43,Manchester,2024-10-21
2117,Gloria Bray,gloria.3908@gmail.com,27,Houston,2025-08-29
5591,John Wade,john.6598@gmail.com,26,Sao Paulo,2026-01-16
8158,Jonathan Williams,jonathan.6661@example.com,34,Melbourne,2022-11-20
2653,Mary Kennedy,mary.1553@example.com,38,Riyadh,2023-05-20
4075,Jillian Carrillo,jillian.4442@yahoo.com,77,Sao Paulo,2025-03-03
282,Amanda Reese,amanda.9346@outlook.com,47,Singapore,2023-07-28
6233,Vicki Thompson,vicki.5595@yahoo.com,32,,2026-05-15
8307,Sarah Clark,sarah.6665@gmail.com,69,Bangalore,2026-05-13
7191,William Roman,william.1426@yahoo.com,75,Barcelona,2023-07-03
8460,Jeffrey Woodard,jeffrey.7921@outlook.com,48,New York,2026-04-20
4373,James Nicholson,james.344@outlook.com,69,Birmingham,2025-03-07
1422,Jennifer Clarke,jennifer.4108@gmail.com,49,Delhi,2024-03-11
5765,Roberto Randall,roberto.4738@hotmail.com,19,Sydney,2026-04-11
7124,Eric Smith,eric.5314@outlook.com,60,CHICAGO,2024-12-03
3341,Robin Riggs,robin.9285@hotmail.com,36,New York,2022-09-21
173,Mary Peck,mary.711@example.com,37,Hamburg,2024-05-30
5433,Pamela Dixon,pamela.3052@yahoo.com,41,Alexandria,2023-03-31
5287,Jonathan Davis,jonathan.4682@example.com,29,Sao Paulo,2024-05-27
6260,Madeline Vasquez,madeline.2856@gmail.com,36,Vancouver,2025-10-01
3006,Michelle Newman,michelle.1370@hotmail.com,27,Mexico City,2024-12-04
6372,David Roman,david.3679@gmail.com,55,Toronto,2026/09/12
6591,Melissa Thompson,melissa.8311@example.com,54,Osaka,2024-08-01
6358,Scott Miranda,scott.5145@example.com,36,Sao Paulo,2025-03-02
1515,Philip Bush,philip.3472@yahoo.com,52,Lyon,2024-12-08
4438,Donald Reynolds,donald.4286@example.com,30,Paris,2023-12-05
805,Melanie Griffith,melanie.3828@gmail.com,78,Houston,2025-05-01
7282,Patricia Hall,patricia.1314@example.com,43,Chicago,2023-04-09
4990,Danny Roach,danny.9607@gmail.com,80,Bangalore,2024-02-08
3585,Antonio Cole,antonio.9636@hotmail.com,78,Singapore,2025-03-08
7386,Jasmine Rodriguez,jasmine.8308@outlook.com,39,Houston,2025-06-21
5002,Amy Deleon,amy.533@hotmail.com,33,Birmingham,2025-09-18
3935,Justin Hammond,justin.1145@gmail.com,65,Alexandria,2025-11-24
6845,Julie Padilla,julie.846@gmail.com,30,Birmingham,2024-12-01
9548,Susan Baker DVM,susan.7555@outlook.com,28,Osaka,2025-01-26
5939,Emily Cooper,emily.7025@yahoo.com,41,Hamburg,2026-04-01
6420,Cody Jackson,cody.5544@yahoo.com,46,Singapore,2023-07-16
6484,Carlos Ortiz,carlos.8333@example.com,55,Sao Paulo,2024-11-25
7520,Sarah Lee,sarah.9972@gmail.com,57,Mexico City,2025-02-21
1033,Mr. Nicolas Salas II,mr..209@gmail.com,76,New York,2023-07-10
2732,John Choi,john.1652@gmail.com,21,Manchester,2024-04-25
7350,Timothy Evans,timothy.53@example.com,39,London,2026-03-18
6667,David Anderson,david.8939@yahoo.com,57,Vancouver,2026-04-18
7559,Diana Camacho,diana.5642@hotmail.com,52,Bangalore,2022-11-03
1003,Jennifer Bowers,jennifer.5280@example.com,30,Cairo,2024-08-21
7658,Brian Burton,brian.4189@hotmail.com,999,Houston,2023-10-25
1565,Michael Evans,michael.9961@outlook.com,64,Toronto,2024-06-14
9588,Ronald Petty,ronald.3872@outlook.com,38,Cairo,2025-03-05
3300,Madison Rodriguez,madison.8677@example.com,49,Lyon,2024-08-09
2001,Charles Meyer,charles.2672@gmail.com,31,Los Angeles,2024-12-30
8271,Diane Wood,dianeATgmail.com,52,Sao Paulo,2024-05-12
3730,Logan Colon,logan.1922@yahoo.com,53,Berlin,2026-01-01
5146,Kyle Kline,kyle.1216@yahoo.com,52,Madrid,2026-02-22
2896,Heather Scott,heather.4995@example.com,70,Osaka,2023-02-27
3737,Christopher Klein,christopher.7134@hotmail.com,29,Cairo,2024-07-04
4529,Ashley Murphy,ashley.3347@yahoo.com,36,Cairo,2024-12-07
4386,Gloria Patterson,gloria.4921@example.com,44,Alexandria,2022-10-11
2272,Gregory Farley,gregory.358@gmail.com,28,Osaka,2026-08-06
3428,Wendy Williams,wendy.1876@gmail.com,72,Bangalore,2025-01-28
1362,April Finley,april.1382@outlook.com,37,London,2025-12-25
2859,Desiree Wood,desiree.1721@gmail.com,29,Lyon,2026-05-28
9493,Lauren Newman,lauren.9461@outlook.com,37,Birmingham,2023-11-13
8911,Carol Le,carol.7858@gmail.com,33,Barcelona,2022-12-31
2561,Jamie Gonzales,jamie.5395@hotmail.com,37,Bangalore,2024-09-29
8854,Jill Ayers DDS,jill.7420@gmail.com,48,Delhi,2026-01-20
6448,Bradley Collins,bradley.8114@hotmail.com,70,Manchester,2026-05-20
3106,Kristine Moore,kristine.5953@hotmail.com,23,Giza,2024-04-26
6391,Susan Collins,susan.5462@outlook.com,73,Vancouver,2024-09-05
25,Tricia Valencia,tricia.2069@outlook.com,24,Tokyo,2022-10-03
6557,Jared Dawson,jared.8749@outlook.com,28,Melbourne,2023-12-10
8929,Michael Acosta,michael.1345@gmail.com,999,Mexico City,2024-12-21
5564,Devon Bentley,devon.6507@gmail.com,53,Houston,2023-11-09
3388,Christopher Rodriguez,christopher.2508@example.com,74,New York,2023-09-14
8185,Gloria Davidson,gloria.967@hotmail.com,80,Sydney,2025-01-20
5073,David Hudson,david.2371@gmail.com,35,Bangalore,2026-09-13
4912,Emily Perez,emily.7414@hotmail.com,78,Lyon,2023-04-20
613,Michael Chen,michael.4522@outlook.com,37,Paris,2023-05-17
1175,Ethan Delacruz,ethan.9295@gmail.com,72,Singapore,2024-11-01
4759,Mary Simpson,mary.3612@example.com,56,Barcelona,2023-06-15
5590,Angela Perez,angela.1463@gmail.com,25,Berlin,2023-10-19
7319,Jennifer Graham,jennifer.1879@gmail.com,59,Sao Paulo,2025-05-11
6552,Monica Young,monica.8675@yahoo.com,53,Delhi,2026-05-28
5692,Taylor Vaughn,taylor.8445@example.com,56,Birmingham,2025-02-09
9727,Jonathan Johnson,jonathan.6046@example.com,54,Bangalore,2024-11-22
4640,Christina Cook,christina.8880@gmail.com,78,Melbourne,2024-08-30
2428,Ashley Smith,ashley.986@outlook.com,35,Dubai,2025-02-15
1798,Kathleen Arnold,kathleen.4106@outlook.com,19,Osaka,2025-05-08
4625,Jennifer Barrett,jennifer.3373@outlook.com,23,Melbourne,2026-06-30
7783,Dale Randall,dale.8394@example.com,57,Paris,2024-07-30
3163,Mr. Phillip Edwards,mr..1626@gmail.com,69,Melbourne,2026-09-15
387,Eric Key,eric.7934@outlook.com,31,Toronto,2025-08-02
9336,Jessica Wilkins,jessica.7027@example.com,37,Singapore,2023-04-22
1598,Martin Mccoy,martin.7240@gmail.com,56,Dubai,2025-11-15
7643,Mary Griffin,mary.6079@yahoo.com,25,Paris,2025-10-24
4565,Teresa Smith, teresa.3487@yahoo.com,52,Cairo,2026-07-09
15,Nicholas Martin,nicholas.5420@hotmail.com,62,Hamburg,2024-03-24
4189,Chad Williams,chad.4355@gmail.com,67,Melbourne,2024-01-17
6920,Emily Leon,emily.8457@example.com,54,Singapore,2023-08-22
843,Timothy Rivera,timothy.8675@hotmail.com,67,Barcelona,2022-09-21
8606,Michael Mejia,michael.4386@example.com,30,Sydney,2024-01-11
960,Kimberly Lutz,kimberly.2168@yahoo.com,56,Sydney,2024-08-06
3885,Stacey Stone,stacey.5213@gmail.com,32,London,2024-09-25
7801,Dale Stewart MD,dale.4403@gmail.com,31,Vancouver,2024-04-09
227,Mark Oliver,mark.6844@hotmail.com,25,Berlin,2025-06-03
2512,Tammy Anderson,tammy.61@yahoo.com,62,London,2022-10-09
5308,Linda Lopez,linda.2850@yahoo.com,37,Madrid,2023-05-16
822,Phillip Miller DDS,phillip.1377@example.com,,Manchester,2025-03-30
5089,Andrea Hopkins,andrea.5848@gmail.com,42,Paris,2026-03-28
1625,Joseph Thomas,joseph.746@hotmail.com,40,Madrid,2023-03-06
4652,Jessica Gray,jessica.6288@example.com,67,New York,2023-05-12
1392,Hannah Smith,hannah.2049@outlook.com,64,Cairo,2023-08-27
6959,Teresa Johnson,teresa.5874@yahoo.com,44,Birmingham,2024-04-04
8919,Virginia Williams,virginia.5575@hotmail.com,26,Madrid,2023-03-12
5385,Gabrielle Hernandez,gabrielle.6980@yahoo.com,73,Melbourne,2023-10-14
2581,Ryan Guerrero,ryan.5411@example.com,58,Sydney,2026-03-22
4078,Dana Carter,dana.6146@gmail.com,46,Tokyo,2025-04-11
9711,Eric Williams,eric.974@gmail.com,19,Barcelona,2024-09-15
6742,Ashley Salas,ashley.9386@yahoo.com,71,New York,2026-01-03
2481,Raymond Shepherd,raymond.547@outlook.com,38,Osaka,2024-11-05
8714,Julie Todd PhD,julie.906@yahoo.com,56,Toronto,2025-06-28
3760,Joseph Beltran,joseph.6001@example.com,18,Mexico City,2023-05-25
895,John Duncan,john.814@outlook.com,54,Madrid,2025-05-18
7674,Brandon Richardson,brandon.98@gmail.com,54,Chicago,2025-11-14
7817,Jason Richards,jason.7720@hotmail.com,52,Munich,2023-06-20
8379,Andrew Edwards,andrew.6243@gmail.com,78,Sydney,2022-12-22
9831,Jill Howell,jill.7851@outlook.com,53,Hamburg,2026-07-01
8499,Jason Jones,jason.8827@hotmail.com,34,Tokyo,2025-02-07
2337,Dominique Schneider,dominique.3361@example.com,57,Sydney,2026-02-18
9616,Melissa Charles,melissa.7515@yahoo.com,21,London,2022-12-20
4577,Stephanie Martin,stephanie.3766@example.com,74,Osaka,2024-01-06
8137,Ashley Yang,ashley.2216@gmail.com,55,Mumbai,2024-02-19
8550,Paul Matthews,paul.7273@example.com,71,Delhi,2023-03-22
9162,Kimberly Johnson,kimberly.6921@outlook.com,76,Munich,2024-11-14
4823,Cheryl Collins,cheryl.8666@outlook.com,61,Singapore,2026-07-07
7844,Marcus Bailey,marcus.8235@example.com,19,Los Angeles,2026-01-28
4954,Joy Clark,joy.9496@hotmail.com,43,Manchester,2022-12-13
7773,Kimberly James,kimberly.8565@outlook.com,38,Toronto,2023-02-22
6734,Jeffrey Gentry,jeffrey.2620@example.com,43,Lyon,2023-10-20
2262,Jason Alvarez,jason.96@outlook.com,25,Cairo,2025-06-19
8331,Daniel Hebert,daniel.1612@hotmail.com,60,Tokyo,2023-09-06
2940,Kiara Brooks,kiara.5752@outlook.com,33,Toronto,2023-02-10
6747,Brian Phillips,brian.8268@example.com,66,Cairo,2026-08-14
2024,Kathleen Padilla,kathleen.2631@example.com,67,Bangalore,2024-03-20
2301,Mark Howard,mark.5534@outlook.com,25,Dubai,2023-09-02
3934,Russell King,russell.2610@yahoo.com,47,Bangalore,2024-06-12
1230,Linda Cobb,linda.643@example.com,27,Alexandria,2023-06-03
768,Thomas Sloan,thomas.481@hotmail.com,69,Munich,2022-12-23
6338,Christopher White,christopher.9196@outlook.com,43,Birmingham,2023-10-01
5062,Steven Roberts,steven.1810@hotmail.com,27,Birmingham,2026-05-16
7415,Cassidy Charles,cassidy.5879@example.com,57,Munich,2025-05-29
1365,Tonya Miller,tonya.2796@gmail.com,20,Mumbai,2024-07-19
8680,Shelly Brown,shelly.757@yahoo.com,53,Chicago,2023-05-03
232,Kiara Mcintyre,kiara.5084@hotmail.com,32,Toronto,2026-01-12
1559,James Weber,james.246@hotmail.com,78,Munich,2024-07-10
4892,Craig Morgan,craig.2702@hotmail.com,28,Dubai,2023-08-14
1839,Clinton Fritz,clinton.6163@yahoo.com,19,Osaka,2024-02-29
9525,Dr. Justin Ritter PhD,dr..454@example.com,26,Vancouver,2026-03-01
4469,Nicole Edwards,nicole.7047@gmail.com,61,Singapore,2026-04-21
7358,Cody Wilson,cody.6727@gmail.com,36,London,2024-01-23
1462,Courtney Walls,courtney.9013@hotmail.com,72,Vancouver,2023-10-28
1583,Jeff Vega,jeff.5310@yahoo.com,63,Bangalore,2026-07-25
9424,Matthew Hall,matthew.8871@gmail.com,40,Berlin,2026-09-05
6743,Calvin Gilmore,calvin.7296@outlook.com,54,Alexandria,2023-03-13
8363,Dr. Tommy Clark,dr..851@outlook.com,19,Houston,2026-02-20
2597,Rachel Brown,rachel.5076@outlook.com,70,Delhi,2025-10-18
4740,John Jensen,john.7936@hotmail.com,77,Barcelona,2023-02-08
2960,Brian Bright,brian.7348@gmail.com,76,Munich,2025-02-14
5701,Michael Williams,michael.8942@gmail.com,33,Vancouver,2025-01-06
9470,Nancy Davis,nancy.7846@hotmail.com,33,New York,2024-09-26
3592,Michelle Stephenson,michelle.5151@gmail.com,40,Birmingham,2024-10-31
6814,Stephen Soto,stephen.7699@outlook.com,59,Bangalore,2024-01-06
9908,Dawn Robinson,dawn.6502@outlook.com,64,Cairo,2024-02-07
3357,Brian Allen,brian.6329@outlook.com,43,Mexico City,2023-12-11
3458,Matthew Bender,matthew.2283@yahoo.com,53,Melbourne,2024-12-01
7661,Gabrielle Rivas,gabrielle.4329@hotmail.com,31,New York,2026-05-28
7772,Krystal Ruiz,krystal.4552@hotmail.com,49,Mumbai,2024-07-04
3835,Micheal Austin,micheal.6975@yahoo.com,36,Birmingham,2023-06-03
7214,Timothy Small,timothy.2749@yahoo.com,40,Giza,2026-04-06
5201,Timothy West,timothy.8657@outlook.com,31,New York,2024-05-05
5766,Kelly Gordon,kelly.9294@outlook.com,43,Tokyo,2023-10-14
7306,Kirk Brooks,,42,Tokyo,2025-01-13
9024,Tina Gutierrez,tina.1111@hotmail.com,63,Chicago,2026-06-21
3023,Sherry Porter,sherry.5468@gmail.com,41,Sao Paulo,2023-06-13
4364,Brandon Trevino,brandon.3679@gmail.com,54,Madrid,2025-05-17
5909,Brenda Miles,brenda.1394@example.com,50,Singapore,2025-01-02
1283,Joel Jackson,joel.6643@example.com,30,Lyon,2025-10-12
953,Patrick Graham,patrick.7776@example.com,53,Vancouver,2026-01-26
5411,Charles James,charles.8878@hotmail.com,68,Madrid,2024-02-27
2796,John Barber,john.3197@example.com,43,New York,2023-11-19
3108,Bianca Velazquez,bianca.4195@outlook.com,59,Sao Paulo,2023-12-22
3052,Amy Bryan,amy.432@outlook.com,41,Alexandria,2026-03-16
7983,Kimberly Nguyen,kimberly.3825@gmail.com,34,Sao Paulo,2025-05-10
8049,Mr. Theodore Cunningham,mr..6286@outlook.com,41,Melbourne,2023-10-08
9886,Corey Taylor,corey.1667@yahoo.com,42,Osaka,2025-04-13
9072,Taylor Banks,taylor.4088@gmail.com,39,Osaka,2023-11-29
2530,Richard Rogers,richard.2143@yahoo.com,30,Madrid,2024-05-05
149,Travis Miller,travis.2223@outlook.com,47,Vancouver,2025-08-04
6422,Eddie Velez,eddie.2187@example.com,27,Dubai,2022-11-23
9337,Bryce Berg,bryce.1634@example.com,67,Osaka,2023-07-14
2208,Jason Rogers,jason.7654@outlook.com,25,Osaka,2025-11-01
6259,Brenda Marsh,brenda.3115@example.com,56,Dubai,2025-03-30
4157,Ryan Harrison,ryan.6568@hotmail.com,42,Osaka,2023-06-03
9652,Janice Hatfield,janice.9714@gmail.com,24,Alexandria,2023-03-29
489,Molly Rodriguez,molly.3366@example.com,49,Giza,2025/12/12
7135,Jason Pacheco,jason.3570@example.com,45,Bangalore,2023-05-05
9533,Joseph Taylor,joseph.1690@hotmail.com,52,Mexico City,2024-09-03
2827,Darren Willis,darren.2949@gmail.com,53,Hamburg,2025-01-13
357,Richard Marshall,richard.1989@yahoo.com,68,Los Angeles,2025-06-28
5658,Donna Peters,donna.8653@hotmail.com,46,Munich,2025-11-28
7056,Ricky Fischer,ricky.8389@gmail.com,67,Dubai,2023-05-19
771,Jennifer Perry,jennifer.8369@hotmail.com,21,Paris,2023-04-21
7079,Marcia Lin,marcia.4886@yahoo.com,42,Giza,2024-04-23
6637,Amber Ross,amber.8697@outlook.com,28,Munich,2024-06-25
1309,Jesus Mccormick,jesus.1965@gmail.com,61,Mexico City,2025-02-16
7506,Walter White,walter.7642@outlook.com,27,Melbourne,2022-10-29
3248,Sherri Mckinney,sherri.2804@example.com,38,Barcelona,2025-08-02
9522,Melissa Martin,melissa.115@gmail.com,41,Alexandria,2026-06-04
7915,Michael Jackson,michael.8163@hotmail.com,46,Delhi,2026-01-17
2632,Angela Garcia DDS,angela.565@example.com,31,Hamburg,2024-03-18
8362,Christopher Mendez,christopher.8516@hotmail.com,62,Riyadh,2023-11-27
2072,Courtney Smith,courtney.2204@hotmail.com,63,Berlin,2024-03-21
8597,Lauren Ramirez,lauren.9791@hotmail.com,75,Munich,2022-10-01
9481,Jordan Knapp,jordan.2957@gmail.com,32,Bangalore,2023-10-28
8526,Dr. Dawn Taylor,dr..1350@yahoo.com,26,Mumbai,2025-07-01
5603,Taylor Turner,taylor.6469@example.com,26,Sao Paulo,2023-10-03
8842,Caleb Potter PhD,caleb.143@outlook.com,56,Berlin,2023-09-24
7735,Steven Ball,steven.5161@hotmail.com,18,Tokyo,2023-03-16
4155,James Schaefer,james.9989@outlook.com,72,Houston,2026-04-21
9690,Joan Dixon,joan.2207@hotmail.com,51,Melbourne,2026-01-22
935,Timothy Rodriguez,timothy.7786@hotmail.com,75,Vancouver,2025-11-09
1359,Mary Adams,mary.7753@example.com,21,Cairo,2025-07-05
5203,Phillip Herman,phillip.669@outlook.com,36,Mexico City,2025-04-11
9279,Megan Pierce,megan.6594@gmail.com,25,Hamburg,2026-07-07
3475,Mark Conner,mark.6025@hotmail.com,30,Toronto,2024-08-10
5762,Craig Mccoy,craig.4562@hotmail.com,49,Los Angeles,2025-05-24
5871,Scott Reynolds,scott.877@example.com,31,Melbourne,2026-06-06
6038,Laura White,laura.2986@outlook.com,75,Toronto,2026-07-09
7562,Lawrence Wright,lawrence.6430@hotmail.com,33,Dubai,2025-02-10
6269,Rick Decker,rick.633@gmail.com,18,Paris,2023-10-04
9452,Penny Holloway,penny.9076@example.com,44,Chicago,2024-07-01
384,Katie Martinez,katie.4950@outlook.com,33,Sydney,2023-07-07
6800,Tracey Bryant MD,tracey.9943@gmail.com,54,Chicago,2024-10-26
7287,Daniel Walls,daniel.4914@outlook.com,29,Madrid,2022-11-05
5563,Tiffany Mcgee,tiffany.1615@yahoo.com,68,Vancouver,2024-11-24
8801,Diane Torres,diane.6705@hotmail.com,44,Vancouver,2025-01-12
4222,Jennifer Patterson,jennifer.1245@yahoo.com,23,Giza,2026-05-14
501,Kara Atkinson,kara.8836@yahoo.com,59,Tokyo,2023-11-30
5885,Michelle Ponce,michelle.597@gmail.com,73,Bangalore,2022-09-17
6953,Amy Hamilton,amy.8411@outlook.com,56,Sao Paulo,2023-04-12
4633,Austin Rogers,austin.5753@outlook.com,62,Singapore,2022-12-02
344,Melissa Taylor,melissa.1260@example.com,26,Lyon,2025-07-13
9253,Jonathan Mathis,jonathan.4300@example.com,48,Los Angeles,2023-08-27
4156,Trevor Stevens,trevor.4562@gmail.com,79,Mexico City,2023-07-22
7236,Nicholas Martinez,nicholas.6090@hotmail.com,28,Giza,2026-08-31
8089,Patricia Lane,patricia.4880@outlook.com,43,Chicago,2023-01-11
5699,Laurie Porter,laurie.6730@gmail.com,71,Chicago,2023-12-02
597,Bruce Torres,bruce.4840@yahoo.com,63,Giza,2023-06-11
5395,Ryan Smith,ryan.8135@yahoo.com,75,Berlin,2023-06-23
5991,Abigail Parsons MD,abigail.4202@gmail.com,74,Lyon,2025-12-08
7229,Kaitlyn Howard,kaitlyn.4415@hotmail.com,23,Chicago,2024-05-01
1405,Timothy Gibson,timothy.6376@hotmail.com,77,Toronto,2024-04-04
9735,Kimberly Hardin,kimberly.4513@outlook.com,58,Dubai,2024-07-16
1305,James Middleton,james.3116@outlook.com,65,Houston,2026-01-26
809,Katie Bruce,katie.5871@yahoo.com,46,Birmingham,2026-01-27
8211,Ashley Short,ashley.8365@gmail.com,77,Riyadh,2025-08-25
6425,Jacqueline Webb,jacqueline.1767@yahoo.com,31,Osaka,2025-04-29
8826,Micheal Martin,micheal.4848@hotmail.com,51,Singapore,2023-02-16
5248,Bryan Wheeler,bryan.4789@yahoo.com,32,Berlin,2024-04-28
7484,Steven Aguilar,steven.2854@yahoo.com,65,Alexandria,2022-11-21
7600,Lisa Mendoza,lisa.4855@outlook.com,64,Delhi,2024-10-07
204,Matthew Hoover,matthew.6567@gmail.com,27,Bangalore,2026-08-19
8582,Sheryl Massey,sheryl.1046@example.com,43,Melbourne,2025-07-20
8988,Cassandra Peterson,cassandra.451@yahoo.com,48,Berlin,2023-03-27
7178,James Henry,james.3419@yahoo.com,44,,2023-01-24
2038,William White,william.5919@hotmail.com,53,Bangalore,2022-12-02
2771,Lawrence Atkinson,lawrence.9703@yahoo.com,65,Mexico City,2023-02-05
3452,Elaine Thornton,elaine.3956@example.com,77,Dubai,2024-04-24
5969,Timothy Sandoval,timothy.1039@outlook.com,32,Sao Paulo,2025-04-23
752,Isaac Patterson,isaac.4296@yahoo.com,20,Sao Paulo,2023-11-21
7592,Thomas Wagner,thomas.9190@gmail.com,39,Chicago,2026-08-17
2487,Rebecca Bradley,rebecca.6736@yahoo.com,73,Dubai,2026-09-03
5554,Richard Wood,richard.1909@yahoo.com,75,Hamburg,2023-09-16
8556,Stephen Meyer,stephen.12@outlook.com,36,Barcelona,2024-09-28
2316,Teresa Adams,teresa.3308@outlook.com,80,Munich,2024-08-20
8852,Samuel Gillespie,samuel.1091@yahoo.com,31,Mexico City,2024-08-18
8316,Kimberly Todd,kimberly.8468@hotmail.com,59,Lyon,2025-09-11
1883,Troy Rivera,troy.9696@yahoo.com,76,Barcelona,2025-03-25
2342,Logan Long,logan.1521@example.com,53,Birmingham,2025-06-30
4748,Jeffrey Watts,jeffrey.4354@gmail.com,80,Munich,2023-07-28
1590,William Scott,william.841@outlook.com,37,Birmingham,2023-01-26
7536,Julie Beck,julie.3219@yahoo.com,22,Paris,2025-09-21
5,Kevin Pacheco,kevin.5326@yahoo.com,49,Houston,2022-09-26
7295,Janice Smith,janice.7265@gmail.com,26,Munich,2026-08-14
6191,William Welch,william.570@yahoo.com,22,Giza,2026-05-16
4424,Benjamin Mosley,benjamin.6845@yahoo.com,41,Tokyo,2025-02-27
1623,Kristin Carpenter,kristin.7617@gmail.com,65,Tokyo,2023-10-02
8941,Michelle Elliott,michelle.273@hotmail.com,68,Munich,2024-01-01
2664,Monica Lewis,monica.622@yahoo.com,77,Bangalore,2024-12-12
7094,Kimberly Bolton,kimberly.4016@yahoo.com,60,Tokyo,2022-11-11
5237,Michelle Clark,michelle.5482@outlook.com,25,Madrid,2023-07-11
2185,Brittany Contreras,brittany.2183@hotmail.com,80,Delhi,2023-12-01
277,Renee Bruce,renee.2713@outlook.com,20,Munich,2026-08-10
8337,Mark Ross,mark.5177@hotmail.com,32,Mexico City,2025-01-04
5227,Anthony Smith,anthony.3255@yahoo.com,55,Giza,2023-09-11
8815,Jordan Murphy,jordan.878@outlook.com,51,Mexico City,2025-08-14
9201,Justin Wagner,justin.6830@gmail.com,40,London,2025-11-04
549,Angela Moore,angela.9569@example.com,64,Munich,2025-07-22
4940,Jason Taylor,jason.2422@hotmail.com,61,Mumbai,2025-02-15
2429,Brent Harris,brent.4111@outlook.com,40,Melbourne,2024-08-09
1743,Amanda Hernandez,amanda.5629@example.com,67,Cairo,2024-03-12
7978,Maria Tyler,maria.3413@hotmail.com,67,Birmingham,2026-01-09
249,Colton Martinez,colton.6300@outlook.com,55,Madrid,2026-02-06
3386,Anthony Moore,anthony.106@outlook.com,57,Delhi,2023-03-29
5026,Mark Gallegos,mark.5917@outlook.com,52,New York,2023-07-03
7603,Mrs. Tiffany Patterson,mrs..1041@hotmail.com,42,Bangalore,2025-09-08
2540,Derrick Huff,derrick.7607@yahoo.com,38,Delhi,2023-11-19
6115,Rachel Torres,rachel.5128@example.com,65,Hamburg,2023-10-31
9385,Chelsea Harris,chelsea.9888@yahoo.com,30,Singapore,2025-04-24
1344,Jeremy Robinson,jeremy.4664@hotmail.com,38,Mumbai,2023/11/04
1663,Bradley Mcdowell,bradley.3155@hotmail.com,35,Madrid,2023-11-25
7210,Paul Patterson,paul.4245@example.com,54,Sao Paulo,2024-01-11
6776,Greg Kramer,greg.4033@outlook.com,79,Mumbai,2024-11-04
3603,Anthony Garrison,anthony.4833@gmail.com,63,Delhi,2024-11-19
3839,David Holland,david.1354@hotmail.com,61,Bangalore,2023-08-22
7537,Thomas Wallace,thomas.5729@gmail.com,32,Munich,2023-06-29
8091,Peter Jones Jr.,peter.9473@yahoo.com,42,Melbourne,2025-03-22
3075,Timothy Wang,timothy.1777@gmail.com,22,Vancouver,2023-06-20
9348,Philip Hall,philip.7912@gmail.com,64,Barcelona,2026-06-30
9516,Mark Henry,mark.172@outlook.com,21,Sydney,2026-07-05
4925,Christian Buchanan,christian.5968@yahoo.com,43,Houston,2024-06-13
5462,Jonathan Stanley,jonathan.1966@example.com,70,Barcelona,2026-03-09
6071,Lindsey Moore,lindsey.9344@hotmail.com,37,Barcelona,2026-05-09
2589,Catherine Evans,catherine.3261@gmail.com,76,Mexico City,2023-08-21
2867,Joel Cook,joel.6598@outlook.com,55,Los Angeles,2025-06-03
1066,Teresa Haynes,teresa.9389@outlook.com,23,Tokyo,2023-01-11
4981,Kristen Torres,kristen.3102@example.com,78,Manchester,2026-08-14
6057,Kyle Lynch,kyle.4657@gmail.com,22,Madrid,2023-08-01
8096,Kristin Jones,kristin.4925@gmail.com,31,Berlin,2024-07-10
7699,Zachary Stone,zachary.944@outlook.com,38,Munich,2026-07-18
2845,Tyler Zavala,tyler.2676@outlook.com,47,Giza,2025-04-28
1555,Patrick Davis,patrick.9908@outlook.com,63,Riyadh,2026-02-01
4767,Kevin Campos,kevin.7529@example.com,28,Osaka,2023-04-12
8222,Ricardo Solis,ricardo.3925@outlook.com,56,Barcelona,2025-04-04
2460,Christina Patrick,christina.4495@yahoo.com,72,Mumbai,2026-04-14
5804,Lisa Clark,lisa.236@hotmail.com,38,Munich,2025-12-20
7926,Jonathan Bush,jonathan.393@outlook.com,76,Houston,2024-05-14
2501,James Wilcox,james.8867@yahoo.com,27,Paris,2023-01-18
4924,Robin Murray,robin.3437@outlook.com,59,Alexandria,2023-08-14
3998,Lauren Trevino,lauren.7476@gmail.com,34,singapore,2025-05-06
7047,Angela Conrad,angela.7169@hotmail.com,32,Toronto,2023-05-16
2433,Jessica Fields,jessica.1470@outlook.com,62,New York,2023-06-14
8507,Jessica Ortega,jessica.2347@outlook.com,74,New York,2025-06-02
4588,Kevin Stokes,kevin.9308@yahoo.com,24,Alexandria,2023-02-20
6733,Zachary Robinson,zachary.4357@yahoo.com,45,Paris,2024-12-24
6876,David Joseph,david.2326@gmail.com,55,Manchester,2026-04-18
8351,Kyle Mckinney,kyle.3792@hotmail.com,62,Cairo,2023-06-03
5850,Paul Tyler,paul.8049@example.com,64,Melbourne,2023-12-27
5587,Amanda Blanchard,amanda.2579@gmail.com,73,Mumbai,2023-02-20
1552,Lucas Cox,lucas.3784@example.com,32,London,2024-06-14
7942,Brenda Miller,brenda.9691@yahoo.com,52,Berlin,2022-12-18
4976,Michael Esparza,michael.1858@outlook.com,39,New York,2024-09-06
1667,Joseph Smith,joseph.9169@example.com,24,Houston,2023-03-06
4502,Joshua Gonzalez,joshua.5589@hotmail.com,69,Delhi,2026-08-13
2082,Michelle White,michelle.5592@outlook.com,24,Munich,2026-08-27
7194,Willie York,willie.9228@outlook.com,21,Los Angeles,2023-01-30
6361,Jonathan Morales,jonathan.5713@hotmail.com,44,Mumbai,2023-02-15
1965,Tammy Fitzgerald,tammy.1436@yahoo.com,64,,2023-09-06
5742,Jeffery Martin,jeffery.2619@hotmail.com,55,Singapore,2025-12-19
7107,Timothy Dunlap,timothy.8156@example.com,24,Toronto,2026-04-15
8734,Kimberly Thompson,kimberly.1409@outlook.com,33,Bangalore,2025-02-06
3283,John Bullock,john.5109@outlook.com,59,Los Angeles,2024-08-10
3130,David Parker,david.5923@outlook.com,80,Paris,2024-07-03
8050,Amanda Simmons,amanda.5448@example.com,72,Giza,2025-12-08
4835,Jacqueline Jimenez,jacqueline.2412@outlook.com,73,Barcelona,2024-06-05
3437,Leah Sullivan,leah.1577@yahoo.com,20,Sydney,2026-02-09
7167,Sara Vasquez,sara.2936@yahoo.com,19,Osaka,2023-04-12
2314,Jorge Hernandez,jorge.1627@yahoo.com,59,Vancouver,2026-03-06
1846,Elizabeth Allen,elizabeth.617@example.com,29,Delhi,2025-12-12
9312,Eric Williams,eric.2513@outlook.com,70,Cairo,2024-08-04
815,Lauren Blackburn,lauren.803@hotmail.com,34,Melbourne,2022-12-30
7679,Aaron Caldwell,aaron.2184@yahoo.com,54,Tokyo,2023-08-28
5574,,john.1344@example.com,72,Sydney,2025-07-22
2412,Elizabeth Miller,elizabeth.5312@hotmail.com,42,Mexico City,2024-12-22
1819,Kristin Phillips,kristin.919@hotmail.com,68,Bangalore,2024-03-27
519,Katherine Jackson,katherine.2348@example.com,32,Munich,2025-11-21
9877,Teresa Davis,teresa.2549@yahoo.com,44,Manchester,2024-11-01
5004,Bailey Sanchez,bailey.1747@gmail.com,78,Birmingham,2024-09-11
9686,Amanda Hill,amanda.3396@hotmail.com,33,Sao Paulo,2026-08-15
2442,Kathy Bailey,kathy.6770@example.com,75,Delhi,2025-07-14
9719,Michael Foster,michael.8551@example.com,69,Berlin,2023-02-16
9673,Bailey Hanson,bailey.8451@yahoo.com,64,Bangalore,2026-06-03
9151,Melissa Knight,melissa.8472@outlook.com,70,Riyadh,2026-01-09
6429,Ronald Martin,ronald.2013@outlook.com,68,Hamburg,2026-02-02
4256,Michael Davis,michael.4992@hotmail.com,32,Barcelona,2024-12-07
1491,Jacqueline Washington,jacqueline.6437@outlook.com,66,Dubai,2024-01-27
2816,Donald Strickland,donald.8352@yahoo.com,19,Barcelona,2025-11-13
6133,Timothy Odom,timothy.5897@example.com,56,Delhi,2025-09-01
2749,Sonia Reyes,sonia.3827@example.com,49,Berlin,2026-08-19
3649,Monica Richardson,monica.9059@gmail.com,59,Alexandria,2024-12-07
6593,Annette Walker,annette.9869@hotmail.com ,60,Munich,2022-10-15
1470,Steven Taylor,steven.4946@gmail.com,37,London,2025-01-21
1966,Robert Mccoy,robert.6810@outlook.com,36,Chicago,2025-06-01
7413,Mrs. Briana Montgomery,mrs..3890@hotmail.com,37,Mumbai,2022-10-10
5277,Gregory Lewis,gregory.661@gmail.com,33,Birmingham,2026-04-03
9197,Cameron Powell,cameron.1180@hotmail.com,73,London,2024-09-17
7239,Amy Ray,amy.7343@hotmail.com,,Sydney,2024-02-29
4810,David Mason,david.9068@hotmail.com,64,Chicago,2025-09-30
8863,Steven Ortiz,steven.237@gmail.com,75,Madrid,2024-04-18
8385,Jo Keller,jo.9213@hotmail.com,76,Munich,2022-10-23
1000,Melissa Stewart,melissa.6610@outlook.com,79,Paris,2024-02-28
3445,Kevin Mcneil,kevin.1162@example.com,23,Los Angeles,2025-03-02
2570,Ryan Fischer,ryan.9618@example.com,66,Hamburg,2022-10-26
5471,Daniel Carter,daniel.3514@outlook.com,48,Bangalore,2024-03-31
918,Daniel Goodwin,daniel.2833@yahoo.com,80,Houston,2024-10-31
3596,Jill Stewart,jill.3796@hotmail.com,999,New York,2025-02-18
3553,Curtis Shields,curtis.8526@outlook.com,38,Manchester,2026-01-25
4645,Andrea Bauer,andrea.6603@gmail.com,62,Dubai,2024-08-18
1654,Andrew Peterson,andrew.2348@gmail.com,70,Mexico City,2024-07-25
2847,Scott Torres,scott.2347@example.com,31,Giza,2023-04-16
2563,Justin Merritt,justin.2259@example.com,76,Manchester,2025-01-11
3929,Caleb Jensen,caleb.1062@gmail.com,31,Barcelona,2026-05-05
1159,Ricardo Morris,ricardo.1190@hotmail.com,77,Lyon,2026-05-29
8879,Michael Pitts,michael.915@example.com,76,Melbourne,2024-08-05
2812,Carolyn Cooper,carolyn.6151@gmail.com,67,Hamburg,2023-05-02
6419,David Adams,david.9987@hotmail.com,45,Berlin,2022-12-13
7502,David White,david.8649@yahoo.com,80,Singapore,2023-09-20
7869,Ian Lara,ian.5468@gmail.com,53,Osaka,2023-04-10
1170,Amanda Jackson,amanda.4993@yahoo.com,N/A,Bangalore,2023-11-05
6912,Nicholas Floyd,nicholas.160@yahoo.com,22,Chicago,2026-01-30
4290,Phillip Scott,phillip.1634@outlook.com,30,Dubai,2025-05-02
5952,Hunter Campos,hunter.2261@outlook.com,36,Berlin,2023-08-04
6514,Kaitlyn Warren,kaitlyn.9403@example.com,72,Tokyo,2024-08-24
7465,Samantha Love,samantha.964@yahoo.com,57,Berlin,2024-04-08
5506,Arthur Bowen,arthur.6277@outlook.com,55,Dubai,2023-07-18
7219,Nicholas Obrien,nicholas.548@yahoo.com,72,Berlin,2025-08-01
9500,Jeremy Roman,jeremy.2459@gmail.com,27,Mumbai,2024-06-09
6069,Cynthia Harper,cynthia.3959@outlook.com,50,Manchester,2025-01-20
6967,Kristie Green,kristie.6514@gmail.com,74,Alexandria,2022-10-15
2663,Alexander Diaz,alexander.4860@yahoo.com,999,Berlin,2024-07-28
8678,Katherine Watkins,katherine.937@yahoo.com,41,Dubai,2026-08-29
7323,Connie Paul,connie.4523@hotmail.com,25,Sao Paulo,2023-05-20
6100,Gregory Kline,gregory.2318@outlook.com,41,Vancouver,2023-01-27
1398,Geoffrey Trujillo,geoffrey.6430@gmail.com,52,Paris,2025-09-29
2952,Terry Hernandez,terry.9861@gmail.com,20,Barcelona,2024-06-25
9521,Zachary Roach,zachary.1634@example.com,58,Hamburg,2026-07-08
4039,Mr. Kristopher Curtis,mr..6780@yahoo.com,73,Los Angeles,2023-11-30
4595,Joseph Carrillo,joseph.498@outlook.com,29,Cairo,2022-09-17
8936,Olivia Myers,olivia.4793@hotmail.com,N/A,Osaka,2024-09-03
3363,Sara Obrien,sara.4998@gmail.com,37,Barcelona,2024-03-14
5718,Erica Kelley,erica.6231@example.com,23,Birmingham,2024-05-03
8595,Matthew Mays,matthew.5352@outlook.com,74,Sydney,2023-12-04
3453,Cynthia Rollins,cynthia.8193@hotmail.com,43,Dubai,2023-12-12
7859,Tamara Solis,tamara.4957@hotmail.com,50,Dubai,2026-05-31
8762,Christopher Stanley,christopher.4694@gmail.com,28,Bangalore,2022-10-24
1402,Erika Maxwell,erika.7258@yahoo.com,65,Alexandria,2024-01-06
2106,Courtney Foster,courtney.8972@yahoo.com,74,Cairo,2023-11-28
8608,Henry Lloyd,henry.3747@hotmail.com,59,Madrid,2025-02-08
6505,Eric Thomas,eric.9529@outlook.com,32,Munich,2025-12-01
1409,Stephen Munoz,stephen.854@yahoo.com,80,New York,2025-11-13
9331,Marie Gibson,marie.8722@hotmail.com,23,Houston,2022-10-30
1245,Erica Smith,erica.1527@outlook.com,60,Los Angeles,2025-06-15
9767,Derrick Spencer,derrick.8231@hotmail.com,44,Cairo,2024-12-12
3967,David Thompson,david.9620@example.com,38,Lyon,2023-12-31
6803,Caitlyn Clark,caitlyn.4418@hotmail.com,66,Mexico City,2025-11-23
6991,Jeff Walton,jeff.5208@gmail.com,65,Mumbai,2025-09-04
622,Anna Robertson,anna.2911@outlook.com,79,Toronto,2023-10-28
3910,Duane Clarke,duane.4570@hotmail.com,67,Vancouver,2025-06-10
5481,Alexander Davies,alexander.9914@yahoo.com,66,Paris,2025-01-28
9601,Yesenia Lawson,yesenia.3681@example.com,30,Birmingham,2024-05-18
3514,Christian Morgan,christian.6466@gmail.com,57,Manchester,2024-05-10
7563,Patrick Williams,patrick.1917@outlook.com,21,Riyadh,2026-05-21
2166,Nicholas Holland Jr.,nicholas.2981@outlook.com,74,Berlin,2023-05-13
1278,Tamara Mcdonald,tamara.551@example.com,50,Lyon,2024-07-13
5283,Brittany Fisher,brittany.875@gmail.com,60,Vancouver,2026-05-25
938,James Salinas,james.1610@yahoo.com,26,Birmingham,2024-11-22
5163,Todd Frazier,todd.5790@hotmail.com,42,Mumbai,2026-08-05
4042,Natalie Hawkins,natalie.4272@example.com,51,Melbourne,2024-06-13
1540,Scott Hunter,scott.2159@yahoo.com,59,Los Angeles,2024-04-10
9498,Charles Rodriguez,charles.678@yahoo.com,51,Paris,2023-02-09
2299,Alyssa Zimmerman,alyssa.5850@yahoo.com,29,Melbourne,2026-05-23
9764,Brenda Howard,brenda.3793@yahoo.com,,Riyadh,2026-03-27
9076,Dr. Molly Williams DDS,dr..5035@hotmail.com,18,,2026-06-13
4145,Lance Bowers,lance.1360@example.com,29,Berlin,2023-02-05
7027,Sydney Vazquez DVM,sydney.4571@gmail.com,69,Bangalore,2024-06-13
6775,Andrea Duncan,andrea.1896@gmail.com,42,Birmingham,2023-08-16
112,Natasha Wells,natasha.3946@outlook.com,76,Barcelona,2023-09-30
1236,Victoria Webb,victoriaATexample.com,68,Barcelona,2025-06-19
4396,Mr. Lance Townsend,mr..8694@gmail.com,61,New York,2023-03-28
673,Natalie Barnes,natalie.8805@yahoo.com,53,Chicago,2023-12-31
1659,Billy Williams,billy.5461@outlook.com,74,Alexandria,2023-02-21
2994,Joshua Contreras,joshua.7110@hotmail.com,27,Osaka,2023-10-22
3706,Stephanie Rodriguez,stephanie.7764@gmail.com,38,Munich,2026-01-25
2498,Christine Watson,christine.992@yahoo.com,37,Barcelona,2025-12-22
3162,Ryan Hayes,ryan.7168@hotmail.com,62,Dubai,2025-09-05
8314,Elizabeth Daniel,elizabeth.9598@yahoo.com,22,Tokyo,2024-04-03
6731,Veronica Lewis,veronica.5377@example.com,51,Birmingham,2024-04-02
3932,Michael Bolton,michael.2898@outlook.com,50,Riyadh,2024-03-13
7387,Vicki Stein,vicki.8232@hotmail.com,61,Dubai,2025-11-12
2846,Penny Adams,penny.4165@outlook.com,78,Delhi,2026-06-10
7714,Danny Owens,danny.8249@hotmail.com,26,Riyadh,2024-03-07
3800,James Taylor,james.3051@gmail.com,46,Sydney,2026-01-06
6171,Daniel Martinez,daniel.140@hotmail.com,59,Dubai,2024-06-30
3292,Dylan Rivera,dylan.7803@example.com,46,Vancouver,2023-02-24
5377,Jodi Mullen,jodi.8187@example.com,28,Sao Paulo,2024-05-05
4918,Mr. Wyatt Henry PhD,mr..9629@gmail.com,27,New York,2025-01-18
5463,Tony Diaz,tony.1221@gmail.com,76,Paris,2025-07-15
3997,Felicia Bennett,felicia.3192@example.com,69,Riyadh,2023-02-20
5753,Taylor Lyons,taylor.3514@gmail.com,55,Osaka,2025-08-18
6570,Jennifer Pruitt,jennifer.9975@yahoo.com,24,Mumbai,2023-09-29
4982,Deborah Curry,deborah.299@example.com,69,Sydney,2025-01-20
8620,Joshua Richard,joshua.5007@hotmail.com,69,Alexandria,2024-01-31
8153,Amanda Winters,amanda.2487@gmail.com,40,Birmingham,2023-10-14
4283,Samantha Jones,samantha.2535@example.com,41,Barcelona,2024-04-04
4926,Wanda Ingram,wanda.5654@gmail.com,21,Alexandria,2024-05-26
1242,Rebecca Duarte,rebecca.2451@example.com,24,Chicago,2024-05-13
9397,Nathan Garcia,nathan.9551@outlook.com,54,Barcelona,2026-07-21
7327,James Robles,james.519@outlook.com,72,Delhi,2025-01-11
4244,Troy Allen,troy.9898@yahoo.com,64,Vancouver,2025-05-24
305,Madison Weber,madison.8190@example.com,52,Cairo,2026-03-02
1551,Gabriella Shaw,gabriella.4373@example.com,54,Dubai,2025-10-08
1308,William Miller,william.4092@example.com,,Los Angeles,2025-04-12
3228,Sandra Craig,sandra.9293@hotmail.com,41,Osaka,2026-04-04
4423,,tammy.8106@gmail.com,57,Osaka,2023-12-10
2132,Brent Smith,brent.1479@yahoo.com,56,New York,2024-12-01
2216,Rose Mcdonald,rose.8619@example.com,29,Munich,2023-12-18
34,Angelica Tucker,angelica.9934@example.com,68,Dubai,2022-12-27
9846,Carol Mcfarland,carol.1666@hotmail.com,60,Riyadh,2024-06-30
293,Scott Williams,scott.6496@example.com,41,London,2022-10-14
7667,Olivia Williams,olivia.7040@hotmail.com,42,Osaka,2023-07-07
9415,Rachel Brock,rachel.3821@gmail.com,58,Singapore,2024-11-14
9919,Robin Davidson,robin.7856@yahoo.com,43,Mexico City,2024-07-04
318,Diane Cummings,diane.2869@outlook.com,80,Delhi,2025-05-03
997,David Trevino,david.78@outlook.com,35,Houston,2023-11-04
3718,Phillip Stephens,phillip.3320@gmail.com,55,Los Angeles,2023-04-19
1970,Jennifer Willis,jennifer.8607@hotmail.com,22,Sao Paulo,2026-04-25
6751,Lauren Hernandez,lauren.1992@gmail.com,54,London,2023-12-31
3166,Julie Nolan,julie.8925@gmail.com,58,Hamburg,2024-07-08
6515,Kelly Harris,kelly.3678@yahoo.com,22,Melbourne,2025-11-25
967,John Brown,john.4891@gmail.com,48,Giza,2024-03-09
2754,Dana Lindsey,dana.8268@gmail.com,26,Paris,2024-03-16
1268,Jeremy Wilson,jeremy.6563@hotmail.com,69,Madrid,2023-04-23
6762,Sarah Woods,sarah.5624@example.com,49,Houston,2023-07-01
6927,Alexander Garcia,alexander.9536@example.com,78,Singapore,2025-10-20
7737,Brenda Morales,brenda.3401@yahoo.com,70,Munich,2025-01-22
9054,Jose Richards,jose.949@example.com,51,Birmingham,2025-10-16
5097,James Newman,james.8766@gmail.com,24,Mumbai,2025-05-16
295,Jennifer Wilson,jennifer.462@hotmail.com,77,New York,2022-10-17
5854,Steven Kirk,steven.504@yahoo.com,73,Melbourne,2026-05-07
144,Nicholas Adams,nicholas.3627@gmail.com,58,Melbourne,2026-02-12
6888,Michele Armstrong,michele.1810@hotmail.com,79,Sao Paulo,2024-06-05
93,Helen Jones,helen.2493@outlook.com,79,Alexandria,2025-05-14
3751,Jermaine Vance,,20,Vancouver,2024-11-21
813,Elizabeth French,elizabeth.5371@yahoo.com,23,Delhi,2024-01-14
9395,Lisa Foster,lisa.4007@yahoo.com,23,Barcelona,2025-05-24
3966,Dustin Williams,dustin.2792@hotmail.com,59,Los Angeles,2024-08-18
268,Jesse Perry,jesse.6938@example.com,41,Cairo,2023-02-02
9264,Tyler Schmidt,tyler.4939@outlook.com,41,Sao Paulo,2024-05-20
8583,Patrick Harrison,patrick.592@outlook.com,35,Chicago,2022-10-13
406,John Adams,john.9344@example.com,30,Vancouver,2023-09-14
1476,Elizabeth Hansen,elizabeth.9539@yahoo.com,32,Manchester,2024-07-25
4079,Katherine Johnson,katherine.3418@outlook.com,21,Hamburg,2026-03-07
6313,Lisa Alexander,lisa.1575@yahoo.com,64,Mumbai,2025-02-07
2511,Kelly Martin,kelly.692@outlook.com,32,Sao Paulo,2024-03-27
4605,Cheryl Gonzales,cheryl.7851@yahoo.com,69,Manchester,2024-11-15
983,Nathan Stanley,nathan.3642@hotmail.com,32,Bangalore,2023-11-05
3260,Melanie Preston,melanie.6127@example.com,24,Cairo,2024-01-31
8962,Alicia Curry,alicia.3415@gmail.com,66,Birmingham,2025-05-09
9591,Devin Schwartz,devin.911@outlook.com,37,Melbourne,2024-05-31
9340,Eddie Foster,eddie.2717@gmail.com,78,Giza,2024-06-15
7154,Nicole Bray,nicole.6594@yahoo.com,47,Bangalore,2026-08-05
8832,Timothy Rodriguez,timothy.5279@hotmail.com,24,Hamburg,2023-04-17
262,Michael Henry,michael.9875@yahoo.com,39,Giza,2026-05-08
4790,Vincent Ortiz,vincent.7149@outlook.com,76,Munich,2023-10-22
9695,Elizabeth Miller,elizabeth.8113@example.com,48,New York,2025-04-16
328,George Miranda,george.8508@hotmail.com,69,Giza,2023-03-27
7419,Mrs. Julie Carter,mrs..6028@hotmail.com,56,Lyon,2025-07-23
9065,William Diaz,williamATgmail.com,37,Sao Paulo,2024-12-10
7917,Amanda White,amanda.2414@outlook.com,32,New York,2026-03-20
2099,Daniel Rojas,daniel.1507@example.com,24,Barcelona,2024-12-26
9388,Andrew Wheeler,andrew.1355@gmail.com,44,Vancouver,2026-04-18
2726,Jeffrey Morgan,jeffrey.2994@yahoo.com,34,Osaka,2025-04-29
9577,Jacqueline Orr,jacqueline.8548@hotmail.com,26,Sao Paulo,2025-05-10
6628,Michelle Gross,michelle.753@hotmail.com,64,Berlin,2023-01-24
8138,Kelly Thomas,kelly.5070@gmail.com,26,Birmingham,2026-04-14
2780,Terry Reyes,terry.5177@yahoo.com,70,Mexico City,2025-04-28
7875,Maria Garcia,maria.6358@example.com,20,Tokyo,2023-11-04
8059,Kenneth Frey,kenneth.6453@outlook.com,64,Toronto,2026-02-16
374,Keith Jacobs,keith.4962@example.com,52,Giza,2025-06-05
9366,Kenneth West,kenneth.6340@hotmail.com,68,Sydney,2025-04-15
9122,Pamela Nguyen,pamela.1367@example.com,80,Bangalore,2024-08-04
1524,Wanda Martinez,wanda.8332@gmail.com,75,Toronto,2026-01-23
5561,Thomas Hernandez,thomas.9148@example.com,33,Los Angeles,2023-02-14
9853,Robert Pham,robert.898@hotmail.com,19,Dubai,2025-11-08
1445,Melissa Wilkinson,melissa.215@yahoo.com,59,Paris,2024-06-28
7896,Charles Wright,charles.6024@example.com,52,Houston,2026-01-18
1996,Robin Smith,robin.5181@hotmail.com,35,Mumbai,2024-02-25
5812,Stephen Kirby,stephen.4739@gmail.com,24,Berlin,2025-04-07
1576,Brian Navarro,brian.8471@yahoo.com,47,Melbourne,2026-06-11
9872,Kenneth Randolph,kenneth.1177@example.com,53,Los Angeles,2026-01-09
3855,Mitchell Ford,mitchell.7541@hotmail.com,21,Osaka,2022-10-22
5164,Samantha Nelson,samantha.1887@example.com,59,Birmingham,2026-03-21
2321,Robert Mckay,robert.4022@yahoo.com,66,Singapore,2024-08-29
5984,Crystal Montgomery,crystal.1412@hotmail.com,29,Munich,2023-05-03
6622,Natasha Watkins,natasha.675@hotmail.com,48,Birmingham,2023-02-23
3830,Anthony Nguyen,anthony.27@example.com,56,Singapore,2025-10-20
6849,Peter Ruiz,peter.7351@yahoo.com,21,Sao Paulo,2026-01-21
4787,Monica Anderson,monica.1060@outlook.com,63,Sydney,2023-07-02
7125,Tina Harrington,tina.9219@yahoo.com,39,Manchester,2023-07-11
1188,Vanessa Thomas DVM,vanessa.7146@hotmail.com,71,Vancouver,2026-05-18
5276,Justin Higgins,justin.4322@hotmail.com,65,Mexico City,2025-02-02
6605,Robert Foley,robert.1844@outlook.com,47,London,2023-03-28
2191,Diana Davis,diana.746@gmail.com,34,Lyon,2026-09-09
8735,Donna Owens,donna.6233@example.com,18,Hamburg,2026-03-18
2235,Leroy Jones,leroy.9888@yahoo.com,40,Mumbai,2023-04-27
7765,Eric Owens,eric.7288@yahoo.com,30,Berlin,2026-03-11
6500,Dana Baldwin,dana.2193@gmail.com,59,Vancouver,2022-11-26
1382,Russell Mcguire,russell.6386@outlook.com,32,Manchester,2025-10-07
7412,Matthew Freeman,matthew.3841@gmail.com,61,Singapore,2023-04-11
3311,John Garcia,john.7812@hotmail.com,72,Sao Paulo,2024-04-05
6630,Lori Guerrero MD,lori.9773@hotmail.com,59,Houston,2026-09-07
2080,James Moss,james.6004@hotmail.com,69,Bangalore,2022-12-03
5472,David Thompson,david.8594@gmail.com,33,Sydney,2023-03-14
3699,Jennifer Weber,jennifer.4442@example.com,38,Dubai,2025-12-10
7367,Ashley Liu,ashley.1428@example.com,41,Melbourne,2022-11-01
5241,Andrew Cortez,andrew.9767@gmail.com,79,Bangalore,2025-02-17
2891,Jamie Griffin,jamie.2794@hotmail.com,80,New York,2024-04-22
3444,Amanda Orozco,  amanda.2259@gmail.com  ,46,Munich,2024-01-12
5333,Robert Bates,robert.6344@example.com,30,Giza,2024-02-20
1549,Leah Odom,leah.4486@yahoo.com,67,Houston,2024-03-21
5485,Maria Cruz,maria.2243@hotmail.com,53,Sydney,2025-12-26
418,Jennifer Norton,jennifer.8352@example.com,49,Delhi,2024-01-25
6026,Tanya Juarez,tanya.5461@hotmail.com,24,Alexandria,2023-11-12
5218,Rachel Soto,rachel.1009@hotmail.com,20,Birmingham,2026-08-15
9193,Mark Carter,mark.9302@example.com,67,Manchester,2025-02-13
3078,Mathew Myers,mathew.1071@yahoo.com,56,Cairo,2023-04-28
4375,Rachel Mendoza,  rachel.8872@yahoo.com  ,43,Los Angeles,2025-11-26
412,Anthony Simpson,anthony.6577@example.com,20,Alexandria,2026-03-29
4737,Anthony Vaughn,anthony.4776@yahoo.com,31,Dubai,2025-06-20
3797,Jesus Johnson,jesus.5484@hotmail.com,59,Osaka,2025-05-27
1534,Scott Payne,scott.3696@yahoo.com,39,Osaka,2026-07-09
9070,Heather Thomas,heather.3166@hotmail.com,23,Giza,2026-02-15
9805,Diane Zimmerman,diane.3310@gmail.com,46,Lyon,2023-11-21
8545,Martin Cooper,martin.3870@outlook.com,52,Lyon,2022-11-20
1580,Cynthia Henderson,cynthia.5300@outlook.com,19,Chicago,2023-04-15
3727,Michael Palmer,michael.5@hotmail.com,22,Osaka,2025-02-10
4208,Douglas Blanchard,douglas.8967@hotmail.com,65,Berlin,2024-09-05
3907,Jessica Rogers,jessica.2927@yahoo.com,67,Singapore,2024-11-08
4646,Adam Wilcox,adam.4919@hotmail.com,42,Vancouver,2024-06-13
2295,Jessica Garcia,jessica.3269@yahoo.com,56,Paris,2025-11-30
9726,Carla Jackson,carla.1673@yahoo.com,41,Giza,2025-05-25
3831,Rebecca Cole,rebecca.6524@gmail.com,59,London,2024-06-24
3918,Barbara Hill,barbara.6851@outlook.com,44,Houston,2024-05-28
1558,Robert Reynolds,robert.3167@yahoo.com,20,Munich,2024-11-13
1616,Michael Ellis,michael.9909@hotmail.com,45,Dubai,2022-10-02
1329,Shannon Cooper,shannon.3864@example.com,45,Tokyo,2023-01-18
725,Tamara Richard,tamara.1277@yahoo.com,55,London,2024-01-02
7634,Lisa Kirk,lisa.9676@yahoo.com,0,Toronto,2023-10-04
5615,Jordan Henry,jordan.8842@hotmail.com,42,Birmingham,2023-11-21
3066,Courtney Walsh,courtney.4228@example.com,50,Birmingham,2023-03-04
7203,Heather Stephens,heather.6860@outlook.com,41,Singapore,2022-12-27
6620,Jeremy Wiley,jeremy.3629@gmail.com,53,Osaka,2023-12-08
452,Taylor Gentry,taylor.2588@outlook.com,59,Sao Paulo,2023-05-30
4831,Kelly Ellis,kelly.4890@gmail.com,56,Osaka,2022-10-30
8664,Raymond Wright,raymond.7243@outlook.com,28,Cairo,2024-11-17
863,Danielle Reed,danielle.2581@outlook.com,68,Riyadh,2025-06-01
5235,Joshua Hernandez,joshua.175@yahoo.com,31,Melbourne,2023-12-30
9284,Claire Jenkins,claire.7182@gmail.com,78,Berlin,2025-02-07
593,Dennis Huffman,dennis.5348@gmail.com,58,Manchester,2024-10-26
9000,Jamie Rivas,jamie.5851@example.com,27,London,2023-11-17
5272,Katherine Phillips,katherine.8341@example.com,29,Munich,2023-12-30
1990,Mary Gray,mary.2676@gmail.com,35,Vancouver,2022-12-09
7883,Kathy Horne,kathy.3975@hotmail.com,20,Munich,2024-04-10
1975,Charles Goodman,charles.6255@hotmail.com,53,Paris,2026-06-06
6226,Rebecca Jones,rebecca.1514@example.com,35,Toronto,2023-05-24
1348,Stephanie Knight,stephanie.5528@outlook.com,58,Dubai,2026-07-31
2205,Amanda Diaz,amanda.7209@gmail.com,30,Los Angeles,2023-01-10
340,Jerry Bailey,jerry.1102@yahoo.com,67,Riyadh,2022-10-25
9078,Alexander Byrd,alexander.1636@gmail.com,57,Osaka,2024-11-18
7510,Jason Morgan,jason.274@yahoo.com,51,Sydney,2024-02-09
5402,Melissa Shaffer,melissa.5998@gmail.com,67,Toronto,2023-10-25
2383,Brian Fuentes,brian.6182@outlook.com,71,Bangalore,2024-12-23
2402,Andrew Campbell,andrew.382@hotmail.com,45,Chicago,2025-01-30
9788,Wendy Odonnell,wendy.594@gmail.com,19,Madrid,2023-09-27
9733,Ms. Amanda Wilkins,ms..3564@example.com,26,Paris,2026-06-29
4463,Casey Mcknight,casey.9705@hotmail.com,56,Munich,16-Mar-2025
7271,Dawn Jackson,dawn.8895@hotmail.com,79,Munich,2026-06-01
5519,Brandon Brown,brandon.1473@example.com,33,Munich,2023-08-17
8519,,matthew.4566@gmail.com,39,Madrid,2023-07-14
975,Kathryn Taylor,kathryn.6629@outlook.com,65,Alexandria,2023-05-16
1961,Martin Chapman MD,martin.5916@outlook.com,27,Delhi,2022-11-12
9606,Brian Daniel,brian.9142@yahoo.com,39,Hamburg,2024-09-04
6534,William Hernandez,william.2954@gmail.com,57,Los Angeles,2023-04-01
6374,Katherine Pacheco,katherine.3581@example.com,60,Melbourne,2025-12-28
2636,Jennifer Phillips,jennifer.798@outlook.com,67,Houston,2024-06-14
5715,Jason Patterson,jason.421@hotmail.com,52,Alexandria,2022-12-11
701,Mrs. Samantha Watson,mrs..6744@gmail.com,35,Tokyo,2025-03-25
7813,Larry Garza,larry.2293@hotmail.com,51,Manchester,2025-09-19
3471,Kathy Schmidt,kathy.855@outlook.com,N/A,Berlin,2026-04-08
2656,Amy Hunt,amy.290@example.com,76,Barcelona,2024-06-20
9540,Daniel Horn,daniel.1814@hotmail.com,76,Chicago,2023-12-10
7221,Justin Bautista,justin.9180@hotmail.com,62,Sydney,2023-03-19
3970,Adrian Dawson,adrian.7898@yahoo.com,48,Osaka,2026-05-10
5400,Caitlin Smith,caitlin.5723@hotmail.com,61,Chicago,2024-10-18
2454,Logan Wilson,logan.9325@example.com,49,Chicago,2026-02-05
3895,Hannah Johnson,hannah.529@example.com,79,Giza,2023-12-03
7448,Kelly Shaw,kelly.6306@gmail.com,28,Sydney,2025-04-28
90,Larry Dixon,larry.3091@yahoo.com,54,Berlin,2024-04-01
30,Lisa Hernandez,lisa.1214@example.com,58,Mumbai,2025-10-05
2579,Paula Mann,paula.8809@hotmail.com,38,Barcelona,2023-12-20
447,Jason Love,jason.9615@yahoo.com,33,Alexandria,2023-02-10
763,Michelle Shaw,michelle.2878@gmail.com,18,Delhi,2026-04-24
4798,Bryan Yates,bryan.2602@gmail.com,57,Delhi,2022-10-20
3224,David Wilson,david.3373@outlook.com,45,Osaka,2023-11-07
386,Robert Arnold,robert.982@yahoo.com,46,Munich,2025-02-27
6072,Stephanie Rodriguez,stephanie.6144@yahoo.com,19,Cairo,2025-12-11
2593,Matthew Wilson,matthew.6732@outlook.com,28,New York,2024-07-26
8722,Carly Ryan,carly.8876@example.com,24,Alexandria,2024-10-30
9676,James Dixon,james.1692@hotmail.com,40,Birmingham,2024-09-18
218,Joel King,joel.4939@yahoo.com,67,Los Angeles,2023-09-25
988,James Rodriguez,james.9562@example.com,78,Dubai,2023-07-09
9009,Wendy Smith,wendy.5926@outlook.com,22,Giza,2024-10-02
2836,Donald Hoffman,donald.7290@yahoo.com,54,Paris,2023-12-12
8554,Justin Ross,justin.2770@yahoo.com,53,Sao Paulo,2025-06-17
5048,David Jones,david.1183@outlook.com,26,Mexico City,2025-08-29
5741,Vanessa Green,vanessa.5539@gmail.com,42,Los Angeles,2024-06-22
8008,Dustin Carter,dustin.9474@yahoo.com,33,Sao Paulo,2025-11-08
6207,Kathleen Odonnell,kathleen.5020@example.com,23,Melbourne,2026-02-17
1849,Rebecca Lee,rebecca.9138@yahoo.com,30,New York,2024-03-22
1039,Daniel Ray,daniel.647@hotmail.com,41,Sydney,2022-12-05
5443,Robert Ramos,robert.4041@yahoo.com,N/A,Madrid,2025-09-01
9194,Kirsten Diaz,kirsten.7142@gmail.com,79,Giza,2023-02-11
5757,Kendra Davis,kendra.6679@gmail.com,39,Chicago,2024-07-09
3964,Robin Reyes,robin.5967@example.com,65,Tokyo,2024-12-08
3412,Amanda Maxwell,amanda.2859@yahoo.com,40,Riyadh,2025-08-16
9484,Kimberly Lopez,kimberly.561@gmail.com,57,Delhi,2026-04-16
2194,Martha Sanchez,martha.9168@gmail.com,55,Chicago,2024-05-20
490,Ralph Stephenson,ralph.912@outlook.com,26,Lyon,2022-10-09
7730,Lauren Wang,lauren.3565@example.com,62,Singapore,2024-02-27
3521,Kimberly Villarreal,kimberly.9120@yahoo.com,44,Alexandria,2025-12-15
1631,Charles Hall,charles.9322@example.com,79,Cairo,2022-11-08
7743,Henry Dixon,henry.1223@gmail.com,39,Dubai,2024-05-20
2893,Thomas Ramsey,thomas.1932@hotmail.com,37,Paris,2023-03-13
6524,Andrea Hill,andrea.9114@example.com,21,Berlin,2024-09-14
8670,Donna Caldwell ,donna.5092@hotmail.com,20,Delhi,2025-04-27
4587,Jimmy Acevedo,jimmy.4972@outlook.com,42,Bangalore,2024-01-31
8275,Paige Gutierrez,paige.2068@hotmail.com,66,Alexandria,2026-03-02
6709,Austin Brewer,austin.6162@outlook.com,34,Osaka,2022-11-22
8987,Laura Farley,laura.7532@hotmail.com,74,Melbourne,2026-01-10
7018,Tamara Fleming,tamara.7030@yahoo.com,37,London,2026-08-28
381,Michael Bruce,michael.9374@outlook.com,57,Riyadh,2023-12-27
3922,Jenny Cox,jenny.5326@example.com,33,Chicago,2023-05-11
657,Diamond Collins,diamond.3233@outlook.com,55,Munich,2024-10-03
4593,James Roberts,james.4305@outlook.com,77,Sao Paulo,2025-02-12
9343,Benjamin Miller,benjamin.1597@gmail.com,29,Hamburg,2026-05-23
4680,Sandra Griffin,sandra.6035@example.com,24,Munich,2025-01-07
2552,Jeffrey Vaughn,jeffrey.7087@outlook.com,41,Sydney,2026-09-02
1607,Christina Haynes,christina.2907@outlook.com,65,Barcelona,2023-05-21
884,Mr. Anthony Mcconnell PhD,mr..1208@gmail.com,36,Cairo,2024-08-22
9472,Matthew Brown,matthew.8525@gmail.com,34,Chicago,2025-05-30
4788,David Fernandez,david.359@outlook.com,54,Vancouver,2024-09-30
3218,Michael Terry MD,michael.5711@example.com,59,Birmingham,2022-11-14
4415,Mark Santos,mark.2980@outlook.com,75,Cairo,2023-04-05
1131,Jimmy Ortega,jimmy.5208@example.com,32,Mexico City,2026-03-29
16,Margaret Hawkins DDS,margaret.4439@hotmail.com,34,London,2026-01-30
5688,Charles Norton,charles.7946@hotmail.com,78,Alexandria,2025-05-31
7054,Andrew Miller,andrew.7667@gmail.com,78,Munich,2023-08-04
7476,Julie Davis,julie.9339@outlook.com,49,London,2025-09-16
9567,Richard Reyes,richard.9731@yahoo.com,77,Alexandria,2025-03-05
3647,Jason Ramirez,jason.346@outlook.com,23,Singapore,2023-11-15
727,Shannon Yu,shannon.5630@gmail.com,73,Munich,2024-03-15
5225,Lisa Caldwell,lisa.9829@outlook.com,51,Hamburg,2023-09-15
1727,Anthony Curtis,anthony.6814@outlook.com,75,Sydney,2023-03-18
3022,Greg Davis,greg.4618@hotmail.com,22,Dubai,2024-02-17
346,Kimberly Acosta,kimberly.1859@gmail.com,65,Chicago,2024-10-27
3148,Frank Moreno,frank.2060@outlook.com,58,Barcelona,2024-08-12
1179,Cynthia Good,cynthia.9513@outlook.com,78,Toronto,2024-09-18
6725,Jo Perez,jo.9705@gmail.com,29,Los Angeles,2023-08-23
1893,Beverly Harris,beverly.9563@gmail.com,80,Hamburg,2024-06-09
1291,Julie Peters,julie.1186@example.com,,Toronto,2025-12-30
6134,Jennifer Bennett,jennifer.3216@gmail.com,61,Los Angeles,2026-07-24
9246,Robert Moore,robert.3949@hotmail.com,73,New York,2024-05-27
2285,Caleb Ponce,caleb.6835@outlook.com,25,Paris,2026-05-14
8611,Jason Andrews,jason.4911@example.com,38,London,2023-09-11
607,Krista Wilson,krista.5316@outlook.com,18,Birmingham,2023-03-02
6510,Tiffany Jackson,tiffany.4247@example.com,50,Cairo,2023-09-15
6716,David Jones,david.1393@example.com,56,Munich,2022-10-04
9369,Brittany Jones,brittany.2142@hotmail.com,70,Mumbai,2023-10-11
5695,Patricia Stein,patricia.4328@yahoo.com,74,Munich,2024-02-23
5617,Thomas Porter,thomas.4250@gmail.com,74,Bangalore,2025-03-03
3051,Amber Turner,amber.1921@yahoo.com,42,Bangalore,2023-06-19
6831,Kristen Garcia,kristen.2615@hotmail.com,41,Singapore,2025-08-16
882,Sara Chapman,sara.6150@gmail.com,71,Paris,2025-10-19
5252,Nicholas Benjamin,nicholas.2584@yahoo.com,56,Dubai,2022-12-08
5057,Devon Davis,devon.3081@yahoo.com,49,Paris,2026-01-06
6403,Robert Chambers,robert.2224@gmail.com,72,London,2026-07-16
2214,Beth Lewis,beth.4470@example.com,75,Mumbai,2025-03-09
7185,Thomas Heath,thomas.5327@hotmail.com,21,Chicago,2026-03-21
9444,Jessica Reid,jessica.7256@outlook.com,74,Hamburg,2023-03-25
9286,Mariah Ramirez,mariah.4419@example.com,20,Paris,2026-05-20
1936,Virginia Hall,virginia.2874@yahoo.com,28,London,2025-03-05
9200,Ellen Ramirez,ellen.5668@hotmail.com,34,Manchester,2022-11-10
7246,Christopher Velazquez,christopher.2325@gmail.com,74,Dubai,2023-05-04
208,Wayne Morgan,wayne.5315@example.com,56,Giza,2025-06-25
1023,Travis Pratt,travis.1655@example.com,35,Dubai,2026-07-15
7950,Jennifer Dickson,jennifer.6186@outlook.com,44,Munich,2022-12-04
5655,Marco Kent,marco.6564@yahoo.com,25,Delhi,2025-07-23
851,Marco Johns,marco.9235@yahoo.com,54,Mexico City,2023-01-30
403,John Harris,john.1762@outlook.com,26,Osaka,2025-02-19
242,Charles Shah,charles.5180@yahoo.com,46,,2023-12-05
1417,Samantha Chavez,samantha.2522@example.com,68,New York,2023-09-03
6195,Jason Miller,jason.6397@example.com,61,Manchester,2025-06-20
569,Eddie Schwartz,eddie.3145@example.com,51,Manchester,2025-12-26
2532,Andrew Conrad,andrew.7038@yahoo.com,76,Alexandria,2026-05-11
4795,Danielle Carter,danielle.9816@example.com,69,Houston,2025-07-26
735,Tammy Ponce,tammy.7249@yahoo.com,23,Osaka,2023-08-05
1091,Glenn Collins DDS,glenn.2904@example.com,29,Bangalore,2026-09-14
523,Ryan Hall,ryan.6245@example.com,38,Delhi,2025-07-16
8593,Angela Washington,angela.9408@outlook.com,41,London,2025-02-13
9532,Henry Mendoza,henry.8283@yahoo.com,55,Sao Paulo,2026-03-12
1391,Jonathan Clements,jonathan.3047@gmail.com,36,Manchester,2025-03-21
6479,George Harding,george.5252@hotmail.com,55,Osaka,2025-06-06
1754,,laura.233@gmail.com,56,Chicago,2025-07-16
1665,Vincent Savage,vincent.4468@yahoo.com,28,Manchester,2023-06-17
8493,Justin Flores,justin.8280@outlook.com,58,Berlin,2026-04-07
8373,Christopher Davidson,christopher.1849@gmail.com,26,Osaka,2026-08-21
399,Laura Curtis,laura.6443@example.com,47,Mexico City,2025-10-11
2165,Cody Huffman,cody.3255@gmail.com,44,Vancouver,2023-06-19
4330,Bryan Richardson,bryan.3105@outlook.com,34,Dubai,2024-11-27
5733,Jennifer Hudson,jennifer.7541@example.com,69,Tokyo,2026-03-29
4869,Charlotte Roy,charlotte.7531@hotmail.com,57,Bangalore,2023-03-09
6251,Anthony Molina,anthony.575@yahoo.com,25,Houston,2026-01-26
8298,Kimberly Lewis,kimberly.1938@example.com,36,Mexico City,2026-09-15
923,Samantha Brooks,samantha.6511@example.com,38,Tokyo,2025-12-02
7504,Shawn Hart,shawn.6594@gmail.com,19,Cairo,2023-02-28
8998,Amber Montgomery,amber.763@example.com,72,Manchester,2024-07-20
7853,Cody Collier,cody.5143@yahoo.com,55,Lyon,2024-01-18
3425,Sara Lawrence,sara.3877@gmail.com,75,Osaka,2025-06-10
6023,Alexander Cox,alexander.1312@hotmail.com,79,Berlin,2023-07-17
3914,Walter Griffith,walter.7364@yahoo.com,77,Tokyo,2026-01-25
1630,Samuel Sandoval,samuel.5461@hotmail.com,43,Bangalore,2025-11-26
6723,Diana Johnson DVM,diana.9356@hotmail.com,66,Lyon,2023-10-13
3439,James Miller,james.6686@example.com,52,Tokyo,2023-01-14
5318,Lisa Harris,lisa.9022@outlook.com,54,Berlin,2026-07-19
9494,Rebecca Snyder,rebecca.1882@outlook.com,18,London,2022-10-13
9700,Diana Farley,diana.2270@hotmail.com,79,Melbourne,2024-12-01
4453,Jennifer Underwood,jennifer.820@gmail.com,42,Toronto,2026-01-13
9600,Michele Hill,michele.5959@hotmail.com,78,Barcelona,2026-06-02
9005,Robert Contreras,robert.2133@outlook.com,45,Alexandria,2025-02-03
3486,Kristina Murphy DDS,kristina.5849@yahoo.com,46,Delhi,2023-07-06
6902,Michael Rivera,michael.2141@gmail.com,45,Birmingham,2023-03-09
2300,James Newton,james.8249@gmail.com,69,Giza,2023-03-26
7821,David Rivera,david.8564@yahoo.com,30,Cairo,2024-01-14
5453,William Wilson,william.3642@hotmail.com,51,Dubai,2025-03-22
7802,Melissa Mooney,melissa.6378@example.com,35,Lyon,2025-12-24
8681,Wendy Flores,wendy.3892@gmail.com,33,Manchester,2024-06-17
1984,Kevin Woods,kevin.5928@example.com,48,Barcelona,2025-05-26
2386,Wanda Scott,wanda.7358@yahoo.com,73,Bangalore,2024-08-27
5404,Jessica Doyle,jessica.4341@outlook.com,54,Los Angeles,2024-02-25
3513,Victor Taylor,victor.8894@hotmail.com,39,Barcelona,2023-09-29
8755,Benjamin Johnson,benjamin.2317@outlook.com,33,Barcelona,2024-04-07
2358,Robert Lopez,robert.6975@outlook.com,23,Giza,2023-02-16
6506,William Ortiz,william.4004@outlook.com,60,Bangalore,2026-09-07
3766,Leah Ball,leah.8282@outlook.com,29,Riyadh,2024-06-04
1106,Lori Brown DDS,lori.8565@gmail.com,19,Berlin,2025-07-07
2917,Paul Christian,paul.9014@outlook.com,69,Mumbai,2023-06-30
2362,Shawna Palmer,shawna.9159@example.com,67,Berlin,2025-10-30
101,Bradley Robertson,bradley.8743@outlook.com,79,Toronto,2025-03-29
1908,Julia Jones,julia.7840@example.com,73,Mexico City,2025-06-27
9275,David Murray,david.4024@hotmail.com,25,Madrid,2024-11-03
6939,Jesse Brown,jesse.5403@example.com,27,Singapore,2023-11-08
755,James Burns,james.6591@gmail.com,58,Madrid,2025-05-09
8614,Renee Hughes,renee.7717@gmail.com,77,Lyon,2026-01-25
4393,Jessica Potts,jessica.3241@yahoo.com,44,Toronto,2024-04-28
8358,Robert Benitez,robert.7561@example.com,80,Tokyo,2024-08-01
8471,Thomas Smith,thomas.5973@yahoo.com,67,Hamburg,2024-08-27
9712,Andrew Martin,andrew.1303@hotmail.com,32,Toronto,2023-12-20
1999,Timothy Galvan,timothy.8490@hotmail.com,41,Singapore,2026-08-28
3810,Ashley Page,ashley.9779@example.com,30,Mexico City,2024-03-09
7543,Jennifer Brown,jennifer.7531@gmail.com,30,Birmingham,2026-06-03
9223,Heidi Thomas,heidi.5627@gmail.com,60,Sydney,2024-08-20
9456,Diana Elliott,diana.3963@gmail.com,68,Los Angeles,2023-05-29
2392,Heather Garner,heather.5061@example.com,59,New York,2023-06-27
9215,Meagan Smith,meagan.322@outlook.com,47,Toronto,2025-12-01
3074,Jessica Thomas,jessica.6087@outlook.com,30,Manchester,2025-02-05
252,Andrea Hubbard,andrea.7793@example.com,27,Mexico City,2023-07-16
9035,Casey Barker,casey.3992@yahoo.com,53,Barcelona,2025-04-27
4285,John Mason,john.2909@example.com,27,Melbourne,2024-03-06
8176,Richard Barnes,richard.4244@outlook.com,73,Cairo,2026-05-28
2853,Richard Nguyen,richard.8708@gmail.com,61,Madrid,2024-12-13
4725,Samantha Rowe,samantha.1032@hotmail.com,58,Manchester,2025-10-09
1284,Bethany Garcia,bethany.252@gmail.com,76,Giza,2025-12-24
9232,Katie Martinez,katie.4007@example.com,67,Riyadh,2025-04-01
5130,Scott Smith,scott.9094@example.com,78,Osaka,2025-03-31
6359,Matthew Cardenas,matthew.8594@example.com,72,Madrid,2025-05-07
9610,Bill Porter,bill.3809@hotmail.com,39,London,2025-11-07
9082,Daniel Schmidt,daniel.5005@hotmail.com,74,Birmingham,2025-10-18
6823,Robert Andrews,robert.4334@yahoo.com,80,Alexandria,2026-08-19
3293,Ryan Gonzalez,ryan.4352@gmail.com,77,Madrid,2024-08-27
8301,William Bennett,william.8175@outlook.com,80,Munich,2023-12-11
986,Catherine Keller,catherine.4818@outlook.com,72,New York,2023-10-08
8665,Jason Mcdonald,jason.9653@example.com,77,Alexandria,2026-02-13
3744,Brandon Anderson,brandon.6044@hotmail.com,50,Sao Paulo,2026-06-08
1570,Matthew Johnson,matthew.8499@example.com,43,Bangalore,2023-05-07
3520,Crystal Hill,crystal.5878@outlook.com,58,Tokyo,2026-01-28
773,Ashlee Mitchell,ashlee.9403@gmail.com,32,Bangalore,2024-11-07
7444,Julie Davenport,julie.9257@yahoo.com,59,Riyadh,2025-01-28
9178,Christine Robinson,christine.6954@hotmail.com,39,London,2023-11-18
8565,Andrea Anderson,andrea.1187@hotmail.com,25,Singapore,2026-07-04
150,Peter Vaughn DDS,peter.8851@outlook.com,55,Bangalore,2024-09-03
8006,Alan Wilson,alan.5418@outlook.com,71,alexandria,2024-07-24
9324,April Ortiz,april.9595@outlook.com,68,Riyadh,2025-02-05
8920,Daniel Joseph,daniel.8334@outlook.com,31,Sao Paulo,2022-10-23
890,Nicole Evans,nicole.2704@example.com,74,Munich,2025-07-07
8252,Sandra Morrison,sandra.5424@hotmail.com,33,Mexico City,2025-02-14
1741,Paul Raymond,paul.1280@example.com,69,Barcelona,2024-03-09
9909,Joseph Myers,joseph.3545@yahoo.com,30,Toronto,2025-06-16
2731,Francis Andrews,francis.3847@outlook.com,49,Mumbai,2024-03-31
385,Richard Johnson,richard.6654@hotmail.com,47,Giza,2024-12-04
147,Catherine Lewis,catherine.610@hotmail.com,49,New York,2025-11-25
617,Miss Anna Estes,miss.4992@gmail.com,78,Berlin,2025-11-07
3593,Leslie Hayden,leslie.2714@gmail.com,36,Manchester,2025-01-19
7728,Jack Martinez,jack.4379@hotmail.com,56,Paris,2023-01-14
2678,Terry Black,terry.5104@yahoo.com,200,Houston,2026-06-22
1249,Stephanie Herrera,stephanie.7900@outlook.com,40,Barcelona,2024-01-19
5055,Jeanne Robinson,jeanne.7265@yahoo.com,72,Riyadh,2024-10-24
2881,Jeffery Green,jeffery.176@outlook.com,61,Lyon,2023-08-08
7789,Rachel Fuentes,rachel.3179@gmail.com,74,Dubai,2022-12-20
8243,John Davis,john.2634@example.com,72,Berlin,2026-05-07
170,Aaron Hayes,aaron.1042@outlook.com,46,Singapore,2025-01-31
8026,Deanna Walsh,deanna.2138@yahoo.com,60,Chicago,2023-03-01
1497,Stacy Harper,stacy.6530@example.com,45,Singapore,2025-10-06
4317,Laura Schaefer,laura.5248@gmail.com,63,Houston,2026-06-16
3261,Vickie Thomas,vickie.3671@gmail.com,70,Cairo,2024-01-29
414,Stephen Luna,stephen.7762@example.com,47,Los Angeles,2025-10-06
7055,Robin Fernandez,robin.1734@outlook.com,19,Madrid,2026-03-06
6319,Natasha Torres,natasha.8573@outlook.com,31,Giza,2025-05-12
2212,Tamara Shaw,tamara.1534@yahoo.com,73,Birmingham,2025-07-19
9040,Casey Hayden,casey.4301@hotmail.com,24,Cairo,2024-06-22
37,Joshua Blair,joshua.987@example.com,79,Bangalore,2023-07-07
3464,Lacey Graves,lacey.2122@hotmail.com,64,Alexandria,2022-09-27
1282,Jody Johnson,jody.6545@hotmail.com,60,Berlin,2024-08-11
8602,Beth Norris,beth.5412@gmail.com,35,Berlin,2026-07-10
3714,Kristina Smith,kristina.4499@hotmail.com,70,Sao Paulo,2025-12-26
6283,Stephen Molina,stephen.3017@yahoo.com,64,Mexico City,2025-03-04
6180,Paul Allen,paul.644@example.com,65,Paris,2024-04-07
7991,Daniel Flores,daniel.133@hotmail.com,18,Barcelona,2023-11-03
371,Heidi Owen,heidi.8502@hotmail.com,72,Giza,2025-06-05
9787,Trevor Russell,trevor.8011@outlook.com,33,Giza,2023-06-01
5267,Lee Morgan,lee.447@outlook.com,27,Mumbai,2025-06-18
8274,Michael Wilkins,michael.7780@gmail.com,43,London,2024-02-15
3558,Emily Powell,emily.6717@hotmail.com,23,Vancouver,2022-12-17
4838,Elizabeth Thompson,elizabeth.7194@hotmail.com,49,Berlin,2023-04-15
8097,Robert Mcneil,robert.9383@hotmail.com,50,Tokyo,2022-12-01
9765,Jonathan Fisher,jonathan.7290@example.com,60,Cairo,2024-12-17
6201,Diana Murray,diana.6440@outlook.com,77,Bangalore,2025-01-16
8910,Veronica Smith,veronica.6115@example.com,35,Osaka,2023-10-16
1768,Laurie Vasquez,laurie.8691@outlook.com,18,Birmingham,2025-09-20
7795,Kelsey Cooper,kelsey.4555@gmail.com,31,Manchester,2026-02-01
1164,Sarah Rodriguez,sarah.3603@yahoo.com,65,Berlin,05-Dec-2022
2199,Gregory Allison,gregory.2096@outlook.com,73,Melbourne,2026-03-06
8839,Dr. Sheri Lee DDS,dr..3407@example.com,34,Toronto,2022-12-16
803,Elizabeth Hernandez,elizabeth.5162@outlook.com,62,Melbourne,2025-10-09
9117,Jennifer Young,jennifer.2981@hotmail.com,18,Munich,2024-03-13
9625,Jenna Mclaughlin,jenna.6444@hotmail.com,22,Giza,2025-06-11
4570,Joe Gordon,joe.4676@outlook.com,19,Hamburg,2023-02-25
8451,Kimberly Thomas,kimberly.1900@gmail.com,74,Singapore,2022-11-09
7131,Brandon Dominguez,brandon.2357@outlook.com,78,Giza,2023-07-11
1081,David Smith,david.6705@gmail.com,34,Dubai,2024-03-15
3786,Steven Morales,steven.9318@yahoo.com,62,Munich,2024-04-09
9760,Ernest Ayala,ernest.1528@yahoo.com,66,Giza,2023-02-16
9443,Gabriela Vance,gabriela.6714@example.com,48,Alexandria,2024-03-31
5476,Stephanie Jones,stephanie.1788@hotmail.com,78,Singapore,2025-05-14
6565,Beth Green,beth.6595@yahoo.com,43,Hamburg,2023-04-29
4733,Casey Baker,casey.2282@hotmail.com,30,Mumbai,2023-05-18
1340,Matthew Myers,matthew.9134@hotmail.com,40,Cairo,2025-10-20
9118,Sherri Richardson,sherri.5876@hotmail.com,74,Paris,2026-06-28
9575,Catherine Diaz DDS,catherine.5379@outlook.com,54,Sydney,2023-02-09
3367,Alexander Mcconnell,alexander.5859@outlook.com,40,Munich,2023-09-08
6661,Eric Giles,eric.2724@example.com,21,Cairo,2026-08-27
9172,Gabriela Turner,gabriela.8241@example.com,49,Manchester,2026-07-04
6193,Zachary Doyle,zachary.459@hotmail.com,80,Bangalore,2022-12-28
7962,Elizabeth Anderson,elizabeth.1971@hotmail.com,36,Cairo,2022-11-19
6170,John Kirby,john.3682@example.com,44,Vancouver,2026-04-27
7805,Taylor Bates,taylor.6188@outlook.com,37,Lyon,2025-11-24
833,Matthew Johnson,matthew.9023@outlook.com,-1,Giza,2026-03-20
2535,Ronald Johnson,ronald.4589@yahoo.com,72,Lyon,2025-08-13
4437,Shannon Martinez,shannon.5606@yahoo.com,78,Vancouver,2023-09-09
1738,Katherine Mcpherson,katherine.8625@hotmail.com,47,Lyon,2026-01-02
5809,Shaun Wood,shaun.3974@hotmail.com,34,Sydney,2023-11-29
8382,Guy Burnett,guy.6246@gmail.com,72,Toronto,2024-06-20
1345,Alexander Davis,alexander.7323@gmail.com,42,Dubai,2026-06-19
6977,Nicholas Smith,nicholas.4334@example.com,63,Vancouver,2022-11-26
7597,Christina Smith,christina.3701@example.com,75,Paris,2023-09-23
3540,Andrew Bolton,andrew.6140@outlook.com,78,Birmingham,2025-09-09
2505,Alexander Franklin,alexander.6916@hotmail.com ,30,Houston,2026-04-13
819,Eugene Baldwin,eugene.2291@gmail.com,18,Alexandria,2025-10-29
4480,Melissa Morris,melissa.6607@outlook.com,73,Osaka,2023-10-02
6469,Douglas Ferguson,douglas.591@yahoo.com,56,Los Angeles,2022-11-19
3986,Anthony Wells,anthony.3114@gmail.com,75,Osaka,2024-08-08
9205,Patricia West,patricia.6602@yahoo.com,49,Los Angeles,2026-04-19
9778,Monica Atkins,monica.9513@example.com,76,Lyon,2025-04-24
2144,Betty Williams,betty.896@yahoo.com,34,MADRID,2024-12-22
1863,Marc Simmons,marc.3257@hotmail.com,32,Singapore,2024-07-31
5937,Andrew Anderson,andrew.7952@example.com,22,Vancouver,2025-07-01
3140,Renee Rodriguez,renee.2633@outlook.com,N/A,Sao Paulo,2023-01-03
6124,Gerald Wall,gerald.5096@gmail.com,60,New York,2025-01-07
7196,Daniel Mills,daniel.5426@yahoo.com,47,Tokyo,2025-11-28
3448,Diane Brown,diane.8857@hotmail.com,19,London,2025-02-18
8187,Dustin Hanson,dustin.2306@gmail.com,48,Munich,2024-10-14
9759,Kaitlyn Nelson,kaitlyn.3612@hotmail.com,23,Manchester,2024-06-11
9195,Dean Ortiz,dean.8293@gmail.com,35,Cairo,2026-09-10
2720,Brandi Mejia,brandi.6846@example.com,44,Riyadh,2026-04-21
4615,Thomas Carr,thomas.5255@hotmail.com,44,Chicago,2024-06-15
629,Brett Bowers,brett.4774@gmail.com,70,Tokyo,2024-07-19
7734,Erik Dillon,erik.8292@outlook.com,20,Barcelona,2025-03-21
2456,Erica Hale,erica.9269@example.com,54,Chicago,2024-03-21
9507,Jessica Hartman,jessica.294@gmail.com,40,Chicago,2025-11-23
7495,Kevin Reilly,kevin.6551@example.com,50,Hamburg,2026-02-22
7499,Richard Schneider,richard.2829@gmail.com,51,Mexico City,2026-09-14
2041,Tiffany Delgado,tiffany.9837@hotmail.com,61,Melbourne,2024-03-18
8616,Stacy Krueger,stacy.6694@example.com,53,Houston,2024-12-17
1406,Nathan Chen,nathan.2599@gmail.com,65,Sao Paulo,2026-08-12
6304,Hunter Gonzalez,hunter.5607@hotmail.com,45,Manchester,2026-06-17
4178,Rita Miller,rita.7644@outlook.com,55,Chicago,2026-04-26
2056,Katie Cox,katie.1771@gmail.com,34,Paris,2024-11-20
4322,Jacob Love,jacob.5420@yahoo.com,42,Melbourne,2026-08-29
7129,Jason Lopez,jason.7023@hotmail.com,26,Cairo,2023-09-01
1641,Brad Rivas,brad.5557@outlook.com,58,Madrid,2025-05-07
5640,Regina Garcia MD,regina.8425@gmail.com,20,Houston,2023-04-10
8395,Hannah Hall,hannah.800@yahoo.com,78,Lyon,2024-07-08
3038,Jerome Wilson,jerome.9859@hotmail.com,26,Sydney,2024-12-05
9777,Debra Ross,debra.3520@outlook.com,34,Manchester,2025-04-30
445,Breanna Gilbert,breanna.4202@outlook.com,31,Houston,21-Jan-2025
5619,David Hernandez,david.6922@gmail.com,41,Dubai,2024-02-07
6489,Jill Santiago,jill.5132@yahoo.com,68,Mumbai,2023-01-19
7682,Todd Stone,todd.5279@yahoo.com,66,Chicago,2025-09-20
7417,Kyle Reed,kyle.2944@gmail.com,57,Toronto,2022-11-21
8724,Hannah Walker,hannah.2166@outlook.com,29,Giza,2023-07-10
8413,Anna Ross,anna.9934@example.com,62,Madrid,2023-06-30
3332,Roger Holmes,roger.7057@hotmail.com,31,Bangalore,2024-05-10
365,Tim Stone PhD,tim.8477@hotmail.com,26,Osaka,2025-08-14
795,Maria Burke,maria.982@yahoo.com,63,Manchester,2022-09-29
228,Mary Massey,mary.342@hotmail.com,28,Sydney,2025-03-22
6540,David Bush,david.9312@gmail.com,23,Paris,2026-08-03
6395,Victor Gonzalez,victor.7050@gmail.com,77,Barcelona,2025-10-12
3834,Kevin Oconnell,kevin.5564@outlook.com,59,Chicago,2025-11-23
7082,Michael Hurst,michael.8564@hotmail.com,75,Sydney,2025-09-11
8444,Samuel Adams,samuel.3909@gmail.com,69,Madrid,2023-01-17
4718,April Thompson,april.9918@hotmail.com,76,Birmingham,2024-09-24
7067,Jeffery Lee,jeffery.2781@hotmail.com,-5,Tokyo,2025-04-24
7370,Martha Davis,martha.2736@example.com,71,New York,2023-11-22
1700,Brian Bishop,brian.9095@gmail.com,70,Hamburg,2025-11-02
5080,Donald Morris,donald.9109@example.com,54,Sydney,2025-01-25
3177,Adam Parker,adam.2513@hotmail.com,71,Melbourne,2023-05-06
8088,Brandi Alexander,brandi.6525@yahoo.com,55,Singapore,2026-07-25
6166,Cindy Torres,cindy.991@hotmail.com,55,Birmingham,2023-11-01
6795,Katherine Hammond,katherine.4247@hotmail.com,47,New York,2025-08-06
143,Robert Medina,robert.9199@hotmail.com,76,Dubai,2024-08-23
1129,Danielle Garrett,danielle.4935@outlook.com,68,Barcelona,2023-06-05
5810,David Lara,david.6627@outlook.com,68,Los Angeles,2024-07-30
6379,Gregory Byrd,gregory.2840@gmail.com,73,Paris,2025-05-06
6239,Heidi Sweeney,heidi.5851@yahoo.com,70,Hamburg,2026-07-09
9671,Samuel Coleman,samuel.3165@outlook.com,31,Vancouver,2024-03-08
2197,Michele Young,michele.5199@example.com,45,Los Angeles,2022-09-21
9115,Sheila Garcia,sheila.6228@gmail.com,36,Madrid,2023-04-01
8895,Connor Hebert,connor.6958@yahoo.com,50,Bangalore,2025-01-21
8725,Kathy Jordan,kathy.795@hotmail.com,24,London,2023-06-22
3563,Kristen Bradley,kristen.6679@example.com,60,Los Angeles,2022-09-19
2270,Wayne Davis,wayne.8825@yahoo.com,23,Birmingham,2023-08-02
5334,Rhonda Powell,rhonda.1331@yahoo.com,70,Dubai,2026-07-13
5649,Patricia Lee,patricia.7594@gmail.com,30,Lyon,2026-07-31
2832,Paula Lee,paula.8293@hotmail.com,41,Mexico City,2025-12-07
5423,Daniel Palmer,daniel.3060@gmail.com,77,Dubai,2024-02-14
7145,Rachael Johnson,,78,Manchester,2026-04-05
1130,Jennifer Garcia,jennifer.9014@hotmail.com,22,Sydney,2025-04-07
7344,Kevin Nielsen,kevin.4808@example.com,41,Bangalore,2024-11-13
3945,Carrie Padilla,carrie.4301@example.com,66,Sydney,2022-10-23
4459,Amy Perez,amy.3240@hotmail.com,27,Osaka,2025-11-19
9071,Kathleen Brooks,kathleen.4846@outlook.com,23,Houston,2026-04-14
1998,Jennifer Salazar,jennifer.5762@yahoo.com,18,Los Angeles,2023-01-13
5610,Alexis Taylor,alexis.3517@example.com,56,Vancouver,2026-05-02
7951,Randall Harrington,randall.1278@gmail.com,26,Toronto,2025-01-13
9100,Melanie Reed,melanie.3172@hotmail.com,49,Barcelona,2025-04-30
2989,Christina Davis,christina.6259@hotmail.com,73,Riyadh,2025-02-06
2028,Sarah Ritter,sarah.4618@yahoo.com,75,Singapore,2024-11-25
8932,Steven Ramsey,steven.6863@outlook.com,64,Toronto,2025-02-07
2201,Susan Sanchez,susan.4636@hotmail.com,0,Melbourne,2026-01-08
6764,Michael Raymond,michael.7207@gmail.com,31,Delhi,2024-07-29
7611,Jane Robinson,jane.8760@hotmail.com,19,Los Angeles,2026-07-19
255,David Thompson,david.2828@gmail.com,33,Delhi,2025-05-09
1490,Kevin Morrow,kevin.3618@yahoo.com,N/A,Mumbai,2022-10-05
9792,Samuel Miller DVM,samuel.614@outlook.com,77,Birmingham,2022-10-08
5336,Kurt Brewer,kurt.1085@outlook.com,51,Alexandria,2023-07-19
5609,Michael Aguilar,michael.1082@gmail.com,69,Sao Paulo,2023-12-13
1314,Michele Wilson,michele.6519@yahoo.com,66,Barcelona,2024-08-20
3216,Seth Mason,seth.1368@yahoo.com,35,Manchester,2024-01-01
3193,Francisco Galloway,francisco.5868@yahoo.com,33,Riyadh,2025-02-16
1785,Kyle Smith,kyle.2129@outlook.com,60,Singapore,2025-06-23
2401,Elizabeth Roberts,elizabeth.9649@gmail.com,49,Tokyo,2025-11-28
3095,Heather Mcmahon,heather.5594@outlook.com,68,Los Angeles,2024-05-24
1401,Leslie Nguyen,leslie.1999@yahoo.com,42,Singapore,2023-07-04
4429,Brianna Williams,brianna.5530@gmail.com,35,Bangalore,2024-01-09
3539,Martin Wilson,martin.9945@hotmail.com,39,Munich,2025-05-24
5165,Bridget Bell,bridget.4787@hotmail.com,28,Giza,2025-07-30
1446,Carlos Clarke,carlos.1311@outlook.com,69,Riyadh,2023-05-25
6769,Jennifer Mitchell,jennifer.8922@hotmail.com,80,Tokyo,2024-08-19
192,Christopher Pierce,christopher.2003@outlook.com,40,Tokyo,2024-12-01
2978,Anthony Ellis,anthony.4551@yahoo.com,35,Tokyo,2026-09-03
1969,Alexandria Wise,alexandria.3405@hotmail.com,48,Tokyo,2025-04-15
6278,Lisa Gallegos,lisa.3551@yahoo.com,27,Mexico City,2023-01-03
2427,William Smith,williamATgmail.com,36,Riyadh,2024-08-25
1577,Sandra Herring,sandra.7401@gmail.com,64,Lyon,2026-06-09
1774,Jacqueline Galloway,jacqueline.4184@example.com,43,Hamburg,2025-11-02
1941,Mason Hodges,mason.2424@hotmail.com,46,Madrid,2024-10-16
4943,Thomas Mills,thomas.3223@outlook.com,67,Mexico City,2024-04-13
9578,,brian.3650@yahoo.com,80,Toronto,2023-12-02
8882,Donna Smith,donna.5216@outlook.com,38,Dubai,2023-08-25
5117,Cynthia Davis,cynthia.3209@yahoo.com,30,Los Angeles,2025-08-29
1642,Tyler Wheeler,tyler.2720@example.com,56,Berlin,2022-09-25
6056,Robert Garner,robert.748@example.com,57,Delhi,2025-09-21
3185,Tricia Perez,tricia.3785@gmail.com,63,Sydney,2025-01-30
8876,Melanie Graham,melanie.3155@outlook.com,20,Toronto,2022-10-18
8430,John Pacheco,john.6356@outlook.com,60,Los Angeles,2023-10-03
5274,Paul Estes,paul.7951@outlook.com,66,Madrid,2023-11-02
3611,Allison Pacheco,allison.629@outlook.com,24,Sao Paulo,2022-10-31
8072,Molly Snyder,molly.1660@outlook.com,64,Madrid,2026-03-17
945,Cheyenne White,cheyenne.8304@outlook.com,26,Singapore,2025-11-28
6299,Jordan Cooper,jordan.5142@hotmail.com,68,Paris,2024-11-06
2245,Katie Baker,katie.7166@gmail.com,76,Sydney,2026-03-19
4203,Kylie Wiggins,kylie.4154@hotmail.com,70,Mumbai,2022-12-12
7161,Alexa Johnson,alexa.938@hotmail.com,28,Dubai,2024-09-09
2736,Veronica Schmidt,veronica.4356@outlook.com,48,Singapore,2024-03-30
5391,Amber Barrett,amber.9644@example.com,64,Riyadh,2024-06-09
3136,Rachel Russell,rachel.4251@yahoo.com,71,Alexandria,2024-01-29
9544,Ann Gray,ann.1307@example.com,999,Madrid,2025-01-07
3648,Robin Wagner,robin.5461@hotmail.com,67,Singapore,2026-05-20
3712,Crystal Lawson MD,crystal.5742@example.com,74,London,2025-05-11
2644,Michael Medina,michael.3106@example.com,31,Sao Paulo,2024-01-13
9474,Alex Parrish,alex.2346@example.com,69,Cairo,2026-06-06
292,Kathryn Whitaker,kathryn.5728@gmail.com,44,Alexandria,2025-12-07
7717,Ms. Jessica Bryant,ms..4875@gmail.com,26,Osaka,2023-02-09
8591,George Sellers,george.2230@hotmail.com,68,Chicago,2026-07-31
6074,Andrea Stevenson,andrea.2576@hotmail.com,38,Cairo,2026-08-20
1439,Donald Terry,donald.2127@yahoo.com,73,Alexandria,2024-09-11
7522,Amanda Jones,amanda.6565@yahoo.com,76,Mexico City,2023-08-10
7724,Michael Harris,michael.656@yahoo.com,63,Berlin,2026-02-15
5748,Kyle Hall MD,kyle.7142@yahoo.com,34,Berlin,2022-10-18
1186,Joshua Mcbride,joshua.7018@yahoo.com,18,Toronto,2026-02-28
28,Sherri Baker,sherri.842@hotmail.com,78,,2024-09-17
568,Tiffany Murray,tiffany.1579@example.com,27,London,2025-07-17
8904,Kendra Smith,kendra.4082@example.com,29,Berlin,2022-12-22
4714,Jody Rice,jody.1087@example.com,23,Delhi,2025-01-09
8721,Denise Richardson,denise.2396@yahoo.com,68,Munich,2022-12-20
5935,Tracy Smith,tracy.7102@example.com,53,Lyon,2024-12-16
5549,Jared Schroeder,jared.8079@yahoo.com,28,Sydney,2024-01-18
2307,Isaiah Massey MD,isaiah.827@outlook.com,69,Hamburg,2024-09-03
6491,Jennifer Lopez,jennifer.2977@outlook.com,45,Riyadh,2025-11-18
6467,Felicia Fischer,felicia.820@gmail.com,47,Tokyo,2024-09-16
653,Tiffany Townsend,tiffany.2693@yahoo.com,51,Chicago,2022-10-11
6405,Christopher Gray,christopher.3001@hotmail.com,44,Houston,2026-05-27
7243,Zachary Caldwell,zachary.2099@outlook.com,72,Mexico City,2026-08-04
5386,James Nelson,james.8837@yahoo.com,74,New York,2022-10-06
897,Rhonda Mills,rhonda.63@outlook.com,23,Birmingham,2022-10-23
3733,Amy Russell,amy.5194@example.com,23,Osaka,2023-06-02
559,David Weber,david.6757@yahoo.com,71,Riyadh,2025-01-31
660,Monica Mathis,monica.1026@example.com,24,Sydney,2022-12-10
6198,Jo Hickman,jo.4396@hotmail.com,78,Houston,2024-04-26
705,Joel Jackson,joel.4403@outlook.com,42,Hamburg,2025-01-02
7361,Andrea Hart,andrea.840@outlook.com,64,Berlin,2025-04-07
1058,Michael Freeman,michael.6306@yahoo.com,71,Melbourne,2025-08-28
8084,Vanessa Meza,vanessa.7897@example.com,75,Delhi,2024-06-24
3891,Sarah Berry,sarah.5238@hotmail.com,70,Hamburg,2023-02-23
3005,Erik Aguirre,erik.223@gmail.com,26,London,2025-02-15
3423,Deanna Hansen,deanna.1741@outlook.com,77,Mumbai,2026-04-08
2051,Lauren Reeves,lauren.6959@outlook.com,35,Singapore,2025-11-14
2061,,cynthia.5357@yahoo.com,37,Dubai,2023-11-28
2476,Michele Cannon,michele.7760@yahoo.com,79,Toronto,2022-11-07
9550,Kristine Bullock,kristine.5009@yahoo.com,58,Osaka,2026-08-20
8889,Shannon Todd,shannon.3797@example.com,42,Giza,2026-05-12
7596,Maria Alexander,maria.2604@yahoo.com,19,Toronto,2025-08-19
958,Albert Hunter,albert.3689@yahoo.com,35,Riyadh,2022-11-01
2856,Julie Maddox,julie.4477@yahoo.com,73,Sydney,2022-11-23
2592,Nicole Mitchell,nicoleAThotmail.com,51,Cairo,2026-08-03
3680,Jeffrey Gibbs,jeffrey.1375@yahoo.com,43,Dubai,2022-11-23
5669,Nancy Flowers,nancy.1642@hotmail.com,79,Toronto,2025-02-13
1123,Andrea Conrad,  andrea.3171@hotmail.com  ,46,Chicago,2023-07-18
8095,Brian Johnson,brian.9586@example.com,58,Osaka,2023-06-09
6931,Jeffrey Alvarez,jeffrey.1347@example.com,-1,Paris,2023-05-14
3024,Darrell Duke,darrell.1390@gmail.com,56,Los Angeles,2025-03-29
5736,Carla Patterson,carla.4638@example.com,42,Berlin,2023-11-18
1190,Shawn Acosta,shawn.7297@hotmail.com,67,Birmingham,2025-10-09
2826,Amy Leach,amy.1923@yahoo.com,73,Dubai,2024-10-19
9813,David Martinez,david.3808@yahoo.com,60,Mumbai,2024-09-20
7096,Ryan Gonzalez,ryan.1487@gmail.com,18,Toronto,2024-04-28
1758,Catherine Smith,catherine.8641@gmail.com,39,Giza,2025-11-09
9064,Heather Gutierrez,heather.6311@yahoo.com,34,Los Angeles,2023-01-19
6082,Gail Rubio,gail.3627@hotmail.com,39,Tokyo,2022-11-23
4497,Taylor Dougherty,taylor.8500@outlook.com,69,Houston,2025-09-14
4466,John Jones,john.4124@hotmail.com,66,Chicago,2025-06-24
1332,Nicholas Reed,nicholas.2894@outlook.com,49,Los Angeles,2025-04-12
4025,Jose Carney,jose.320@yahoo.com,31,Mumbai,2025-11-10
6477,Jennifer Murray,jennifer.4740@yahoo.com,27,New York,2024-10-03
2007,Stephanie Miranda,stephanie.285@outlook.com,40,Birmingham,2023-08-04
4536,Christopher Bishop,christopher.9609@yahoo.com,38,Mexico City,2025-07-27
1466,Scott Wood,scott.9016@hotmail.com,41,Mexico City,2024-03-14
6737,Dana Howell,dana.7118@example.com,25,Singapore,2026-03-04
764,Megan Oliver,megan.2249@gmail.com,28,Paris,2023-03-11
2671,Lynn Henry DDS,lynn.6251@example.com,38,Chicago,2026-03-18
1878,Jerry Hansen,jerry.6746@example.com,49,Tokyo,2024-03-17
3824,Amanda Gomez,amanda.2188@outlook.com,67,Toronto,2024-07-15
3569,Jeffrey Hart DDS,jeffrey.6859@hotmail.com,66,Madrid,2023-02-14
4097,Jessica Willis,jessica.7698@gmail.com,21,Dubai,2024-10-07
338,Dominique Hines,dominique.2622@gmail.com,27,Tokyo,2023-10-20
2734,Rebekah Cole,rebekah.1587@yahoo.com,51,Sydney,2024-03-14
2294,Vanessa Thompson,vanessa.1413@outlook.com,26,Chicago,2026-04-29
7268,Gene Anderson,gene.2788@example.com,55,Madrid,2023-04-22
5432,Rachel Mills,rachel.8592@gmail.com,43,Riyadh,2024-04-04
1163,Robert Gonzalez,robert.505@outlook.com,28,Madrid,2024-03-16
5543,Robert Lynch,robert.3872@example.com,53,Los Angeles,2024-06-03
2000,Susan Navarro,susan.7945@outlook.com,39,Sao Paulo,2023-11-20
9753,Pamela Rivera,pamela.1516@example.com,54,Melbourne,2024-07-04
6355,Melissa Evans,melissa.1805@yahoo.com,51,Chicago,2023-02-28
3629,Rachel Smith,rachel.5332@yahoo.com,60,Munich,2025-03-17
4187,Tracy Stewart,tracy.1657@outlook.com,33,Barcelona,2023-08-15
3192,Roger Olson,roger.415@yahoo.com,80,Hamburg,2023-04-18
6969,Misty Morales,misty.3590@gmail.com,34,Munich,2026-03-14
3337,Margaret Harris,margaret.5427@outlook.com,55,Munich,2025-11-14
982,Tyler Greene,tyler.3000@hotmail.com,59,Giza,2024-12-18
8861,Mercedes Scott,mercedes.4025@yahoo.com,64,London,2026-07-24
5376,Sara Hoover,sara.2323@outlook.com,65,Sydney,2026-03-07
5483,Tricia Townsend MD,tricia.3851@example.com,51,Madrid,2023-04-26
6141,John Howard,john.2141@example.com,23,Munich,2024-06-09
8647,Amber Johnson,amber.9077@hotmail.com,40,Birmingham,2024-01-08
8754,Michelle Vance,michelle.1906@example.com,50,Munich,2023-03-31
5489,Diana Shepherd,diana.4894@yahoo.com,26,Paris,2026-05-25
8278,William Avila,william.4950@example.com,67,Mexico City,2025-12-24
7331,Randy Tanner,randy.7756@hotmail.com,72,Toronto,2025-03-22
2042,Rebecca Barrett,rebecca.7274@yahoo.com,-1,Munich,2025-10-27
3276,Jennifer Howard,jennifer.5784@example.com,71,Tokyo,2024-04-27
3847,Jessica Herring,jessica.7378@example.com,41,Singapore,2025-04-13
7690,Marilyn Holmes,marilyn.1070@outlook.com,57,Houston,2025-06-11
7928,Heather Carr,heather.7716@hotmail.com,42,Chicago,2026-01-01
5930,Derrick Ford,derrick.8983@yahoo.com,36,Madrid,2025-08-22
7414,Jordan Villarreal,jordan.9856@gmail.com,25,Birmingham,2025-04-24
8630,Charles Barrera,charles.469@gmail.com,44,Los Angeles,2026-04-28
6052,Todd Faulkner,todd.4717@example.com,31,Birmingham,2024-06-10
9918,Elizabeth Lynch,elizabeth.4415@gmail.com,22,Giza,2026-01-11
4668,Stephanie Singleton,stephanie.8467@outlook.com,29,Osaka,2026-01-24
7416,Donna Sullivan,donna.7367@gmail.com,42,Dubai,2024-04-09
6579,Natalie Marshall,natalie.2088@outlook.com,56,Hamburg,2025-10-29
8182,Robert Randolph,robert.8388@outlook.com,67,Sydney,2025-12-22
1386,Paula Smith,paula.8716@hotmail.com,44,Houston,2024-08-28
1662,Matthew White,matthew.5115@yahoo.com,38,Houston,2023-06-10
5258,Heidi Cherry,heidi.703@hotmail.com,58,Cairo,2023-04-06
5056,Alexandra Armstrong,alexandra.2391@yahoo.com,42,Vancouver,2023-08-16
1101,Claudia Rodriguez,claudia.4761@hotmail.com,76,Mumbai,2025-03-29
829,Stephen Cowan,stephenAThotmail.com,40,Houston,2024-01-30
6482,Jamie Lawrence,jamie.3316@hotmail.com,36,Birmingham,2025-02-05
4997,Cory Parsons,cory.122@hotmail.com,73,Hamburg,2023-06-25
190,Joshua Pennington,joshua.6106@yahoo.com,53,Alexandria,2024-06-18
5796,Michelle Hancock,michelle.806@gmail.com,56,Riyadh,2024-01-16
1669,Lindsay Tucker,lindsay.4441@yahoo.com,78,Delhi,2025-03-08
2647,Robert Parrish,robert.5843@hotmail.com,29,cairo,2025-01-17
5608,Angelica Simpson,angelica.6009@hotmail.com,64,Berlin,2023-07-10
2682,Paul Massey,paul.7884@gmail.com,78,Vancouver,2022-09-21
9130,Stephanie Daniel,stephanie.3894@gmail.com,31,Berlin,2026-08-05
8590,Melvin Gutierrez,melvin.8168@yahoo.com,19,Mexico City,2023-04-07
8653,Eric Crawford,eric.5123@yahoo.com,62,Hamburg,2023-09-08
5575, Brenda Dennis,brenda.5255@gmail.com,47,Giza,2025-01-02
5570,Steven Robertson,steven.5856@yahoo.com,33,Riyadh,2023-07-01
9006,Francisco Morris,francisco.221@gmail.com,34,Hamburg,2024-01-02
6107,Billy Winters,billy.7069@yahoo.com,24,Riyadh,2025-10-30
8070,Nicole Gomez,nicole.5383@example.com,65,Munich,2025-03-15
5167,Jennifer Duarte,jennifer.9444@example.com,48,Birmingham,2026-07-21
2869,Jason Foster,jason.2548@yahoo.com,27,Berlin,2024-08-27
5363,Ryan Brown,ryan.3586@outlook.com,33,Melbourne,2026-03-25
8237,Alexander Harvey,alexander.2358@outlook.com,44,Giza,2024-07-31
959,Jennifer Lawrence,  jennifer.6710@example.com  ,19,Tokyo,2026-05-03
7988,Nancy Stuart,nancy.4272@example.com,47,Lyon,2023-01-04
472,Angela Griffin,angela.3859@outlook.com,66,Manchester,2025-07-11
3621,Jeffrey Johnson,jeffrey.4311@example.com,42,Riyadh,2025-02-08
1430,William Allen,william.12@example.com,42,Bangalore,2023-03-01
8807,Kristen Wright,kristen.1543@yahoo.com,56,Hamburg,2023-09-08
2073,Jamie Garcia,jamie.7987@gmail.com,54,Mumbai,2026-05-31
1876,Miranda Murray,miranda.4836@example.com,28,Sydney,2025-11-16
1399,Patrick Buckley,patrick.2976@yahoo.com,75,Melbourne,2023-05-31
5278,Pamela Sanders,pamela.9086@gmail.com,68,Lyon,2024-05-02
7645,Jacob Russo MD,jacob.6675@outlook.com,18,London,2026-03-24
6626,Robert Huang,robert.2448@outlook.com,68,Vancouver,2025-05-03
4201,Angela Thompson,angela.5390@gmail.com,36,Sao Paulo,2022-09-17
8324,Barbara Riley,barbara.8229@outlook.com,42,Dubai,2023-06-22
2651,Laurie Miranda,laurie.9812@outlook.com,80,New York,2024-01-12
9440,Edwin Hansen,edwin.6830@gmail.com,71,Munich,2026-06-09
1982,Mark Weber,mark.4010@gmail.com,25,Singapore,2026-03-08
1595,Sherri Wilkins,sherri.8170@example.com,69,Cairo,2026-01-03
7477,Rebecca Turner,rebecca.8484@hotmail.com,35,Mexico City,2023-11-21
578,Adam Green,adam.5428@example.com,80,Tokyo,2024-10-02
483,Janet Kane DVM,janet.9762@gmail.com,51,Hamburg,2024-03-18
2033,Judith Martin,judith.1759@yahoo.com,71,Vancouver,2023-04-05
9217,Debra Robles,debra.2601@outlook.com,29,Munich,2024-06-14
854,Rebecca Wilson,rebecca.921@yahoo.com,56,London,2025-06-30
1924,Brian Murphy,brian.6884@outlook.com,65,Riyadh,2024-12-16
652,Laura Diaz ,laura.733@gmail.com,19,Tokyo,2025-06-10
4873,Antonio Hale,antonio.9663@example.com,61,Manchester,2023-02-17
206,Jessica Fox,jessica.3525@outlook.com,44,Hamburg,2024-07-15
5734,Daniel Mills,daniel.6524@yahoo.com,36,Riyadh,2022-11-16
2415,Michelle Mcdonald,michelle.8334@example.com,,Mexico City,2024-06-02
3818,Frederick Chavez,frederick.2526@example.com,72,Singapore,2024-01-07
4360,Rachel Martinez,rachel.5271@hotmail.com,20,Los Angeles,2024-09-24
4902,Michael Sanchez,michael.9550@gmail.com,20,Dubai,2026-02-09
6393,Emily Joseph,emily.5420@example.com,39,Riyadh,2025-08-14
2831,Lauren Callahan,lauren.574@gmail.com,80,New York,2023-02-26
1832,Craig Gonzalez,craig.6587@hotmail.com,25,Mumbai,2026-05-06
2085,Theresa Russell,theresa.5114@example.com,23,Sao Paulo,2023-12-17
7473,Lisa Mendoza,lisa.3983@outlook.com,70,Delhi,2025-12-14
2902,David Cunningham,david.7059@outlook.com,30,Giza,2023-03-22
5889,Joshua Lopez,joshua.3710@example.com,46,Chicago,2024-12-08
4409,Kenneth Watkins,kenneth.4608@yahoo.com,80,New York,2026-05-28
2414,Charles Ramos,charles.9782@example.com,33,Paris,2023-12-18
6820,David Johnson,david.1847@hotmail.com,30,Lyon,2025-09-10
9642,Ann Lambert,ann.8790@hotmail.com,N/A,Mexico City,2023-05-16
161,Julie Alexander,julie.9081@yahoo.com,55,Houston,2023-06-13
7338,Tyrone Conley,tyrone.5041@hotmail.com,67,Manchester,2023-09-24
4379,Erica Smith,erica.5342@outlook.com,26,Bangalore,2025-05-08
3068,Dawn Becker,dawn.4454@gmail.com,51,Berlin,2026-06-07
2710,Stacie Sanford,stacie.9604@gmail.com,51,Sao Paulo,2026-06-25
5593,Angel Elliott,angel.523@outlook.com,26,Bangalore,2025-11-24
2239,Douglas Cox,douglas.6932@gmail.com,66,Munich,2023-01-25
3213,Thomas Green,thomas.8385@yahoo.com,31,Tokyo,2023-09-01
4763,Aaron Scott,aaron.2816@outlook.com,31,Madrid,2023-09-09
9097,Jessica Evans,jessica.6589@yahoo.com,59,Sydney,2026-08-14
9657,Tara Weiss,tara.4605@outlook.com,60,New York,2025-12-31
2137,Cheryl Bush,cheryl.4167@example.com,21,Paris,2026-05-31
3114,Karen Padilla,karen.6770@example.com,46,Manchester,2023-11-14
1460,Elizabeth Morales,elizabeth.5530@yahoo.com,52,Dubai,2026-01-27
1090,Monica Hall,monica.7913@example.com,67,Sao Paulo,2023-04-25
5555,Melissa Moore,melissa.9890@example.com,46,Cairo,2026-03-22
6999,Henry Scott,henry.4417@example.com,36,Paris,2024-01-13
872,Lisa Torres,lisa.9266@gmail.com,77,Paris,2024-09-28
2741,Edward Fuentes,edward.5411@gmail.com,18,Hamburg,2024-11-17
1142,Henry Taylor,henry.6144@example.com,69,Lyon,2024-03-06
656,Michael Miller,michael.3054@outlook.com,43,Cairo,2024-11-08
6980,William Jackson,william.4237@hotmail.com,42,Bangalore,2026-04-25
215,James Thomas,james.9718@outlook.com,51,Mumbai,2024-11-01
7179,Darren Ellis,darren.3008@hotmail.com,76,Manchester,2024-02-03
9383,Michael Lyons,michael.7463@hotmail.com,68,Manchester,2026-07-17
4855,Elizabeth Parker,elizabeth.7183@outlook.com,45,Singapore,2024-05-21
8831,Evelyn Barajas,evelynATyahoo.com,56,Riyadh,2026-05-19
6373,Mitchell Scott,mitchell.2103@example.com,64,Paris,2026-08-17
3494,Jerry Martinez,jerry.2012@hotmail.com,64,Melbourne,2025-10-10
3506,Jesse Smith,jesse.5587@example.com,45,Tokyo,2024-02-18
2372,Anthony Johnson,anthony.1808@gmail.com,41,Barcelona,2023-10-10
968,Daniel Velez,daniel.5510@hotmail.com,58,Toronto,2024-02-26
7531,Julia Hall,julia.5036@outlook.com,34,New York,2024-07-08
3909,Ashley Duran,ashley.3568@outlook.com,75,Dubai,2023-11-03
2065,David Coleman,david.8033@example.com,34,Madrid,2025-06-27
5774,Diana Espinoza,diana.1305@outlook.com,35,Munich,2022-12-01
1187,Michael Mills,michael.4034@yahoo.com,63,Bangalore,2023-04-02
3928,Courtney Page,courtney.3274@hotmail.com,26,Birmingham,2023-11-08
620,Megan Burns,megan.9739@yahoo.com,37,Toronto,2025-01-07
2626,Kara Sharp,kara.4574@yahoo.com,28,Melbourne,2024-12-22
1875,Kara Black,kara.2805@hotmail.com,32,Osaka,2025-11-08
4274,George Williams,george.8584@hotmail.com,19,Osaka,2023-09-22
2645,John Moore,john.8876@outlook.com,78,Munich,2024-02-11
8056,Brenda Johnson,brenda.3591@yahoo.com,43,Tokyo,2026-02-04
3537,Matthew Jimenez,matthew.6816@gmail.com,59,Munich,2026-08-15
353,Kristen Myers DDS,kristen.5237@hotmail.com,63,Giza,2025-04-02
4051,Crystal Brown,,71,Lyon,2025-06-28
2542,Paul Wilson,paul.8107@outlook.com,35,Barcelona,2023-09-04
8196,Michael Cooke,michael.524@gmail.com,35,Giza,2025-12-29
7427,Jonathan Henry,jonathan.5632@example.com,55,Tokyo,2025-06-12
3215,Andrew Robinson,andrew.484@hotmail.com,26,London,2023-08-22
7569,Jessica Harris,jessica.8945@yahoo.com,29,Giza,2023-11-16
6974,Bradley Brown,bradley.2084@example.com,65,Sao Paulo,2026-08-10
9561,,brianna.829@gmail.com,64,Alexandria,2025-04-30
3067,Katherine White,katherine.3725@outlook.com,77,Chicago,2024-01-08
9646,Matthew Robbins,matthew.2521@gmail.com,38,Dubai,2025-08-26
2293,Rebecca Lane,rebecca.2655@example.com,31,Birmingham,2023-03-24
5282,Jay West,jay.6133@example.com,64,New York,2023-11-23
1809,Omar Spence,omar.5572@gmail.com,71,Hamburg,2024-05-28
138,Lindsay Martinez,lindsay.6465@gmail.com,34,Madrid,2026-08-24
6290,Tina Ortiz,tina.6502@outlook.com,35,New York,2023-07-28
1840,Alvin Wilson,alvin.7979@gmail.com,18,Cairo,2023-11-15
1547,Alejandro Nguyen,alejandro.5222@outlook.com,79,Munich,2024-07-21
4818,Anna Hunter,anna.6017@example.com,68,Manchester,2026-05-24
3488,Carlos Curry,carlos.4796@yahoo.com,51,Osaka,2023-09-29
1174,Crystal James,crystal.3184@gmail.com,29,Mumbai,2026-08-13
2352,Tracy Gutierrez,tracy.8738@example.com,32,Vancouver,2024-06-30
4702,Amanda Anderson,amanda.7827@example.com,22,Barcelona,2024-09-28
4139,Samuel Welch,samuel.4307@gmail.com,68,Vancouver,2025-01-07
7971,Susan Morrow,susan.5487@hotmail.com,55,Singapore,2024-09-03
8621,Ricardo Frye,ricardo.5918@gmail.com,56,Chicago,2026-05-16
3373,Veronica Diaz,veronica.2086@example.com,52,Osaka,2025-10-02
8086,Daniel Lyons,daniel.6335@hotmail.com,,Houston,2023-07-31
9758,Amy Ford,amy.3464@hotmail.com,22,Alexandria,2023-04-02
5727,Jody Rogers,jody.1932@hotmail.com,75,Sydney,2026-05-06
4122,Leah Kim,leah.3025@hotmail.com,39,Delhi,2023-01-03
1644,Morgan Bernard,morgan.5051@hotmail.com,63,Alexandria,2024-12-26
3152,Joshua Kaufman,joshua.3132@example.com,79,Cairo,2025-07-05
189,Peter Garrett,peter.1399@gmail.com,N/A,New York,2025-10-01
1327,Kevin Hernandez,kevin.9362@yahoo.com,80,Barcelona,2024-06-30
1108,Nicole Trujillo,nicole.3276@hotmail.com,66,Sydney,2024-06-18
3106,Kristine Moore,kristine.5953@hotmail.com,23,Giza,2024-04-26
4450,Chloe Ellis,chloe.921@yahoo.com,30,Sao Paulo,2023-06-11
4548,April Welch,april.3851@gmail.com,66,Vancouver,2024-01-07
7280,Johnathan Hall,johnathan.9577@yahoo.com,41,Birmingham,2026-09-06
3892,Russell Martin,russell.2487@outlook.com,72,Bangalore,2023-07-20
3903,James Anderson,james.3846@outlook.com,76,Madrid,2023-06-08
8012,Margaret Brown,margaret.889@yahoo.com,79,Lyon,2025-11-26
9086,Darryl Cisneros,darryl.903@outlook.com,37,Mumbai,2025-01-07
6631,Kimberly Martin,kimberly.284@hotmail.com,42,Birmingham,2024-08-16
8789,Christopher Brown,christopher.8901@outlook.com,28,Los Angeles,2022-12-01
7648,Alicia Brown,alicia.500@outlook.com,18,Birmingham,2023-11-07
5255,Samantha Armstrong,samantha.6853@gmail.com,23,Manchester,2025-08-17
2055,Justin York,justin.4570@yahoo.com,67,Hamburg,2022-11-07
4512,Christian Barnes,christian.4082@outlook.com,54,Paris,2026-04-03
3380,Stephanie Young,stephanie.4761@example.com,48,Delhi,2025-12-10
525,Lisa Webb,lisa.6168@yahoo.com,66,Madrid,2024-08-29
1612,Donna Snyder,donna.2205@gmail.com,62,Tokyo,2023-03-26
1194,Debra Bradley,debra.1253@gmail.com,75,Cairo,20/08/2023
4215,Sherry Patterson,sherry.3313@hotmail.com,72,Delhi,2024-09-25
1689,Rebecca Marsh,rebecca.2088@example.com,24,Berlin,2026-02-01
6446,Elizabeth Fleming,elizabeth.8954@outlook.com,64,Singapore,2025-03-13
9409,Kristina Gonzales,kristina.9153@hotmail.com,25,Singapore,2024-10-14
5202,Joseph Armstrong,joseph.5073@hotmail.com,23,Hamburg,2026-08-16
4233,Michaela Hernandez,michaela.7918@outlook.com,44,Madrid,2025-11-13
6053,Mark Cohen DVM,mark.200@yahoo.com,62,Osaka,2025-07-15
5156,Tina Ellis,tina.189@gmail.com,N/A,Mumbai,2023-09-15
177,Terri Mason,terri.1324@hotmail.com,56,Los Angeles,2024-09-07
1374,Shelly Hernandez,shelly.6754@hotmail.com,27,Birmingham,2025-01-10
1244,Douglas Tyler,douglas.8707@example.com,66,New York,2023-12-10
7677,Cheryl Byrd,cheryl.3108@yahoo.com,62,Delhi,2023-08-29
4672,Rita Tyler,rita.7967@yahoo.com,18,Berlin,2025-11-21
1388,Jennifer Aguirre,jennifer.1809@outlook.com,57,Hamburg,2025-10-19
2933,Beth Perez,beth.6575@gmail.com,35,Houston,2024-07-16
7614,Marvin Wilson,marvin.794@hotmail.com,77,Melbourne,2024-02-15
8048,Douglas Haynes,douglas.1510@hotmail.com,62,Chicago,2024-09-05
8085,Jennifer Olson,jennifer.313@example.com,75,Los Angeles,2023-10-20
1396,Tracy Wells,tracy.520@hotmail.com,23,Melbourne,2023-06-01
4223,Amy Payne,amy.9798@outlook.com,72,Manchester,2025-07-30
5088,David Tran,david.6586@example.com,54,Barcelona,2025-12-12
9469,Vincent Moreno,vincent.9105@hotmail.com,36,Madrid,2025-06-30
4567,Kevin Smith,kevin.2620@yahoo.com,66,Dubai,2026-04-22
3268,Sabrina Robinson,sabrina.6219@hotmail.com,62,Chicago,2024-02-12
9058,Cameron Wright,cameron.5656@example.com,29,Houston,2025-10-24
8642,Kim Francis,kim.2734@outlook.com,40,Chicago,2023-09-04
3117,,julie.1726@hotmail.com,42,Chicago,2025-06-21
8840,Cindy Nolan,cindy.3830@gmail.com,38,Berlin,2023-07-10
3370,Ann Scott,ann.433@outlook.com,23,Singapore,2023-08-16
8306,Kenneth Sparks,kenneth.5262@outlook.com,53,Alexandria,2024-03-20
8262,Brandon Hernandez,brandon.2971@yahoo.com,72,Giza,2025-06-21
8165,Michelle Marsh,michelle.8614@hotmail.com,45,Berlin,2026-01-15
906,Priscilla Berg,priscilla.732@hotmail.com,46,Hamburg,2026-01-11
499,Teresa Powers,teresa.6888@hotmail.com,75,Berlin,2025-11-08
7994,Kelly Stanton,kelly.8419@yahoo.com,21,Delhi,2025-01-22
5018,Nathan Taylor,nathan.1306@example.com,77,Barcelona,2025-01-14
7006,Christopher Sanchez,christopher.4455@yahoo.com,37,Alexandria,2026-01-06
2962,Tracey Fisher,tracey.8256@gmail.com,28,Dubai,2025-04-06
1905,Claudia Snyder,claudia.9156@gmail.com,53,Delhi,2026-09-05
8823,Tammy Stone,tammy.744@hotmail.com,62,Dubai,2025-09-10
1160,Michael Henderson,michael.1739@hotmail.com,68,Mumbai,2024-02-07
6301,Kathryn Bishop,kathryn.9318@gmail.com,69,Chicago,2024-04-22
8851,Natalie Hernandez,natalie.6858@outlook.com,50,Giza,2026-03-02
6493,David Cohen,david.9794@hotmail.com,44,London,2025-10-25
8438,Andrea Adams,andrea.7570@yahoo.com,48,Singapore,2024-05-16
3601,Matthew Marquez,matthew.9358@outlook.com,64,Hamburg,2025-12-23
2154,Rodney Nichols,rodney.8296@gmail.com,40,Munich,2022-09-19
1837,David Hanson,david.9068@yahoo.com,46,London,2023-09-01
7985,Pamela Silva,pamela.1372@hotmail.com,61,Paris,2024-07-02
5368,Brett Church III,brett.8933@hotmail.com,37,Manchester,2024-06-07
6932,Clarence Jones,clarence.4014@gmail.com,21,Cairo,2025-04-22
810,Catherine Davis,catherine.7592@hotmail.com,72,New York,2023-03-22
122,Daniel Graham,daniel.6485@hotmail.com,18,Barcelona,2022-10-29
7908,Joel Villegas,joel.7751@example.com,69,Birmingham,2024-02-02
7718,Anthony Nguyen,anthony.8128@hotmail.com,19,Mumbai,2025-03-27
3434,Steve Graham,steve.7169@hotmail.com,32,Houston,2025-12-20
3313,Jordan Callahan,jordan.1138@yahoo.com,29,Toronto,2022-12-25
7424,Joseph Nelson,joseph.1830@outlook.com,48,Lyon,2026-06-23
1437,Ana Mcclain,ana.1810@gmail.com,51,Mumbai,2024-07-16
7136,Kenneth Lowe,kenneth.8257@outlook.com,56,Alexandria,2026-03-09
623,Jackie Clements,jackie.4776@outlook.com,79,Barcelona,2024-01-08
2556,Wendy Williams,wendy.1351@hotmail.com,71,Lyon,2025-08-31
7108,Maria Mason,maria.5936@hotmail.com,27,Berlin,2025-10-23
1343,Sandra Smith,sandra.8822@yahoo.com,80,Singapore,2023-02-06
3259,Tim Brewer,tim.7448@outlook.com,,Riyadh,2024-07-06
2852,Mitchell Phillips,mitchell.9890@yahoo.com,,Manchester,2024-03-15
3709,Allison Grant,allison.3265@gmail.com,52,Hamburg,2023-05-01
4112,Rebekah Castillo,rebekah.7610@outlook.com,72,Osaka,2024-04-03
155,Joshua Gill,joshua.1628@hotmail.com,52,Osaka,2023-06-14
8677,Amy Kim,amy.1482@hotmail.com,59,Los Angeles,2024-07-04
3867,Natalie Keith,natalie.4000@example.com,54,Hamburg,2026-07-13
1325,Sarah Ramirez,sarah.6867@hotmail.com,41,Tokyo,2023-03-29
3634,Cassandra Fry,cassandra.3848@gmail.com,36,Manchester,2024-09-14
7138,Justin Velasquez,justin.8471@example.com,43,Barcelona,2023-07-16
3133,Lori Navarro,lori.2886@gmail.com,27,Giza,2022-10-15
738,Michael Fowler,michael.7036@hotmail.com,68,Los Angeles,2026-04-04
7198,Tracy Wallace,tracy.5832@yahoo.com,55,Paris,2026-03-14
9190,Christine Jimenez,christine.2369@yahoo.com,51,Manchester,10-07-2022
9025,Linda Olson MD,linda.3813@yahoo.com,18,Bangalore,2024-04-15
9238,Robert Maynard,robert.4315@yahoo.com,58,Melbourne,2022-09-23
6721,Amanda Rose MD,amanda.2797@example.com,76,Osaka,2026-04-01
5195,George Hall,george.6549@hotmail.com,33,Los Angeles,2024-12-28
3400,Darren Gonzales,darren.9647@outlook.com,41,Mumbai,2024-08-28
1957,Jesse Brooks,jesse.8822@outlook.com,61,Mumbai,2025-02-18
2574,Elizabeth Rodriguez,elizabeth.9150@gmail.com,41,Los Angeles,2025-07-14
2684,Kylie Ford,kylie.7232@outlook.com,50,Dubai,2023-03-05
2297,Debbie Tran,,31,Madrid,2026-07-04
6241,Jeremy Miller,jeremy.6021@hotmail.com,59,Lyon,2025-07-23
708,Amanda Harvey,amanda.7997@hotmail.com,55,Cairo,2023-09-11
6763,Angel Baker,angel.6212@outlook.com,26,Sao Paulo,2023-10-05
6388,Jesse Anderson MD,jesse.449@yahoo.com,75,Bangalore,2023-10-16
5352,Jonathan Vasquez,jonathan.9860@gmail.com,67,Singapore,2026-02-05
6504,Kelly Smith,kelly.9690@hotmail.com,38,Singapore,2023-05-18
8230,Linda Rose,linda.4884@hotmail.com,75,Los Angeles,2023-11-05
76,Eric Nolan,eric.1859@outlook.com,78,New York,2025-11-23
8147,David Johnson,david.6236@hotmail.com,73,Munich,2025-10-31
5763,Rachel Morton,rachel.4296@gmail.com,57,New York,2024-05-31
9202,Steven Pearson,steven.9598@yahoo.com,75,Berlin,2023-01-25
4142,Charles Jones,charles.1821@gmail.com,53,Delhi,2024-07-21
3807,Jasmine Schmitt,jasmine.6978@hotmail.com,79,Barcelona,2023-05-26
9008,Michael Griffin,michael.1150@gmail.com,0,London,2025-03-29
3642,Samantha Carter,samantha.748@hotmail.com,46,Munich,2026-08-22
4202,Chad Kim,chad.6753@gmail.com,64,Hamburg,2023-12-19
3242,Shirley Frederick,shirley.1687@example.com,35,Delhi,2023-05-30
5299,Amber Lopez,amber.8200@hotmail.com,54,Dubai,2023-09-06
2828,Joshua Harrington,joshua.5150@gmail.com,20,Los Angeles,2023-12-26
7379,John Buck,john.7210@yahoo.com,19,Melbourne,2023-02-12
655,Katie Fuller,katie.3799@outlook.com,58,Chicago,2024-09-18
9420,Sonya Smith,sonya.1906@gmail.com,37,Madrid,2023-12-29
7315,Brian Gomez,brian.2843@yahoo.com,35,Munich,2025-09-30
8655,Larry Garcia,larry.3056@example.com,72,New York,2023-02-20
6263,Gerald Snyder,gerald.6994@gmail.com,50,Vancouver,2023-03-24
351,Jason Beck,jason.2224@gmail.com,46,Chicago,2023-01-20
3217,Meagan Smith,meagan.7891@yahoo.com,79,Giza,2025-10-09
3576,David George,david.1951@hotmail.com,75,Melbourne,2025-09-11
2874,Kim Lindsey,kim.4520@outlook.com,51,Mexico City,2026-02-04
8148,Jonathan Johnston,jonathan.3073@example.com,22,London,2025-11-10
7876,Susan Nelson,susan.1941@gmail.com,47,Barcelona,2023-02-28
3348,Melissa Harris,melissa.2023@gmail.com,49,Birmingham,2026-04-11
3371,Zachary Mendoza,zachary.2304@example.com,76,Birmingham,2023-05-21
1841,Kevin Cannon,kevin.2940@gmail.com,63,Riyadh,2022-11-20
8132,Tina Miller,tina.1576@outlook.com,71,Mexico City,2024-04-16
4261,Tyrone Collins,tyrone.1164@example.com,22,Lyon,2022-12-04
3214,Kristin Williams,kristin.5979@gmail.com,75,Houston,2026-01-30
2551,Tara Newton,tara.5512@outlook.com,46,Hamburg,2023-03-20
1625,Joseph Thomas,joseph.746@hotmail.com,40,Madrid,2023-03-06
212,Yolanda Francis,yolanda.6786@hotmail.com,31,Singapore,2024-06-12
1481,Lauren Cunningham,lauren.4922@gmail.com,64,Sydney,2026-03-08
3484,Amber Zhang,  amber.6518@outlook.com  ,60,New York,2023-07-25
5370,Jennifer Schmidt,jennifer.2764@example.com,38,Alexandria,2023-03-30
7359,Mrs. Laura Becker,mrs..7465@example.com,79,Sao Paulo,2025-07-03
910,Jose Bennett,jose.8872@outlook.com,80,Singapore,2024-06-04
1857,Michael Baldwin,michael.5478@example.com,69,Osaka,2024-09-08
2278,Jane Bruce,jane.7075@outlook.com,72,Paris,2025-06-18
3716,Vicki Barrera,vicki.6018@example.com,67,Berlin,2024-12-22
6004,Nicholas Keith,nicholas.744@yahoo.com,40,Singapore,2025-05-25
2292,Dana Beltran MD,dana.5903@outlook.com,69,Tokyo,2025-04-15
4341,Tara Brown,tara.3290@yahoo.com,51,Alexandria,2026-06-03
9323,Ryan Klein,ryan.6187@gmail.com,77,New York,2023-01-30
6326,Ashley Reed,ashley.8925@outlook.com,40,London,2023-10-03
744,Ryan Phillips,ryan.6419@hotmail.com,59,Alexandria,2023-12-26
1459,Monique Mccullough,monique.2956@example.com,43,Lyon,2023-04-08
7561,Joseph Buckley,joseph.7404@hotmail.com,35,Delhi,2025-01-11
457,Kathleen Mays,kathleen.2881@gmail.com,71,Berlin,2026-02-11
9335,Carlos Ross,carlos.3546@outlook.com,71,Mexico City,2022-12-09
8043,Lori Liu,lori.9558@hotmail.com,33,Munich,2023-05-25
9093,John Stout,john.2024@outlook.com,52,Los Angeles,2024-12-18
9873,Jillian Ortega,jillian.2289@gmail.com,44,Houston,2026-01-31
280,Ellen Morgan,ellen.3919@hotmail.com,79,Sydney,2022-09-25
8659,Heather Jones,heather.7793@hotmail.com,79,Munich,2023-01-21
4303,David Anderson,david.4800@outlook.com,43,Munich,2026-07-28
6799,Bradley Brown,bradley.6855@outlook.com,43,Manchester,2025-05-30
4190,Jeremy Hill,jeremy.7994@example.com,56,Melbourne,2022-11-29
3605,Dean Dunn,dean.8082@hotmail.com,23,Tokyo,2026-01-08
8143,Anthony Arellano,anthony.4901@hotmail.com,26,Sao Paulo,2025-10-26
1579,Erin Silva,erin.8953@yahoo.com,43,Munich,2024-04-08
3441,Wayne Morton,wayne.8654@outlook.com,30,Melbourne,2025-04-20
9229,Jason Moore,jason.5556@yahoo.com,61,New York,2023-09-13
1030,Michael Nicholson,michael.4840@yahoo.com,20,Madrid,2023-01-06
8390,Lauren Morgan,lauren.6131@gmail.com,70,Riyadh,2023-10-13
4824,Zachary Smith,zachary.6472@example.com,52,Bangalore,2023-11-21
794,Richard Saunders,richard.3903@outlook.com,49,Mexico City,2022-09-29
5954,Ryan Perry,ryan.1583@example.com,61,Sydney,2023-07-05
5990,David Stewart,david.241@gmail.com,79,Paris,2022-10-02
677,Douglas Kirk,douglas.3197@outlook.com,79,Madrid,2024-01-08
1807,Donald Fisher,donald.4962@outlook.com,21,Riyadh,2024-07-03
7148,Haley Mckenzie,haley.7761@example.com,56,Osaka,2024-09-10
8927,Tyler Roberts,tyler.365@outlook.com,55,Alexandria,2024-06-06
4398,Tracey Nichols,tracey.865@hotmail.com,72,Giza,2024-08-11
4932,Roberto Pittman,roberto.6813@gmail.com,49,Osaka,2024-09-21
6784,Angela Logan,angela.4202@gmail.com,70,Delhi,2023-08-08
169,Matthew Moore,matthew.6898@example.com,25,Bangalore,2023-05-28
491,Brian Johnson,brian.6807@outlook.com,54,Alexandria,2025-02-06
1412,Leslie Hood MD,leslie.6485@yahoo.com,18,Alexandria,2025-08-18
327,Randy Conley,randy.8130@outlook.com,41,Sao Paulo,2026-03-31
4048,Jaclyn Lindsey,jaclyn.3261@hotmail.com,34,Dubai,2026-03-19
4050,Amy Sanders,amy.6731@outlook.com,43,Sydney,2024-01-17
3440,Alejandra Fernandez,alejandra.1180@hotmail.com,29,Mumbai,2024-09-05
4252,Susan Sharp,susan.4524@example.com,34,Mexico City,2025-06-15
5710,Julie Moon,julie.2634@gmail.com,46,Mexico City,2024-11-05
8887,Cynthia Rasmussen,cynthia.6938@example.com,29,Singapore,2022-11-02
8555,Tami Chung,tami.9867@example.com,79,Dubai,2025-06-06
9214,Frederick Martin,frederick.3564@example.com,33,Tokyo,2026-04-22
6324,Scott Harrell,scott.5557@example.com,79,Lyon,2024-06-18
1872,Rachel Powell,rachel.3314@hotmail.com,26,Alexandria,2024-05-01
2617,Donald Harris,donald.2701@hotmail.com,31,Lyon,2023-10-08
9793,Meredith Wiley,meredith.350@gmail.com,35,Hamburg,2023-06-24
4698,Jacob Sosa,jacob.3509@gmail.com,29,Berlin,2024-07-05
1086,Jennifer Castaneda,jennifer.7382@outlook.com,60,Barcelona,2023-06-10
5522,Lynn Flores,lynn.8725@yahoo.com,67,Paris,2023-12-01
1304,Joshua Bates,joshua.3581@example.com,35,Chicago,2024-08-10
6262,Tyler Guerrero,tyler.3695@yahoo.com,32,Munich,2026-05-12
3202,Christopher Anderson,christopher.5922@yahoo.com,43,New York,2026-07-14
7889,Brian Pena,brian.3573@gmail.com,38,Toronto,2026-04-12
748,Carmen Preston,carmen.5917@hotmail.com,26,Berlin,2023-05-04
5059,Christina Jenkins,christina.51@outlook.com,47,Chicago,2022-10-05
1973,Eric Jenkins,eric.9107@outlook.com,63,Barcelona,2026-03-20
8063,Michael Ayala,michael.4094@yahoo.com,36,Houston,2023-07-31
1721,Eric Johnson,eric.6302@hotmail.com,71,Munich,2024-01-18
6488,John White,john.1170@example.com,67,Tokyo,2025-09-10
4391,Marissa Davis,marissa.4479@example.com,67,Los Angeles,2025-08-17
2155,Larry Wood,larry.9866@example.com,65,Toronto,2023-01-16
696,Russell Murphy,russell.973@example.com,40,Madrid,2023-01-28
8018,David Cervantes,david.7871@gmail.com,24,Toronto,2026-05-26
4879,Mark Hughes,mark.2425@example.com,32,Tokyo,2026-06-02
9713,Lisa Farley,lisa.2579@example.com,37,Dubai,2023-07-09
2607,Susan Rivera,susan.4874@outlook.com,57,Melbourne,2023-07-29
4560,Ashley Dudley,ashley.4746@outlook.com,19,Mumbai,2023-06-21
4388,Frank Payne,frank.8479@outlook.com,29,Mexico City,2024-02-21
6364,Maurice Hernandez,maurice.5037@hotmail.com,68,Giza,2026-02-25
3059,Dr. Jacqueline Monroe,dr..4908@outlook.com,44,Bangalore,2022-11-21
8907,Michael Moon,michael.5571@gmail.com,54,Tokyo,2025-10-16
9717,Lee Kaiser,lee.6772@outlook.com,27,Lyon,2024-11-16
6117,Patrick Nelson,patrick.1544@outlook.com,53,Lyon,2023-06-23
8042,Kayla Steele,kayla.4385@yahoo.com,65,Alexandria,2026-07-04
2179,Jeffery Hernandez,jeffery.3386@example.com,31,Melbourne,2025-05-01
538,Timothy Lam,timothy.252@yahoo.com,77,Houston,2024-12-18
8175,Adriana Higgins,adriana.5925@outlook.com,41,Cairo,2026-07-03
3338,Catherine Holland,catherine.4527@hotmail.com,30,Alexandria,2024-09-12
4338,Jennifer Nguyen,jennifer.4665@example.com,34,New York,2023-06-19
1435,Meghan Patel,meghan.9036@yahoo.com,57,Birmingham,2023-11-17
66,Michele Carr,michele.1900@outlook.com,73,Lyon,2026-08-29
503,Kristin Anderson,kristin.6440@example.com,26,Bangalore,2023-09-06
8259,Aaron Hill,aaron.1007@yahoo.com,66,Houston,2023-09-19
6116,Brittany Smith,brittany.7708@yahoo.com,63,Delhi,2024-05-29
7408,Kevin Cain,kevin.5046@example.com,34,Chicago,2025-09-02
4703,John Bryant,john.2699@yahoo.com,58,Singapore,2026-02-17
3981,Sarah Waller,sarah.918@outlook.com,54,Lyon,2026-06-03
7168,Erika Weaver,erika.2953@outlook.com,79,Barcelona,2025-06-24
8040,Mary Ponce,mary.82@yahoo.com,34,Barcelona,2023-06-11
5103,Rhonda Williams,rhonda.1532@hotmail.com,77,London,2024-08-04
1502,Brian Mcguire,brian.4363@outlook.com,38,Mumbai,2024-10-06
9049,Stephanie Gonzalez,stephanie.6856@hotmail.com,52,Melbourne,2026-06-09
6578,Alicia Jackson,alicia.4365@yahoo.com,67,Giza,2024-06-08
7040,Jason Wong,jason.8133@gmail.com,55,Melbourne,2023-11-06
5063,Christopher Harrison,christopher.4577@yahoo.com,45,Singapore,2026-04-16
6808,Melanie Boyd,melanie.3221@gmail.com,59,Mexico City,2023-07-10
8476,Vickie Obrien,vickie.4662@outlook.com,60,London,2023-08-25
2730,Ashley Huffman,ashley.1053@hotmail.com,19,Barcelona,2025-12-03
6907,Mrs. Vicki Johnson,mrs..8354@outlook.com,35,Hamburg,2024-05-09
2911,Kyle Fox,kyle.7111@gmail.com,40,Osaka,2023-05-06
1109,Michael Howard,michael.2637@hotmail.com,61,Manchester,2023-04-01
8913,Mary Sanchez,mary.6914@hotmail.com,38,Houston,2025-10-13
8258,Selena Griffith,selena.4548@yahoo.com,41,Hamburg,2024-01-05
4287,Julia Mullins,julia.8808@gmail.com,69,Sao Paulo,2026-04-10
4898,Carla Holloway,carla.2910@gmail.com,26,Birmingham,2024-04-09
1949,Blake Hardy,blake.7244@hotmail.com,62,New York,2023-12-16
530,Debra Sanders,debra.3979@hotmail.com,31,Toronto,2024-03-15
8779,Katie Campbell,katie.3791@gmail.com,19,Manchester,2022-11-25
3054,Susan Garcia,susan.9731@yahoo.com,19,Los Angeles,2026-07-05
855,Tommy Moore,tommy.327@example.com,48,Cairo,2024-05-16
9514,Mark Mueller,mark.2323@yahoo.com,62,Madrid,2025-06-23
8806,Joseph Stevens,joseph.3986@gmail.com,44,Houston,2023-04-23
6486,Kyle Mcdonald,kyle.2724@gmail.com,73,Vancouver,2025-09-26
97,Stephanie Gilbert,stephanie.7487@gmail.com,64,Los Angeles,2023-11-30
4883,Jacob Smith,jacob.6552@outlook.com,54,Toronto,2023-03-12
3930,Jon Rocha,jon.7556@outlook.com,33,Mumbai,2025-04-08
595,Ryan Williamson,ryan.9061@outlook.com,45,Chicago,2025-12-18
8219,Amy Buchanan,amy.7613@example.com,55,Singapore,2025-03-11
937,Matthew Wells,matthew.4966@hotmail.com,35,,2024-11-04
8157,Sharon Lang,sharon.7100@yahoo.com,42,Giza,2025-12-22
5451,Thomas Garcia,thomas.9429@yahoo.com,43,Mexico City,2023-04-27
9379,Sherry Hernandez,sherry.5586@yahoo.com,43,Sydney,2026-01-05
1800,Austin Green,austin.15@gmail.com,60,Berlin,2024-12-27
589,Jessica Johnson,jessica.2293@gmail.com,50,Bangalore,2025-03-02
4490,Tracy Williams,tracy.9001@hotmail.com,32,Houston,2025-07-01
3591,Jeffrey Lyons,jeffrey.4559@example.com,74,Dubai,2023-05-17
8174,Rodney Lewis,rodney.6623@yahoo.com,66,Riyadh,2026-08-03
4826,Evelyn Dunn,evelyn.8515@hotmail.com,68,Dubai,2025-06-16
7173,Joshua Stout,joshua.1171@outlook.com,47,Osaka,2024-11-25
2020,Charles Hahn,charles.2029@example.com,31,Barcelona,2026-01-22
6669,Tiffany Lopez,tiffany.5264@example.com,38,Chicago,2023-01-10
7452,Jonathan Hayes,jonathan.1967@outlook.com,21,Riyadh,2023-11-03
791,Melissa Mitchell,melissa.5676@gmail.com,78,Toronto,2024-04-03
7496,Sharon Medina,sharon.8118@outlook.com,57,Chicago,2024-08-19
5631,Sarah Lopez,sarah.6645@outlook.com,54,Sao Paulo,2025-04-06
710,Chad Gonzalez,chad.5870@gmail.com,68,Madrid,2026-04-01
8707,Samantha Harris,samantha.1327@hotmail.com,73,Houston,2023-05-17
2077,Gregory Figueroa,gregory.4316@outlook.com,55,Berlin,2026-08-01
3003,Victoria Wright,victoria.2250@gmail.com,56,New York,2024-11-11
5111,Cody Brown,cody.6998@hotmail.com,77,Vancouver,2022-12-27
3086,Danny Fuller,danny.2123@gmail.com,39,Munich,2024-12-18
2553,Sean Sellers,sean.8152@hotmail.com,35,Berlin,2026-04-30
5264,Deborah Smith,deborah.908@example.com,74,Houston,2024-11-21
7396,Duane Bates,duane.1274@example.com,73,Berlin,2025-02-09
7923,April Mendoza MD,april.6159@hotmail.com,22,Madrid,2024-12-11
7782,Sheila Clayton,sheila.4206@hotmail.com,34,Giza,2026-08-17
5337,Claudia Matthews,claudia.4576@gmail.com,36,Riyadh,2025-10-16
6295,Steven Richardson,steven.2860@outlook.com,60,Alexandria,2025-05-13
6882,Natasha Taylor,natasha.1293@outlook.com,56,Melbourne,2025-04-09
2974,Maureen Johnson,maureen.3610@hotmail.com,63,Manchester,2024-12-23
7216,Kevin Logan,kevin.5430@hotmail.com,72,Alexandria,2025-07-01
9543,Norma Ramirez,norma.6316@yahoo.com,40,Dubai,2023-11-02
5882,Melissa Smith,melissa.7885@example.com,62,,2025-07-04
2423,John Rivera,john.8200@yahoo.com,68,Mexico City,2022-12-14
2046,Denise Mcgee,denise.8564@gmail.com,25,los angeles,2025-11-20
8757,Brittany Jones,brittany.6582@outlook.com,77,Singapore,2024-02-09
1751,Robert Beck,robert.7943@gmail.com,26,Lyon,2024-05-07
8891,Ethan Johnson,ethan.1072@example.com,999,Singapore,2022-10-03
4531,April Norton,april.7618@yahoo.com,46,Riyadh,2023-06-03
637,Michael Montoya,michael.4068@hotmail.com,28,Riyadh,2026-08-30
1465,Terri Kerr,terri.8940@yahoo.com,42,Singapore,2024-02-26
2348,Debbie Glover,debbie.8315@hotmail.com,25,Alexandria,2023-02-25
9637,Jay Poole,jay.1987@outlook.com,45,Sydney,2026-05-10
8732,James Jennings,james.6736@yahoo.com,44,Melbourne,2024-10-21
3309,Alexa Beard,alexa.4719@example.com,36,Bangalore,2023-04-05
1096,Jessica Rojas,jessica.5618@hotmail.com,46,Sydney,2022-11-04
6705,Danielle Rodriguez,danielle.2664@example.com,69,Berlin,2023-08-17
2176,Anthony Holt,anthony.3329@yahoo.com,78,Tokyo,2025-03-21
7895,Brad Sanchez,brad.4591@hotmail.com,20,Birmingham,2025-10-31
2448,Beverly Nguyen,beverly.3630@gmail.com,66,Manchester,2026-07-13
2600,Robert Parker,robert.7520@hotmail.com,30,Cairo,2024-05-07
7627,Scott Nichols,scott.9789@hotmail.com,32,Tokyo,2024-08-27
1010,Jessica Brown,jessica.7106@yahoo.com,39,Osaka,2023-08-07
6501,Shannon Baker,shannon.9384@yahoo.com,27,Barcelona,2024-10-31
4637,Natalie Oconnor,natalie.8266@gmail.com,49,Los Angeles,2023-02-27
5157,Theodore Hudson,theodore.397@gmail.com,23,Toronto,2024-04-30
6594,Mr. David Villanueva,mr..4881@yahoo.com,55,Tokyo,2025-06-05
9859,April Mccullough,april.9206@hotmail.com,68,Manchester,2026-04-05
8795,Edward Ramirez,edward.8616@example.com,64,Sydney,2024-03-22
5513,Richard Ellis,richard.1141@example.com,31,Sydney,2024-10-11
4915,Danielle Contreras,danielle.3853@hotmail.com,60,Toronto,2026-06-15
540,Nicole Marquez,nicole.9903@yahoo.com,43,Sao Paulo,2024-04-20
3670,Ricky Anderson,ricky.6658@example.com,35,Paris,2022-12-10
7069,Amy Rivera,amy.3052@yahoo.com,80,Melbourne,2024-01-26
4273,Amanda Frank,amanda.1337@hotmail.com,,Singapore,2023-03-26
4260,Lauren Nolan,lauren.5872@example.com,25,Singapore,2025-12-04
510,David Munoz,david.6869@example.com,67,Sao Paulo,2023-07-12
825,Cheryl Rhodes,cheryl.5433@gmail.com,20,Mexico City,2025-03-20
5342,Christine Colon,christine.2354@gmail.com,64,Vancouver,2025-10-23
1954,Sally Leon,sally.902@example.com,59,Houston,2022-10-15
2895,Emily Lee,emily.9320@outlook.com,31,Sao Paulo,2026-08-26
427,Walter Patton,walter.3969@gmail.com,54,Mexico City,2025-10-24
5674,Fernando Wallace,fernando.4304@example.com,33,Madrid,2023-01-31
3088,Diane Jensen,diane.2461@gmail.com,55,Sydney,2024-07-04
4352,Heather Barry,heatherATyahoo.com,22,London,2025-05-07
1627,Tammy Campbell,tammy.4615@hotmail.com,68,Giza,2026-03-21
588,Crystal Sullivan,crystal.6376@example.com,39,Berlin,2023-06-13
3550,Christina Rodriguez,christina.8983@outlook.com,52,Bangalore,2023-11-10
1804,Terri Williams,terri.1149@example.com,32,Cairo,2026-06-19
3547,Sergio Hodge,sergio.535@yahoo.com,42,Singapore,2025-05-11
1920,Tanya Brooks,tanya.1836@yahoo.com,49,Los Angeles,2023-08-31
3620,Marc Williams,marc.2919@gmail.com,44,Delhi,2024-03-24
7551,Patrick Cruz,patrick.1249@example.com,22,Sydney,2023-09-30
4751,Peggy Young,peggy.2290@yahoo.com,25,Vancouver,2026-04-14
579,Lauren Johnston,lauren.1563@example.com,76,Alexandria,2024-06-29
4713,Katrina Garcia,katrina.7091@example.com,19,Munich,2025-03-30
4213,Tracy Mejia,tracy.1482@outlook.com,38,Dubai,2022-10-04
3356,Joe Martin,joe.7753@hotmail.com,33,Sydney,2023-05-28
248,Kimberly Levine,kimberly.1480@example.com,56,Lyon,2024-02-23
7585,Peter Brown,peter.698@example.com,28,Alexandria,2023-01-19
3791,Katie Higgins,katie.1890@example.com,60,Riyadh,2023-04-29
179,Brandon Hayden,brandon.9591@example.com,63,Toronto,2026-01-20
1783,Grace Green,grace.3553@example.com,58,New York,2025-09-20
8051,Adam Carroll,adam.4383@outlook.com,66,Osaka,2026-03-16
812,Gabriela Davis,gabriela.4985@example.com,20,Houston,2024-02-18
6415,Kevin Wallace,kevin.3086@gmail.com,37,Houston,2026-07-07
3308,Richard Rodriguez,richard.2803@yahoo.com,40,Riyadh,2025-05-16
1038,Katherine Joyce,katherine.821@gmail.com,70,Chicago,2026-05-17
8586,Michael Perez,michael.2656@yahoo.com,72,Houston,2024-01-28
9449,Rachel Horn,rachel.7276@gmail.com,60,Sydney,2024-11-13
3498,Lisa Montes,lisa.4429@hotmail.com,55,Berlin,2025-10-10
9822,Matthew Jones,matthew.6323@gmail.com,79,Bangalore,2025-08-24
1042,Julia Norris,julia.5385@hotmail.com,75,Hamburg,2022-10-04
6177,Dustin Allen,dustin.5629@example.com,62,Toronto,2023-11-07
8481,Shawn King,shawn.719@gmail.com,43,Delhi,2025-12-16
6601,Joseph Jimenez,joseph.8160@hotmail.com,53,Vancouver,2025-12-04
7257,Nicole Butler,nicole.809@example.com,72,Hamburg,2025-07-25
2388,Patricia Vincent,patricia.6712@outlook.com,32,Osaka,2026-04-27
563,Frank Valentine,frank.7917@outlook.com,19,Cairo,2023-07-07
8106,Barbara Silva,barbara.6576@yahoo.com,54,Dubai,2025-09-20
2676,Mrs. Lisa Smith,mrs..8993@yahoo.com,33,Lyon,2026-01-22
9373,Derrick Burnett,derrick.3078@outlook.com,52,Los Angeles,2025-08-05
6624,Morgan Greene,morgan.9749@outlook.com,34,Melbourne,2024-08-26
1441,Kimberly Anderson,kimberly.1618@gmail.com,54,Riyadh,2024-02-05
5758,Theresa Mercer,theresa.4074@gmail.com,76,Manchester,2023-04-15
5673,Peter Watson,peter.4134@gmail.com,19,Bangalore,2026-04-14
9123,Kristen Osborne,kristen.9576@example.com,39,Munich,2025-11-09
1895,Kathryn Cohen ,kathryn.6642@yahoo.com,68,Tokyo,2023-10-24
5150,Michael Khan,michael.3364@yahoo.com,69,Sydney,2023-10-31
852,Catherine Morales,catherine.3085@outlook.com,52,Birmingham,2026-07-23
1496,Karen Collins,karen.8981@outlook.com,34,Giza,2024-02-28
5940,John Baker,john.1271@example.com,47,Osaka,2025-06-12
8361,Nicole Reynolds,nicole.2244@hotmail.com,25,Tokyo,2023-08-24
6901,Jenna Gonzalez,jenna.4778@example.com,72,Barcelona,2024-07-18
9184,Lawrence Townsend,lawrence.131@gmail.com,54,Mexico City,2025-08-17
6680,Dana Murray,dana.7183@example.com,64,Bangalore,2024-07-23
5096,Derek Coleman,derek.719@yahoo.com,47,Munich,2024-09-29
6277,Spencer Bailey,spencer.4304@yahoo.com,27,Houston,2025-07-01
3510,Zachary Swanson MD,zachary.4262@yahoo.com,79,Berlin,2025-03-18
1599,James Fuller,james.108@yahoo.com,74,Madrid,2023-12-19
8270,Jessica Bernard,jessica.2147@gmail.com,37,Giza,2026-06-09
3407,Carol Gay,carol.5812@yahoo.com,47,Osaka,2023-04-18
6954,Kathryn Chavez,kathryn.4735@gmail.com,27,Mexico City,2026-05-24
2328,Benjamin Sandoval,benjamin.5158@outlook.com,80,Singapore,2024-03-13
1584,Taylor Cox,taylor.2025@gmail.com,25,Delhi,2025-07-28
8375,Michael Velez,michael.803@example.com,36,Lyon,2023-03-26
6264,Kristie Crosby,kristie.570@outlook.com,43,Giza,2023-04-16
200,Mrs. Brittany Ryan MD,mrs..9122@gmail.com,56,Sao Paulo,2024-12-01
3265,Laura Scott,laura.861@hotmail.com,74,Sydney,2024-11-29
8297,Rhonda Gonzalez,rhonda.4718@yahoo.com,46,Cairo,2022-12-05
6329,Samantha Powell,samantha.1503@outlook.com,39,Birmingham,2025-07-06
5291,Holly Davis,holly.6894@example.com,54,Sydney,2025-12-15
139,Hannah Patterson,hannah.2025@outlook.com,41,Mumbai,2024-03-11
7049,Suzanne Mills,suzanne.371@outlook.com,77,Chicago,2024-11-14
8776,Cynthia Wright,cynthia.8826@example.com,42,Barcelona,2026-07-26
1084,David Duran,david.3123@hotmail.com,24,Singapore,2026-05-08
6678,Charles Lloyd,charles.5035@hotmail.com,48,London,2023-10-01
8369,Johnathan Gross,johnathan.6467@outlook.com,43,Singapore,2024-12-11
1121,Kenneth Huff,kenneth.6026@example.com,52,Bangalore,2025-05-05
3404,Matthew Hamilton,matthew.7489@gmail.com,54,Berlin,2025-02-07
1037,Katherine Galloway,katherine.7484@hotmail.com,34,Hamburg,2026-04-19
1977,Benjamin Horton,benjamin.4980@outlook.com,53,Bangalore,2024-10-22
4456,Tina Hernandez,tina.3049@outlook.com,36,Bangalore,2025-12-05
4968,Melinda Pugh,melinda.4231@yahoo.com,60,Birmingham,2023-11-16
1939,Dan Johnson,dan.3023@yahoo.com,53,Delhi,2026-05-28
9810,Steven Hopkins,steven.4392@hotmail.com,36,Giza,2023-01-03
2883,Laura Gomez,laura.2043@outlook.com,18,Dubai,2026-03-26
8491,Jeffrey Brown,jeffrey.9342@gmail.com,70,Manchester,2023-10-05
9736,Brandy Brown,brandy.552@example.com,53,Berlin,2023-02-10
5730,Matthew Shaw,matthew.2901@outlook.com,36,Mumbai,2024-03-25
539,Timothy Edwards,timothy.1923@outlook.com,76,London,2026-07-22
1208,Eric Carey,eric.3388@example.com,76,Sydney,2024-07-22
7650,Michael Perry,michael.6654@gmail.com,26,Houston,2026-04-18
1478,Kaitlyn Valdez,kaitlyn.9324@yahoo.com,64,Giza,2026-04-13
6244,Ryan Reynolds,ryan.2920@yahoo.com,22,Birmingham,2025-09-15
6118,Megan Ryan,megan.729@gmail.com,66,Singapore,2023-08-19
2583,Tony Nunez,tony.6405@outlook.com,31,Mexico City,2023-10-09
5902,Amy Hunter,amy.9780@example.com,76,Sydney,2026-01-19
2400,Chris Levy,chris.8742@example.com,38,Berlin,2025-03-16
361,Dawn Mullins,dawn.1413@gmail.com,37,Berlin,2023-06-23
6563,Karen Woods,karen.1365@example.com,39,Riyadh,2023-03-22
8999,Kenneth Taylor DDS,kenneth.549@outlook.com,41,Berlin,2024-09-24
2934,Joshua Phillips,joshua.2396@outlook.com,19,Dubai,2026-03-15
2037,Jessica Skinner,jessica.8516@yahoo.com,49,Singapore,2026-05-31
4405,Katelyn Gray,katelyn.9206@yahoo.com,75,Osaka,2026-09-07
8660,Mary Gonzalez,mary.2733@outlook.com,34,Osaka,2024-02-15
4028,Danielle Hester,danielle.6266@hotmail.com,53,Madrid,2024-04-17
9752,Kelly Espinoza,kelly.1398@gmail.com,34,Hamburg,2024-04-24
7485,Cindy Martin,cindy.4204@yahoo.com,56,Lyon,2023-06-16
124,Cameron Dean,cameron.4690@yahoo.com,56,Sydney,2022-10-26
2122,Kathryn White,kathryn.2236@gmail.com,34,Sydney,2026-09-06
2081,Vanessa Zimmerman,vanessa.9568@gmail.com,66,Osaka,2023-09-15
703,Austin Orr,austin.5278@yahoo.com,66,Melbourne,2024-06-25
2642,Sandra Smith,sandra.722@outlook.com,50,New York,2024-05-17
1366,Maria Thompson,maria.5847@hotmail.com,73,Paris,2022-11-13
7829,Sarah Brooks,sarah.5908@example.com,42,Delhi,2025-09-28
9090,Kathleen Roberts,kathleen.1529@gmail.com,21,Osaka,2023-12-18
5870,Joshua Lewis,joshua.5890@hotmail.com,34,Munich,2025-10-30
7972,Jeffrey Watson,jeffrey.2588@yahoo.com,49,Mumbai,2022-12-18
6457,Thomas Hale,thomas.5624@outlook.com,43,Singapore,2022-09-24
230,Morgan Davis,morgan.1735@yahoo.com,45,Barcelona,2023-11-22
2094,Traci Craig,traci.5564@yahoo.com,57,Birmingham,2026-03-28
3583,Cheryl Short, cheryl.128@example.com,55,Vancouver,2023-08-25
6408,Olivia Hayes,olivia.6493@example.com,71,Cairo,2023-10-07
8613,Jordan Carney,jordan.7549@outlook.com,41,Lyon,2026-07-18
5638,Sherri Smith,sherri.45@gmail.com,20,Madrid,2025-04-06
4600,Chase Choi,chase.2512@yahoo.com,22,Berlin,2025-11-11
1423,Mark Dalton,mark.7169@example.com,36,Madrid,2022-12-29
799,Brian Hunt,brian.1392@example.com,24,Lyon,2025-05-11
8154,Vanessa Underwood,vanessa.785@gmail.com,63,London,2024-05-01
3837,Jessica Cook,jessica.6910@yahoo.com,28,Berlin,2023-04-03
750,Monica Baker,monica.2831@outlook.com,79,Singapore,2023-11-02
6067,Howard Phillips,howard.1208@example.com,42,Delhi,2024-10-09
1274,Christopher Carlson,christopher.6565@example.com,59,Lyon,2025-01-30
9573,Brian Jones,brian.6489@hotmail.com,76,Giza,2025-02-02
6348,Jeremiah Hamilton,jeremiah.9648@outlook.com,80,Manchester,2024-03-24
4012,Linda Briggs,linda.1687@hotmail.com,999,Dubai,2026-09-14
6918,Cameron Russell,cameron.6608@outlook.com,33,Barcelona,2025-07-14
5325,Justin Williams,justin.4376@outlook.com,52,Los Angeles,2024-03-22
9168,Michael Patterson,michael.1301@yahoo.com,40,Riyadh,2025-06-07
8352,Kimberly Taylor,kimberly.7223@example.com,67,Houston,2025-08-27
7009,Alejandra Malone,alejandra.2471@gmail.com,39,Sydney,2026-04-01
9034,Wayne Malone,wayne.5052@outlook.com,37,Hamburg,2025-09-11
1254,Miss Sarah Duncan,miss.90@gmail.com,54,Lyon,2024-04-08
9670,Adrian Freeman,adrian.4758@outlook.com,27,Riyadh,2024-10-29
522,Theresa Barnett,theresa.769@hotmail.com,78,Riyadh,2025-10-07
2171,Maria Williams,maria.7028@example.com,,Los Angeles,2023-09-14
7671,Lisa Sheppard,lisa.7680@gmail.com,67,Chicago,2026-03-11
632,Caitlin Cantu,caitlin.2526@outlook.com,68,Berlin,2023-10-22
2193,Jennifer Leon,jennifer.6077@yahoo.com,79,Osaka,2024-01-17
1298,Elizabeth Harding,elizabeth.3611@yahoo.com,69,Toronto,2024-06-13
9333,Debbie Johnson,debbie.300@hotmail.com,27,Alexandria,2024-12-27
3127,Alexis Vance,alexis.7700@yahoo.com,58,Houston,2024-05-19
1797,,roberto.1693@gmail.com,22,Giza,2026-03-10
3746,John Ho,john.4505@outlook.com,43,Alexandria,2024-07-26
9685,Micheal Summers,micheal.9956@hotmail.com,70,Berlin,2024-09-05
1350,Margaret Livingston,margaret.1169@gmail.com,28,Toronto,2023-10-25
1128,Neil Schmidt ,neil.2537@gmail.com,27,Sao Paulo,2023-06-20
5833,Anthony Wilson,anthony.1818@yahoo.com,21,Houston,2024-09-06
2765,Andrew Phelps,andrew.5453@yahoo.com,77,Barcelona,2026-07-31
7326,Debra Lewis,debra.7809@outlook.com,75,Sao Paulo,2026-08-18
7103,Justin Welch,justin.1822@yahoo.com,52,Singapore,2024-06-25
581,Alexander Garcia,alexander.9287@outlook.com,35,Alexandria,2024-05-16
3009,Amy Bailey,amy.5545@gmail.com,30,Los Angeles,2026-03-07
7037,Carlos Reid,carlos.4523@gmail.com,78,Cairo,2023-11-28
4371,Kylie Love,kylie.5901@yahoo.com,27,Birmingham,2025-05-15
5963,Patrick Everett,patrick.5679@hotmail.com,41,Paris,2023-12-15
2931,Mr. Matthew Barnett,mr..3092@example.com,58,Riyadh,2024-01-30
9834,Pamela Mcneil,pamela.2038@outlook.com,76,Dubai,2023-03-25
2545,Jason Hudson,jason.7407@yahoo.com,43,Houston,2026-01-06
3132,Bobby Arnold,bobby.376@outlook.com,35,Manchester,2023-03-26
4660,Jennifer Boyd,jennifer.563@hotmail.com,37,Madrid,2026-04-30
6015,Richard Molina,richard.8880@example.com,30,Madrid,2025-03-14
8853,Jason Welch,jason.7709@yahoo.com,77,Munich,2026-03-21
8943,Charles Nelson,charles.3758@outlook.com,39,Birmingham,2025-08-14
5256,Jennifer Sparks,jennifer.598@hotmail.com,26,Lyon,2025-12-04
7673,Victoria Payne,victoria.1454@example.com,34,London,2025-04-18
9796,Timothy Lopez,timothy.6203@example.com,70,Lyon,2023-10-02
7072,Gregory Middleton,gregory.6266@example.com,40,Tokyo,2024-07-02
3175,Andrea Morris,andrea.6795@yahoo.com,18,Osaka,2024-08-13
1295,Makayla Smith,makayla.5566@outlook.com,61,Hamburg,2023-04-19
330,Carol Kim,carol.2957@example.com,36,Toronto,2024-05-09
8357,Alexander Curry Jr.,alexander.3210@hotmail.com,75,Paris,2024-06-29
5122,William Guzman,william.4909@outlook.com,27,Delhi,2022-10-15
2296,Lynn Mueller,lynn.1654@outlook.com,78,Paris,2026-01-30
820,Mr. Christopher Walters,mr..3642@yahoo.com,30,Melbourne,2022-09-23
4113,Bradley Phillips,bradley.8794@outlook.com,26,Tokyo,2024-03-14
3089,Melanie Salazar,melanie.6261@outlook.com,55,Tokyo,2024-02-03
3976,Rebecca Young,rebecca.200@example.com,75,London,2025-06-12
4715,Rebecca House,rebecca.2385@gmail.com,41,Manchester,2025-01-04
4314,Timothy Wheeler,timothy.7108@example.com,51,Tokyo,2024-09-20
1793,Alejandro Campbell,alejandro.3288@example.com,43,Chicago,2026-05-25
8131,Theresa Patel,theresa.7833@example.com,80,Mumbai,2024-06-30
7097,Mark Cole,mark.280@gmail.com,74,Singapore,2023-05-17
7159,Breanna Cannon,breanna.8030@outlook.com,56,New York,2023-08-01
8644,Amy Martin,amy.7113@outlook.com,75,Chicago,2023-07-24
7742,Casey Harris,casey.9597@example.com,69,Riyadh,2023-01-21
7636,Pamela Hunt,pamela.4675@hotmail.com,32,Lyon,2023-11-02
8057,Christopher Ward,christopher.9530@hotmail.com,28,Birmingham,2025-12-13
309,Sean Wyatt,sean.3069@gmail.com,51,Vancouver,2025-03-03
6095,Erik Winters,erik.3049@gmail.com,28,Barcelona,2023-02-01
5042,Danielle Hill,danielle.9917@outlook.com,18,New York,2023-11-10
7757,Joseph Johnson,joseph.3276@hotmail.com,54,Riyadh,2023-10-18
5137,Mark Williams,mark.329@yahoo.com,43,Birmingham,2026-03-25
4271,Carlos Love,carlos.8187@gmail.com,29,Manchester,2024-09-13
4627,Margaret Schultz,margaret.688@example.com,24,Barcelona,2024-07-24
9761,Jessica Glass,jessica.8449@gmail.com,25,Mexico City,2023-08-23
2389,Ashley Jennings,ashley.6479@hotmail.com,52,Alexandria,2025-08-15
2661,Sara Castro,sara.7021@yahoo.com,57,Giza,2024-09-02
5196,Mr. Lee Mcbride,mr..1074@yahoo.com,62,Berlin,2025-03-14
3019,Christopher Banks,christopher.4700@yahoo.com,76,Osaka,2024-09-09
3588,Sandra Moore,sandra.6991@hotmail.com,38,Berlin,2024-03-22
420,Amber Taylor,amber.273@hotmail.com,39,Mumbai,2024-01-16
2003,Michael Dunn,michael.9154@example.com,62,Melbourne,2026-03-18
3992,Meagan Charles,meagan.7241@gmail.com,48,Houston,2025-05-14
6368,Jennifer Moore,jennifer.4235@hotmail.com,55,Hamburg,2026-04-20
9199,Heather Jimenez,heather.6558@outlook.com,24,Sao Paulo,2025-09-10
9310,Jay Jackson,jay.3741@hotmail.com,67,Riyadh,2025-01-13
2622,William Sanders,william.2237@hotmail.com,60,,2023-08-22
111,Kathy Rivas,kathy.1294@example.com,73,Berlin,2024-11-25
6879,Elizabeth Hill,elizabeth.371@yahoo.com,61,Chicago,2024-07-23
466,Eric Sullivan,eric.231@hotmail.com,68,Birmingham,2024-09-20
273,Maurice Christensen,maurice.1658@example.com,67,Madrid,2026-03-08
2610,Eric Hall,eric.9317@gmail.com,43,Delhi,2025-10-19
8261,Christopher Strickland,christopher.5537@example.com,36,Vancouver,2025-12-11
1057,Mariah Thompson,mariah.4073@outlook.com,40,Mumbai,2025-10-31
6828,Dawn Ramirez,dawn.4580@gmail.com,19,Alexandria,2023-09-21
5974,Nathan Carter,nathan.9175@example.com,38,Osaka,2022-10-22
506,Lindsey Russo,lindsey.8921@outlook.com,52,Berlin,2023-06-18
6367,Mr. Ross Cox,mr..9953@yahoo.com,71,Delhi,2024-09-18
5006,Terrence Cruz,terrence.2508@hotmail.com,39,Tokyo,2025-02-02
8425,Maria Thompson,maria.9635@hotmail.com,45,Toronto,2023-09-19
2660,Tina Dougherty,tina.2033@hotmail.com,33,Bangalore,2026-01-16
7949,William Garcia,william.7532@gmail.com,56,Bangalore,2022-10-10
4475,Rebecca Lowery,rebecca.7872@hotmail.com,49,Birmingham,2022-10-10
566,Robert Long,robert.8778@hotmail.com,19,Lyon,2023-03-02
9838,Kelly Simpson,kelly.3752@hotmail.com,47,Dubai,2024-01-10
861,Krystal Levine,krystal.6121@outlook.com,55,New York,2025-05-22
7141,Melissa Jones,,40,Sydney,2024-08-24
9159,Margaret Beasley,margaret.3436@gmail.com,45,Osaka,2024-08-20
4209,Michele Richard,michele.5711@yahoo.com,72,Paris,2024-07-25
6163,Brittany Oneill,brittany.665@outlook.com,32,Delhi,2025-07-17
117,Joshua Perry,joshua.5662@example.com,37,Riyadh,2023-07-16
6598,David Reed,david.7175@example.com,57,Berlin,2024-01-03
7808,Miranda Perry,miranda.309@hotmail.com,55,Melbourne,2024-08-07
5689,Christopher Walker,christopher.7947@outlook.com,54,Manchester,2023-01-15
3302,Travis Howard,travis.4079@gmail.com,32,New York,2024-04-25
1562,Julie Giles,julie.7198@example.com,49,Delhi,2024-11-03
8552,Christopher Reed,christopher.3191@outlook.com,59,Berlin,2025-04-20
8742,Courtney Osborn,courtney.3956@hotmail.com,53,Vancouver,2022-11-06
2986,Nicole Chung,nicole.3593@hotmail.com,29,Manchester,2024-01-01
5728,Kimberly Velez,kimberly.1449@example.com,45,New York,2023-04-21
1110,Karina Kim,karina.2400@gmail.com,62,Sydney,2023-11-21
1886,Keith Hayes,keith.8262@gmail.com,45,Lyon,2026-04-16
8191,Lawrence Larson,lawrence.9048@yahoo.com,29,Chicago,2024-11-08
8273,Dylan Lara,dylan.6654@outlook.com,56,Houston,2025-04-05
1111,Cheryl Lopez,cheryl.4836@yahoo.com,66,Madrid,2024-02-06
1007,Daniel Morales,daniel.2737@gmail.com,70,Alexandria,2024-01-24
4153,Brenda Richard,brenda.1641@yahoo.com,58,Riyadh,2024-03-06
233,Roger Olson,roger.2755@gmail.com,50,Riyadh,2025-12-08
5181,Joseph Williams,,42,Bangalore,2026-07-02
4054,Melissa Wells,melissa.5359@example.com,49,Birmingham,2024-04-25
9451,Michael Duarte,michael.3906@hotmail.com,25,Los Angeles,2025-09-08
6673,Joshua Wilson,joshua.6034@example.com,23,Hamburg,2023-06-06
1900,Louis Patrick,louis.1327@example.com,74,Toronto,2023-05-30
681,Aaron Ortiz,aaron.9264@gmail.com,68,Singapore,2023-08-23
511,Kristen Rowe,kristen.257@yahoo.com,31,Giza,2024-03-26
3225,Larry Curtis,larry.7310@outlook.com,56,Bangalore,2024-10-03
6771,Colton Green,colton.4783@outlook.com,60,London,2023-03-06
6798,Maria Thomas,,54,Sydney,2025-08-03
6369,Susan Fuller,susan.4671@yahoo.com,54,Osaka,2023-03-07
8892,Mary Holden,mary.267@example.com,68,London,2022-09-29
6450,Christopher Miller,christopher.9843@yahoo.com,77,Manchester,2022-11-24
8064,Matthew Hall,matthew.6362@outlook.com,77,Barcelona,2025-06-07
6604,Jennifer Jones,jennifer.9966@example.com,72,Birmingham,2025-01-31
3805,Michael Moon,michael.6573@hotmail.com,20,Sao Paulo,2023-06-16
343,Raven Taylor,raven.7372@hotmail.com,41,Hamburg,2023-11-10
4192,Daniel White,daniel.6269@gmail.com,56,New York,2026-01-03
557,Eric Snyder,eric.8883@gmail.com,51,Alexandria,2022-12-18
6323,Damon Kent,damon.6380@gmail.com,47,Mexico City,2024-12-03
7946,Andrea Martin,andrea.9587@outlook.com,63,Melbourne,2025-09-15
8311,Michael Mcdonald,michael.7829@outlook.com,31,Toronto,2023-06-25
1745,Amber Shannon,amber.9404@hotmail.com,44,Vancouver,2026-04-07
6222,Robert Bailey,robert.297@gmail.com,52,Riyadh,2026-07-07
382,Austin Daniels,austin.497@outlook.com,74,Riyadh,2026-04-11
4941,Joseph Bowen,joseph.8274@hotmail.com,51,Berlin,2026-01-20
4811,Ellen Kaufman,ellen.2503@example.com,77,Chicago,2023-06-20
6150,Nicole Baker,nicole.9802@gmail.com,44,Mumbai,2023-06-03
432,Reginald Knapp,reginald.8499@yahoo.com,53,Toronto,2026-03-15
497,Antonio Fry,antonio.1131@outlook.com,20,Birmingham,2026-03-25
2161,Sheila Walters,sheila.2132@example.com,61,Munich,2024-11-29
4776,Troy Herrera,troy.3361@outlook.com,45,Sydney,2026-05-26
5077,Deborah Delgado,deborah.333@gmail.com,54,Mexico City,2026-08-17
1914,Edward Nichols,edward.8715@example.com,75,Birmingham,2024-04-10
8649,Ethan Cobb,ethan.7068@gmail.com,69,Dubai,2025-10-13
3631,Derek Williams,derek.5225@gmail.com,40,Delhi,2023-03-14
8615,Mary Erickson,mary.9978@hotmail.com,33,Chicago,2024-12-18
5279,Linda Jennings,linda.7331@yahoo.com,39,Birmingham,2023-04-23
1070,Ellen Wright,ellen.3@gmail.com,68,Dubai,2023-11-06
585,Robert Wilson,robert.9618@yahoo.com,66,Melbourne,2026-02-08
2349,Angela Murphy,angela.2044@outlook.com,37,Barcelona,2025-02-28
7382,Amanda Savage,amanda.2999@yahoo.com,44,Munich,2026-02-23
3650,Cassandra Haas,cassandra.8498@yahoo.com,41,Madrid,2024-01-14
3034,Teresa Aguirre,teresa.7004@hotmail.com,27,Giza,2023-12-16
2437,Ashley Butler,ashley.7418@hotmail.com,33,Mumbai,2024-05-29
9912,Steven Scott,steven.9658@example.com,78,Paris,2025-12-19
9150,John Mendoza,john.9120@hotmail.com,73,Lyon,2022-09-20
8520,Victoria Collins,victoria.2945@example.com,61,Alexandria,2025-04-30
4881,Amber Romero,amber.2511@gmail.com,62,Madrid,2023-02-07
5448,Kellie Page,kellie.5372@yahoo.com,52,Singapore,2023-10-31
6758,Brandon Hall,brandon.1656@example.com,63,New York,2022-11-24
933,Michael Nichols,michael.9973@outlook.com,20,Berlin,2025-04-11
9468,Jennifer Taylor,jennifer.4341@hotmail.com,51,Osaka,2024-06-25
9224,James Weaver,james.9218@example.com,78,New York,2025-04-07
9823,Lisa Carter,lisa.7826@outlook.com,33,New York,2024-01-01
3178,Melinda Patterson,melinda.8503@example.com,38,Toronto,2023-03-14
7840,Kimberly Nguyen,kimberly.8991@example.com,71,Cairo,2024-04-23
876,Peter Walker,peter.5501@outlook.com,18,Manchester,2024-01-28
7244,Sara Luna,sara.4491@outlook.com,38,Los Angeles,2024-07-17
5129,Angela Hardy,angela.2723@hotmail.com,63,Lyon,2023-02-27
2783,Theresa Nguyen,theresa.563@example.com,38,Birmingham,2023-09-17
886,Betty Hughes,betty.1216@hotmail.com,28,Osaka,2025-02-10
7132,Danny Davis,danny.3384@hotmail.com,31,Bangalore,2025-01-29
2461,Jason Payne,jason.379@example.com,57,Manchester,2022-12-31
8354,Amanda Martin,amanda.1196@yahoo.com,54,New York,2023-08-04
6109,Kenneth Branch,kenneth.8593@gmail.com,51,Barcelona,2022-11-07
5842,David Kemp,david.4149@hotmail.com,69,Singapore,2024-09-24
2514,Gail Foster,gail.7877@hotmail.com,69,Bangalore,2025-03-04
4017,Diana Turner,diana.4414@yahoo.com,77,Manchester,2023-04-16
4769,Rodney Salinas,rodney.52@yahoo.com,60,Birmingham,2024-08-10
8069,Molly Rogers,molly.3482@hotmail.com,44,Madrid,2025-11-26
3973,Carolyn Davis,carolyn.3383@yahoo.com,27,Manchester,2022-12-06
8289, Charles Jordan,charles.1049@example.com,65,Vancouver,2023-07-26
7519,Marissa Lloyd,marissa.9343@outlook.com,45,Munich,2023-06-05
5309,David Fitzpatrick,david.3738@example.com,56,London,2023-05-07
3773,Teresa Mcdaniel MD,teresa.172@yahoo.com,58,Vancouver,2023-04-24
4647,Arthur White,arthur.3416@hotmail.com,45,Dubai,2024-06-28
1899,Joyce Graves,joyce.8888@example.com,68,Houston,2025-07-22
120,Paul Castaneda,paul.6249@example.com,40,Barcelona,2026-07-10
3092,Yvonne Macias,yvonne.1529@yahoo.com,74,Houston,2024-03-07
3219,Christine Aguilar,christine.7653@outlook.com,45,Lyon,2022-09-27
6883,Dominique Hall,dominique.4917@example.com,19,Mumbai,2025-10-13
4204,Jason Burnett,jason.5637@hotmail.com,80,Mexico City,2026-05-21
3950,Tamara Gonzales,tamara.8054@yahoo.com,66,Manchester,2023-09-23
8467,Vanessa Peterson,vanessa.3843@yahoo.com,36,Singapore,2025-12-11
2839,Jeffrey Torres,jeffrey.1623@gmail.com,33,Alexandria,2026-05-30
9110,Robin Williams,robin.2001@yahoo.com,57,Vancouver,2025-10-29
3181,Jason Clark,jason.6445@gmail.com,69,Sao Paulo,2024-01-06
7832,Calvin Turner,calvin.3438@gmail.com,72,Hamburg,2023-12-01
9143,Jesse Wolfe,jesse.9231@gmail.com,79,Vancouver,2022-10-22
644,Paul Lawrence,paul.6409@outlook.com,67,Mumbai,2024-03-31
993,Marie Boyd,marie.5615@outlook.com,54,Osaka,2024-03-11
946,Sarah Randolph,sarah.8590@example.com,19,Chicago,2026-09-08
8224,Ronald Ochoa,ronald.9053@hotmail.com,79,Vancouver,2025-08-08
4921,Angela Cole,angela.5243@example.com,33,,2024-09-05
9375,Kayla Mcclain,kayla.177@outlook.com,35,Chicago,2025-02-26
6158,Justin Williams,justin.9298@gmail.com,69,Tokyo,2024-04-02
7601,Chelsea Camacho,chelsea.930@example.com,61,Osaka,2024-12-04
8223,Madison Nolan,madison.226@hotmail.com,70,Toronto,2025-08-20
5729,Michael Clark,michael.5810@outlook.com,20,Paris,10-01-2023
7461,John James,john.305@example.com,23,Mexico City,2024-03-23
7227,Patricia Cobb,patricia.9246@example.com,59,London,2026-04-04
7086,Matthew Henderson,matthew.8878@hotmail.com,50,Giza,2023-05-11
6130,Jennifer Williams,jennifer.4546@hotmail.com,49,Manchester,2024-07-17
4937,Adam Delgado,adam.152@hotmail.com,63,Toronto,2024-03-21
2248,Christopher Ross,christopher.4842@example.com,21,Madrid,2023-01-01
2306,Douglas Kline,douglas.8445@example.com,60,New York,2023-01-30
6437,Scott Hansen,scott.9112@hotmail.com,70,Paris,2023-02-09
8908,Robert Anderson,robert.5692@yahoo.com,80,Singapore,2025-05-30
5206,Benjamin Lee,benjamin.694@yahoo.com,43,Sydney,2025-05-08
2039,Miss Leslie Booker,miss.666@gmail.com,38,Paris,2025-03-21
6966,Rebecca Miller,rebecca.5364@hotmail.com,0,Cairo,2025-02-15
7880,Taylor Poole,taylor.3785@yahoo.com,35,Osaka,2025-12-29
3713,Marie Roach,marie.5652@gmail.com,77,Houston,2024-10-16
4148,Charles Hahn,charles.5799@example.com,56,Singapore,2024-01-18
517,Roy Porter,roy.9439@hotmail.com,54,Dubai,2025-04-30
4501,Tyler Stout,tyler.9816@yahoo.com,51,Birmingham,2025-09-02
4377,Katherine Garcia,katherine.7547@outlook.com,46,Mexico City,2023-08-28
1120,Shane Harris,shane.7260@yahoo.com,76,Riyadh,2024-08-26
5214,April Nelson,april.6036@yahoo.com,53,Delhi,2024-06-08
1714,Stephanie Brown,stephanie.8993@gmail.com,18,Delhi,2025-03-27
4651,Eduardo Booth,eduardo.4191@outlook.com,73,Sydney,2024-09-11
8409,Wesley Kennedy,wesley.7330@gmail.com,49,Melbourne,2024-01-17
4154,Michelle Smith,michelle.3708@yahoo.com,52,Mexico City,2025-08-24
7500,Christopher Hodges,christopher.4121@example.com,70,London,2026-04-24
8883,Diamond Burton,diamond.4378@yahoo.com,65,Barcelona,2025-04-26
2261,Gloria Mullins,gloria.1743@outlook.com,52,Cairo,2023-05-15
1273,Michael Rodriguez,michael.9979@gmail.com,64,Berlin,2022-12-04
8780,Tiffany Montes,tiffany.8869@yahoo.com,49,Mumbai,2026-01-25
6741,Timothy Jordan,timothy.372@example.com,60,Sao Paulo,2024-03-03
389,Maria Cole,maria.5232@hotmail.com,80,Berlin,2025-06-06
3980,Tracey Reilly,tracey.8762@example.com,73,Giza,2024-09-28
4821,Kathryn Jones,kathryn.9929@gmail.com,22,Berlin,2023-10-04
9582,Trevor Ward,trevor.5293@example.com,44,Mumbai,2026-07-08
2202,Chad Hayden,chad.5129@outlook.com,75,Chicago,2025-07-11
7992,Amanda Blake,amanda.5280@hotmail.com,33,Hamburg,2026-05-20
4343,Christian Gates,christianATgmail.com,71,Berlin,2023-06-04
1504,Nicole Patton,nicole.6777@outlook.com,41,Vancouver,2026-05-23
9272,Adam Thompson,adam.6561@example.com,80,Hamburg,2025-04-26
2819,Crystal Harris,crystal.7933@outlook.com,37,Barcelona,2025-05-14
8397,Charles Williamson,charles.586@hotmail.com,34,Riyadh,2024-02-15
4850,Jessica Chase,jessica.8348@yahoo.com,58,Lyon,2023-10-15
9139,Vickie Lambert,vickie.4201@example.com,55,Sydney,2023-12-05
712,Rachael Howard DDS,rachael.3471@outlook.com,-1,Toronto,2024-08-25
9808,Sean Rodgers,sean.6933@gmail.com,20,Manchester,2024-10-01
512,Heather Green,heather.1654@example.com,20,Hamburg,2024-10-05
7599,Dustin Gregory,dustin.4467@hotmail.com,63,Manchester,2026-03-08
7348,Jorge Duncan,jorge.2834@yahoo.com,51,Munich,2025-01-28
4200,David Roth,david.2962@gmail.com,58,Mexico City,2026-06-09
1272,Gina Wallace,gina.4311@yahoo.com,41,Giza,2023-03-26
6140,Tiffany Randolph,tiffany.3178@gmail.com,75,Singapore,2024-07-02
8216,Jeffrey Cunningham,jeffrey.9999@yahoo.com,19,Berlin,2026-01-23
5480,Ruth Harris,ruth.8581@outlook.com,53,Alexandria,2024-08-28
6526,Jason Baxter,jason.16@gmail.com,68,Berlin,2023-12-27
1136,Cindy Cannon,cindy.3580@example.com,51,Paris,2026-06-01
5919,Edward Figueroa,edward.755@outlook.com,45,Osaka,2023-08-17
4537,Charles Jones,charles.278@gmail.com,21,Tokyo,2023-06-11
3692,Scott Durham,scott.224@yahoo.com,51,Bangalore,2025-08-28
573,Tami Holt,tami.3701@hotmail.com,61,Melbourne,2024-11-19
3194,Samantha Brewer,samantha.3634@hotmail.com,30,Madrid,2026-07-17
6566,Jason Greene,jason.1717@yahoo.com,45,Madrid,2022-12-03
159,  William Tran  ,william.9784@gmail.com,21,Sydney,2025-07-01
3033,Amanda Williams,amanda.7839@gmail.com,25,Barcelona,2024-11-10
8634,Alan Lucas,alan.3031@example.com,24,Birmingham,2023-08-09
7394,Howard Golden,howard.1933@outlook.com,21,Manchester,2024-09-28
7753,Michael Hall, michael.2110@yahoo.com,46,Lyon,2025-03-24
6890,Erin Wade,erin.2798@outlook.com,52,Osaka,2025-11-24
555,Bradley Santana,bradley.5771@yahoo.com,26,Bangalore,2026-05-01
4799,Sarah Cruz,sarah.9058@gmail.com,34,Giza,2025-09-21
2932,Amy Diaz,amy.2437@yahoo.com,25,Los Angeles,2025-04-12
2640,Danielle Ford,danielle.3149@gmail.com,32,Mexico City,2026-06-15
675,Jonathan Winters,jonathan.5155@outlook.com,57,Alexandria,2023-06-06
2408,Robert Walsh,robert.6673@yahoo.com,21,Dubai,2024-05-26
5046,Ryan Mccarty,ryan.4077@yahoo.com,63,Alexandria,2024-02-26
7778,Chelsea Love,chelseaAThotmail.com,69,Lyon,2023-01-02
2153,Debra Gibbs,debra.1645@yahoo.com,62,Manchester,2025-04-12
5700,Samantha Smith,samantha.450@hotmail.com,24,Tokyo,2023-04-25
2862,Curtis Miller,curtis.9375@hotmail.com,53,Manchester,2023-09-10
4103,Sandra Wong,sandra.3344@hotmail.com,43,Riyadh,2025-01-29
8083,Gina Kelly,gina.4488@example.com,57,Munich,2025-11-18
1693,Albert Ibarra,albert.3993@example.com,28,Paris,2024-02-20
3790,Janice Hernandez,janice.3576@outlook.com,34,Alexandria,2025-03-16
2431,William Wilkins,william.4610@gmail.com,28,Bangalore,2026-01-28
6942,Christopher Keller,christopher.3334@hotmail.com,66,London,2026-01-12
8480,Heidi Schroeder,heidi.5387@gmail.com,,Delhi,2024-07-18
3109,Lisa Moss,lisa.2302@gmail.com,80,Barcelona,2026-03-19
1844,Ryan Lozano,ryan.4440@example.com,46,Munich,2022-10-17
6219,Eric Harris DVM,eric.5190@hotmail.com,31,Delhi,2026-05-21
3480,Trevor Cole,trevor.1256@gmail.com,26,Hamburg,2024-04-18
5788,Ryan Hayes,ryan.6251@gmail.com,40,New York,2023-10-05
5773,Linda Johnson,linda.9031@yahoo.com,24,Manchester,2026-08-26
8007,Crystal Moore,crystal.38@yahoo.com,73,Munich,2024-07-24
8862,James Mcguire,james.7109@hotmail.com,37,Osaka,2022-11-24
7372,Jacqueline Wiley,jacqueline.672@outlook.com,59,Melbourne,2024-01-20
898,Michael Gonzalez,michael.9834@outlook.com,30,New York,2025-09-17
3096,Nicholas Wallace,nicholas.5555@hotmail.com,41,Dubai,2024-04-06
3969,Lauren Barr,lauren.7951@yahoo.com,73,Lyon,2026-09-10
2945,Chad Hurley,chad.8050@hotmail.com,39,Birmingham,2022-09-17
9861,Madeline Meadows,madeline.1438@yahoo.com,18,Alexandria,2025-06-11
2658,Jamie Cruz,jamie.3809@example.com,55,Delhi,2024-08-10
2796,John Barber,john.3197@example.com,43,New York,2023-11-19
6062,Mr. Johnny Lopez DDS,mr..5579@yahoo.com,20,Vancouver,2023-05-25
5190,Kathleen Hernandez,kathleen.8672@gmail.com,34,Riyadh,2025-04-02
2814,Mr. Joseph Thompson,mr..7293@hotmail.com,18,New York,2026-04-19
6035,Juan Chan,juan.6078@yahoo.com,38,Melbourne,2023-08-20
6983,David Greene,david.4913@outlook.com,70,Mexico City,2023-12-30
1144,Thomas Navarro,thomas.3155@hotmail.com,50,Giza,2025-08-09
6164,Joseph Blake,joseph.6456@yahoo.com,23,Barcelona,2022-11-27
6922,Deborah Colon,deborah.1952@outlook.com,69,Cairo,2022-11-07
1879,Bethany Harding,bethany.3547@example.com,48,Melbourne,2022-10-01
9641,Leslie Boone,leslie.2198@gmail.com,60,Mumbai,2026-08-31
4989,Andrew Green,andrew.3116@example.com,58,Paris,2024-12-31
3145,Bryan Padilla,bryan.2417@outlook.com,73,Toronto,2023-07-05
6936,Courtney Castillo,courtney.1575@example.com,74,Giza,2023-05-08
2601,Carol Harris,carol.2338@outlook.com,22,Melbourne,2025-03-18
9330,Daniel Davis,daniel.1252@gmail.com,51,New York,2026-07-09
4353,David Jackson,david.5504@outlook.com,19,Tokyo,2025-04-08
8414,Victoria Thompson,victoria.3346@outlook.com,62,New York,2026-03-16
8672,Laura Harris,laura.2049@outlook.com,46,London,2025-03-15
35,Pamela Anderson,pamela.3698@example.com,42,Hamburg,2024-08-11
7794,Craig Taylor,craig.8761@yahoo.com,19,Dubai,2025-06-21
8888,Danny Wilson,danny.2751@example.com,40,London,2024-03-22
3472,Lisa Salazar MD,lisa.2052@outlook.com,62,Munich,2026-07-05
8992,Kelly Mcguire,kelly.7865@outlook.com,47,Vancouver,2024-10-15
2116,Jonathan Saunders,jonathan.4202@example.com,33,Berlin,2023-08-28
934,Nicole Richards,nicole.5432@yahoo.com,21,Bangalore,2025-07-06
1682,Miguel Rice MD,miguel.7626@outlook.com,32,Mexico City,2023-12-22
9689,Raymond Hoffman,raymond.2402@gmail.com,64,Alexandria,2026-04-14
1031,Karen Gomez,karen.8133@yahoo.com,62,Sao Paulo,2026-04-15
4161,Cynthia Taylor,cynthia.9106@hotmail.com,31,Sao Paulo,2024-05-22
4728,Paul Nixon,paul.5312@yahoo.com,54,Houston,2023-08-07
8577,Joseph Contreras,joseph.8050@hotmail.com,58,Hamburg,2023-08-13
4931,Mr. Darren Smith,mr.AThotmail.com,18,Tokyo,2023-06-15
8463,Kimberly Decker,kimberly.5977@example.com,45,Vancouver,2024-04-08
4805,David Sanchez,david.2883@hotmail.com,53,Paris,2022-11-30
4986,Miguel Garcia,miguel.5758@gmail.com,39,Tokyo,2026-07-20
8639,Andrew Green PhD,andrew.5417@yahoo.com,23,Sydney,2023-07-07
4806,Rose Compton,rose.6935@yahoo.com,33,Cairo,2024-10-08
9576,Courtney Howard,courtney.209@gmail.com,58,Giza,2022-10-30
6451,Ann Bartlett,ann.820@outlook.com,41,Riyadh,2023-09-09
3833,Patrick Caldwell,patrick.3461@hotmail.com,45,Giza,2024-11-15
7833,Gregory Shaw,gregory.3154@gmail.com,42,Berlin,2025-06-29
4159,Abigail Davis,abigail.7668@hotmail.com,26,Bangalore,2024-10-15
1482,Karen Benson,karen.9442@outlook.com,23,Singapore,2023-03-10
4399,Heather Pittman,heather.5134@hotmail.com,30,Bangalore,2026-06-15
8333,Aaron Tran,aaron.2682@outlook.com,43,Birmingham,2023-01-11
7182,Dawn Miller,dawn.7268@outlook.com,80,London,2024-06-19
6842,Carrie Morgan DVM,carrie.230@hotmail.com,71,Osaka,2023-07-03
7458,Chelsea Johnson,chelsea.180@hotmail.com,69,Mumbai,2022-11-23
9436,Mr. Daniel Perry,mr..5536@hotmail.com,78,Mumbai,2025-12-14
9325,Tony Pena ,tony.8955@example.com,69,Los Angeles,2024-11-17
2612,Bonnie Yang,bonnie.2588@hotmail.com,74,Riyadh,2023-10-16
2210,Paul Gordon,paul.9190@outlook.com,47,Paris,2022-10-02
3143,Lisa Moore,lisa.9478@example.com,27,Toronto,2025-03-19
8111,Richard Johnson,richard.3361@hotmail.com,52,Sydney,2023-05-19
2330,John Pope,john.608@yahoo.com,75,Barcelona,2026-04-22
790,Hannah Martin,hannah.6719@gmail.com,32,Madrid,2026-04-15
2539,Amber Kennedy,amber.8343@hotmail.com,49,Lyon,2024-10-22
1358,Steven Hernandez,steven.6506@gmail.com,24,Giza,2025-04-09
8240,Marvin Burns,marvin.2294@hotmail.com,32,Riyadh,2024-02-17
6389,Daniel Owen,daniel.5829@gmail.com,26,Singapore,2025-12-28
6699,Brian Pacheco,brian.7908@example.com,21,New York,2024-02-15
6546,Alec Cobb,alec.7078@outlook.com,44,Cairo,2024-01-18
8543,Michael Bennett,michael.6523@yahoo.com,60,Lyon,2026-06-19
7345,Jeremy Sanchez,jeremy.3693@outlook.com,71,Singapore,2023-10-07
3258,Tyrone Miller,tyrone.5132@outlook.com,57,ALEXANDRIA,2023-09-21
2596,David Carter,david.3383@yahoo.com,73,Houston,2024-09-27
4158,Justin Murphy,justin.8549@outlook.com,75,Paris,2025-08-05
8692,Amber Rodriguez,amber.1757@hotmail.com,19,Munich,2024-10-16
165,Phillip Obrien,phillip.2859@gmail.com,60,Tokyo,2025-11-15
7020,Mr. Robert Cooper Jr.,mr..8200@example.com,N/A,Chicago,2026-01-14
4210,Tara Erickson,tara.1457@hotmail.com,40,Dubai,2025-01-25
1277,Nicole Owens,nicole.3305@example.com,36,Houston,2023-03-28
3191,Amy Wright,amy.8908@gmail.com,54,Berlin,2025-03-29
3823,Maria Rodriguez,maria.1570@outlook.com,26,Toronto,2026-07-06
2693,Martin Cole,martin.7689@yahoo.com,27,Sao Paulo,2025-03-26
7969,Richard Page,richard.9300@example.com,68,Singapore,2025-11-29
5092,Ryan Smith,ryan.3952@example.com,39,Paris,2024-10-11
126,Joel Williams,joel.4107@yahoo.com,58,New York,2024-03-23
7824,Justin Powell,justin.8520@outlook.com,62,Lyon,2026-02-16
2276,Kelly Hubbard,kelly.9330@outlook.com,21,Toronto,2023-03-01
9900,Anthony Wilson,anthony.9730@gmail.com,67,Riyadh,2024-07-20
465,Matthew Schwartz,matthew.7519@hotmail.com,63,Chicago,2022-12-16
1150,Alexandra Waters,alexandra.2520@gmail.com,47,Delhi,2024-03-28
5941,Crystal Walker,crystal.6178@gmail.com,62,Dubai,2024-09-04
4885,Alison Livingston,alison.7884@gmail.com,67,Toronto,2024-12-10
3393,Nicole Walton,nicole.3016@yahoo.com,71,Tokyo,2024-10-20
6080,James Parsons,james.9538@gmail.com,58,Chicago,2025-02-14
7769,Debra Brown,debra.2170@gmail.com,24,Munich,2025-12-26
5371,Heather Perry,heather.2308@outlook.com,36,Lyon,2024-02-14
2643,Austin Rowland,austin.5360@hotmail.com,53,Riyadh,2023-12-16
4988,Paula Blackburn,paula.8396@outlook.com,31,Chicago,2026-03-28
6885,Morgan Wright,morgan.5884@example.com,52,Vancouver,2025-01-10
5151,Robert James,robert.3613@gmail.com,51,Los Angeles,2025-04-25
6894,Anna Morse,anna.8417@outlook.com,26,Houston,2025-04-04
7320,Benjamin Brown,benjamin.4244@hotmail.com,63,Giza,2024-09-02
4172,Rachel Hoffman,rachel.1922@example.com,37,Lyon,2024-01-08
5724,Kellie Mitchell,kellie.6425@example.com,78,Mumbai,2024-10-04
4176,Jennifer Oconnor,jennifer.5594@hotmail.com,78,Alexandria,2026-07-19
1307,Alan Griffith,alan.3388@yahoo.com,30,Melbourne,2024-08-28
8183,Janice Callahan,janice.1682@gmail.com,18,Mexico City,2024-08-19
7633,Jose Andrews,jose.4224@hotmail.com,80,Riyadh,2025-08-15
9423,Peggy Johnson,peggy.7190@yahoo.com,71,New York,2024-12-06
3726,Sandra Martin,sandra.2401@yahoo.com,28,Paris,2025-09-20
5246,Brett Rogers,brett.2019@example.com,58,Singapore,2023-10-24
7887,Jason Frye,jason.7309@gmail.com,69,,2025-06-26
9132,Christopher Herring,christopher.2262@example.com,19,Osaka,2024-04-30
1952,Angela Kaufman,angela.6581@example.com,71,London,2024-04-20
2076,Stephanie Jackson,stephanie.2561@example.com,21,Berlin,2026-06-30
8964,Brandon Beard,brandon.8024@outlook.com,40,Lyon,2025-04-12
5296,Gary Mcclure,gary.6000@example.com,42,Riyadh,2024-12-03
659,Sandra Becker,sandra.3372@hotmail.com,66,Delhi,2022-12-22
9790,Thomas Nunez,thomas.4839@outlook.com,68,New York,2026-05-15
8078,Veronica Ramirez,veronica.8443@yahoo.com,62,Hamburg,2026-05-27
2635,Robert Freeman,robert.7275@gmail.com,56,Cairo,2025-09-15
1870,Yolanda Murillo,yolanda.6120@yahoo.com,47,Bangalore,2025-09-20
7745,Charles Brown,charles.3736@hotmail.com,N/A,Cairo,2023-09-05
9818,Debbie Baker,debbie.3837@hotmail.com,33,Sao Paulo,2026-08-30
3752,Kevin Barber,kevin.2510@yahoo.com,73,Tokyo,2023-05-21
2184,Cassandra Moreno,cassandra.7507@gmail.com,18,Paris,2025-02-09
6917,Jacob Shepherd,jacob.298@example.com,200,Berlin,2024-01-26
9027,Karen Leon,karen.8133@outlook.com,76,Birmingham,2026-04-20
4354,Jessica Lyons,jessica.7218@gmail.com,71,London,2023-06-21
4979,Jessica Martinez,jessica.4560@gmail.com,,Sydney,2024-06-06
7775,Patrick Faulkner DDS,patrick.2821@hotmail.com,48,Munich,2023-09-01
528,Renee Browning,renee.9215@outlook.com,79,Munich,2023-02-20
314,Carrie Wright,carrie.5851@gmail.com,40,London,2024-06-17
2689,Brandi Brown,brandi.9058@yahoo.com,34,Berlin,2025-07-14
1904,Dorothy Hendricks,dorothy.5990@hotmail.com,29,Riyadh,2025-07-02
7681,Kristin Mendez,kristin.3049@example.com,76,Los Angeles,2024-10-27
8090,Barbara Smith,barbara.5298@hotmail.com,71,Los Angeles,2024-03-24
892,Marcus Roberts,marcus.3368@yahoo.com,44,Delhi,2024-02-03
261,Victor Brown,victor.9142@outlook.com,36,Manchester,2024-08-16
8388,Sarah Nicholson,sarah.2386@hotmail.com,57,Vancouver,2024-01-19
9318,Annette Arellano,annette.8571@outlook.com,45,Mexico City,2023-12-24
5524,April Shields,april.7472@yahoo.com,68,Chicago,2025-12-30
3880,Steven Murphy MD,steven.8218@gmail.com,56,Berlin,2024-12-10
6988,Eddie Pugh,eddie.4252@yahoo.com,40,Madrid,2025-11-09
6452,Gary Palmer,gary.8874@yahoo.com,52,Tokyo,2025-04-01
7176,Jackson Collins,jackson.645@hotmail.com,61,Cairo,2024-05-24
5828,Roger Campbell,roger.3210@gmail.com,29,Barcelona,2023-04-07
3983,Spencer Kelly,spencer.2994@yahoo.com,32,Delhi,2024-10-05
9442,Theresa Davenport,theresa.1109@yahoo.com,51,Los Angeles,2025-01-04
7039,Susan Baldwin,susan.7780@gmail.com,33,New York,2026-05-06
3792,Erica Ray,erica.3055@outlook.com,26,Hamburg,2024-09-07
3911,Brenda Rogers,brenda.1731@hotmail.com,50,Madrid,2022/09/29
6147,Tammy Nguyen,tammy.6519@example.com,24,Dubai,2026-05-07
5903,Donald Duncan,donald.7879@outlook.com,25,Cairo,2026-08-02
6120,Jane Orr,jane.9894@yahoo.com,22,Madrid,2023-09-23
3107,Christina Jenkins,christina.2936@outlook.com,34,Paris,2024-08-01
3838,Sonya Williams,sonya.8477@gmail.com,47,Sydney,2025-12-01
9611,Thomas Williams,thomas.3412@gmail.com,29,London,2023-05-23
4654,James Matthews,james.5752@outlook.com,19,Berlin,2025-01-04
3280,Michael Callahan,michael.6309@yahoo.com,49,New York,2024-03-30
6135,Kevin Carr,kevin.214@yahoo.com,20,Riyadh,2023-09-29
2912,Steven Davis,steven.3252@gmail.com,30,Birmingham,2026-08-30
315,Joseph Moore,joseph.1699@example.com,65,Singapore,2024-03-14
3984,Laura Alexander,laura.7473@yahoo.com,20,Dubai,2024-09-26
3256,Jacqueline Lucero,jacqueline.6801@hotmail.com,35,Toronto,2025-10-12
4004,Mrs. Olivia Petersen,mrs..1827@yahoo.com,49,Cairo,2024-05-03
5032,Kimberly Kaufman,kimberly.2076@yahoo.com,65,Mexico City,2023-12-29
7836,Morgan Lopez,morgan.8678@gmail.com,47,Madrid,2025-01-28
2691,Stephen Thompson,stephen.6147@example.com,56,Paris,2023-11-21
535,Richard Knight,richard.1193@yahoo.com,69,Singapore,2026-02-21
4492,Vanessa Jones,vanessa.7092@outlook.com,78,Tokyo,2026-02-17
2837,William Bautista,william.5128@example.com,76,Vancouver,2024-08-29
5229,Donald Smith,donald.6636@hotmail.com,32,Alexandria,2025-10-03
3093,Robert Thomas,robert.2308@yahoo.com,79,Lyon,2024-07-19
7265,Jeffery Foster,jeffery.7916@outlook.com,20,Munich,2025-06-02
8283,Daniel Manning,daniel.9900@outlook.com,23,Dubai,2023-04-29
2445,Phillip Turner,phillip.6167@example.com,40,Berlin,2024-04-14
7986,Emily Johnson,emily.4791@example.com,71,Houston,2024-05-08
6573,Courtney Werner,courtney.5331@gmail.com,43,,2025-02-25
6016,Elizabeth Green,elizabeth.4975@yahoo.com,38,Sydney,2024-02-29
4266,Mr. Daniel Anderson,mr..1543@outlook.com,54,Delhi,2025-09-15
2805,Brittany Roberts,brittany.6998@yahoo.com,77,Alexandria,2023-08-05
7930,Lauren Rogers,lauren.9377@hotmail.com,52,Birmingham,2023-06-30
4520,James Rogers,james.3660@gmail.com,38,Vancouver,2023-09-30
9346,Douglas Norris,douglas.8326@outlook.com,74,Singapore,2024-04-10
5286,Jeremy Shelton,jeremy.9517@gmail.com,69,Birmingham,2025-04-01
9164,Mr. Ian Kennedy,mr..6541@hotmail.com,38,Sydney,2023-04-22
9249,Cory Rodriguez,cory.783@gmail.com,25,Mexico City,2023-10-25
1243,Justin Walsh,justin.7797@example.com,56,Alexandria,2022-10-03
7233,Nicholas Rollins,nicholas.925@gmail.com,27,London,2026-01-20
1865,David Brewer,david.3885@outlook.com,73,Houston,2024-02-23
3053,Kelly Thompson,kelly.1737@example.com,22,Paris,2024-03-11
6532,Steven Barker II,steven.1946@example.com,45,Bangalore,2024-11-06
8578,Jason Hernandez,jason.816@yahoo.com,59,Cairo,2023-06-25
1378,Joy Jackson,joy.7053@hotmail.com,56,London,2025-01-27
961,Holly Walker,holly.139@yahoo.com,0,Dubai,2025-10-19
7739,Jeremy Levy,jeremy.2160@yahoo.com,80,Barcelona,2023-05-01
817,Anthony Dickerson,anthony.7409@example.com,65,Madrid,2023-04-05
453,Casey Gillespie,casey.7794@outlook.com,-1,Houston,2026-09-12
1198,Andrew Duran,andrew.8843@outlook.com,59,Singapore,2022-10-08
6625,Kathryn Garcia,kathryn.1737@example.com,150,Munich,2025-01-31
50,Zachary Huff,zachary.9326@hotmail.com,46,New York,2026-08-02
7823,Tina King,tina.2116@example.com,38,Sydney,2024-09-22
9901,Margaret Becker,margaret.6368@yahoo.com,67,Paris,2024-06-25
9417,Crystal Martinez,crystal.3700@yahoo.com,34,Barcelona,2023-08-09
8309,Elizabeth Carey,elizabeth.1135@gmail.com ,43,Paris,2024-05-12
4643,Tamara Baird,tamara.1169@gmail.com,34,Hamburg,2024-06-02
9763,Dale Herrera,dale.5601@gmail.com,62,Delhi,2025-09-17
9463,Anthony Williams,anthony.7171@example.com,74,Berlin,2023-11-20
185,Donna Landry,donna.7431@outlook.com,44,Bangalore,2025-12-18
6639,Martin Reed,martin.3344@outlook.com,41,Osaka,2023-11-06
8785,Leslie Williams,leslie.2748@outlook.com,77,Alexandria,2023-12-27
1480,Donald Gamble,donald.9441@gmail.com,56,Riyadh,2022-12-23
6384,Holly Cochran,holly.167@gmail.com,37,Manchester,2023-08-28
4966,Olivia Dorsey,olivia.1306@hotmail.com,59,London,2025-12-07
8698,Christina Moss,christina.1367@gmail.com,64,Lyon,2026-09-06
4634,Amber Parker,amber.1744@yahoo.com,58,Riyadh,2023-01-30
9048,Ashley Harris,ashley.8424@hotmail.com,30,Manchester,2025-04-29
1257,Jesse Sampson,jesse.1747@yahoo.com,45,Riyadh,2023-07-29
9556,Eric Pierce,eric.705@yahoo.com,57,Sao Paulo,2025-10-27
9737,Zachary Watts,zachary.3174@outlook.com,23,Toronto,2024-05-26
873,Michael Clements,michael.2305@hotmail.com,65,Giza,2024-02-29
7663,Cindy Watson,cindy.5232@outlook.com,25,Barcelona,2026-08-04
2030,Joseph Campbell,joseph.1617@yahoo.com,76,Lyon,2025-06-30
2721,Monica Coleman,monica.4725@outlook.com,28,Chicago,2024-04-14
1276,Michelle Lambert,michelle.2872@outlook.com,46,Cairo,2024-11-04
2639,Christine Mendez,christine.458@gmail.com,39,Melbourne,2025-07-26
769,James Nguyen,james.4457@example.com,22,Manchester,2023-10-25
8475,Sarah Reed,sarah.218@outlook.com,19,Vancouver,2023-11-19
85,Alexander Lee,alexander.4635@hotmail.com,71,Barcelona,2024-01-09
2845,Tyler Zavala,tyler.2676@outlook.com,47,Giza,2025-04-28
2723,Lee Tate,lee.3245@outlook.com,29,Lyon,2024-03-09
859,Jason Williams,jason.9612@yahoo.com,67,New York,2023-10-04
45,Jeff Owens,jeff.4335@example.com,60,Sydney,2025-08-17
5703,Mr. Aaron Lucas,mr..9580@outlook.com,75,Los Angeles,2023-06-12
3747,Zachary Velez,zachary.4146@hotmail.com,58,Alexandria,2025-06-03
5300,Karen Wells,karen.3186@yahoo.com,74,Houston,2025-08-20
4081,Miguel Pena,miguel.6235@example.com,70,New York,2022-12-14
2351,Cameron Atkins,cameron.9529@example.com,63,Osaka,2025-09-21
8101,Amber Irwin,amber.420@outlook.com,61,Osaka,2023-05-08
2327,Christopher Morris,christopher.8477@gmail.com,23,Toronto,2025-11-15
1154,Dylan Foster,dylan.3730@hotmail.com,44,Berlin,2023-03-29
7121,John Stewart,john.3740@example.com,19,Singapore,2024-12-25
8232,Chelsey Vaughan,chelsey.7032@gmail.com,42,Giza,2022-11-27
5091,Anthony Chavez,anthony.5508@hotmail.com,48,Singapore,2026-05-29
7046,Jamie Gomez,jamie.155@gmail.com,22,Houston,2024-01-06
9849,Matthew Andrews,matthew.4105@yahoo.com,48,Delhi,2025-10-21
6230,Tina Davis,tina.8161@gmail.com,25,Paris,2026-04-11
865,Mason Moore,mason.9208@example.com,68,Vancouver,2026-02-08
1826,Nathaniel Wallace,nathaniel.2139@gmail.com,29,Riyadh,2023-09-07
5755,Shawn Brooks,shawn.2675@yahoo.com,63,Munich,2026-03-02
8434,Craig Jones,craig.4386@outlook.com,45,Madrid,2025-08-10
7612,Carmen Sanchez,carmen.6128@outlook.com,70,,2026-02-09
9529,Joshua May,joshua.2448@example.com,46,Melbourne,2025-10-16
1740,Sharon Wilson,sharon.1450@yahoo.com,48,Riyadh,2023-07-24
7346,Robert Romero,robert.2242@outlook.com,53,Barcelona,2025-03-09
1732,Kelly Wright,kelly.9469@outlook.com,72,Bangalore,2024-01-08
1073,Kimberly Nelson,kimberly.890@yahoo.com,72,Hamburg,2024-06-27
2121,Christina Mccarthy,christina.607@yahoo.com,28,Manchester,2025-12-13
4265,Brittney King,brittney.8110@gmail.com,39,Giza,2023-10-27
187,Jennifer Robertson,jennifer.4177@hotmail.com,79,Los Angeles,2026-08-30
4960,Christopher Garcia,christopher.5017@example.com,60,Alexandria,2024-05-29
358,Robin Brown,robin.3879@outlook.com,19,Vancouver,2025-10-25
2229,Joel Mcclure,joel.4181@yahoo.com,33,Mexico City,2023-01-31
98,April Mitchell,april.2530@gmail.com,48,Sydney,2024-06-06
1036,Kimberly Williams,kimberly.1660@hotmail.com,59,London,2024-08-21
5510,David King,david.105@yahoo.com,41,Tokyo,2024-02-26
311,Joanna Pacheco,joanna.8317@example.com,19,Berlin,2025-04-26
8284,Jennifer Nelson,jennifer.1013@gmail.com,21,Riyadh,2023-09-26
6893,Marissa Davis DDS,marissa.9110@outlook.com,68,Osaka,2024-07-28
2052,Paul Sheppard,paul.9535@example.com,35,Singapore,2026-04-20
6589,Kenneth Matthews,kenneth.9417@gmail.com,26,Toronto,2023-10-26
529,Chase Lee,chase.9131@example.com,26,Berlin,2024-10-25
183,Katherine Davis,katherine.9034@yahoo.com,45,Hamburg,2024-02-07
3759,Leah Wilcox,leah.2773@example.com,64,Mexico City,2023-02-13
154,David Martinez,david.7286@yahoo.com,72,Vancouver,2023-06-25
2776,Pamela Stewart,pamela.6942@hotmail.com,67,Vancouver,2024-11-07
380,Jodi Roach,jodi.9450@hotmail.com,59,Houston,2024-06-28
2930,Steven Scott,steven.1689@example.com,57,Chicago,2025-12-09
1525,Diana Reeves,diana.7941@example.com,52,Giza,2025-01-14
2242,Keith Williams,keith.5600@outlook.com,61,London,2026-02-23
6442,Christopher Henderson,christopher.2672@yahoo.com,60,Sydney,2025-08-25
1711,Charles Smith,charles.5641@gmail.com,55,Cairo,2025-12-07
6335,Tracy Sharp,tracy.6196@hotmail.com,36,Barcelona,2026-02-09
9489,Michelle Adams,michelle.2613@example.com,49,Houston,2026-01-18
77,Stephanie Clark,stephanie.2523@outlook.com,77,Delhi,2023-09-16
8572,Catherine Bailey DDS,catherine.8612@outlook.com,20,Alexandria,2023-01-09
2087,Anthony Paul,anthony.8822@hotmail.com,20,Hamburg,2024-12-04
392,Caleb Hernandez,caleb.2008@hotmail.com,46,London,2023-05-15
5058,Shannon Nunez,shannon.4488@outlook.com,21,Manchester,2023-07-14
3801,Charlene Wright,charlene.7479@example.com,54,Delhi,2026-07-08
9007,David Aguilar,david.474@example.com,65,Giza,2025-09-23
4628,Raymond Herrera,raymond.67@hotmail.com,77,Madrid,2024-11-22
6773,Lisa Jones,lisa.6154@yahoo.com,55,Paris,2026-02-06
167,Wanda Torres,wanda.3899@example.com,38,Cairo,2025-03-12
3402,Anthony Gould,anthony.1759@outlook.com,44,Melbourne,2026-04-19
2758,Jason Anderson,jason.8859@yahoo.com,33,Houston,2023-10-12
7830,Emily Sanford,emily.4587@yahoo.com,47,Munich,2025-06-25
3640,Isabella Hardy,isabella.896@hotmail.com,49,Bangalore,2024-10-27
3844,Samuel Warren,samuel.6582@outlook.com,67,Alexandria,2024-03-29
6675,Mr. Kevin James,mr..856@example.com,72,Riyadh,2023-06-26
8512,Samuel Peterson,samuel.954@gmail.com,64,Alexandria,2026-07-11
3142,Alexandra Smith,alexandra.9190@example.com,30,Giza,2025-12-09
2999,Lori Oneal,lori.2670@yahoo.com,70,Berlin,2026-08-17
1770,John Russell,john.8688@gmail.com,24,Sao Paulo,2023-08-24
3345,James Wilson,james.2665@hotmail.com,49,Birmingham,2023-06-08
221,Jessica Wright,jessica.2879@yahoo.com,42,Madrid,2026-02-02
987,Grace Chavez,grace.7710@gmail.com,73,Riyadh,2025-01-26
664,Rachel Le,rachel.5135@example.com,42,Dubai,2023-05-18
1650,Jeffrey Drake MD,jeffrey.7271@example.com,19,Sydney,2025-06-13
9356,Paul Brown,paul.4620@example.com,51,Tokyo,2024/12/09
1249,Stephanie Herrera,stephanie.7900@outlook.com,40,Barcelona,2024-01-19
6507,Holly Owen,holly.2526@outlook.com,29,Melbourne,2024-08-17
4132,Lawrence Glover,lawrence.9457@outlook.com,46,Houston,2024-10-27
431,Erik Hernandez,erik.7727@gmail.com,63,Los Angeles,2025-06-21
978,Michelle Olson,michelle.7795@hotmail.com,50,Birmingham,2024-08-16
9158,Donna Cochran,donna.1816@example.com,200,Los Angeles,2023-12-26
8976,Beverly Baker,beverly.784@outlook.com,74,London,2024-02-25
8483,Christopher Rivera,christopher.8257@gmail.com,26,Berlin,2025-12-24
1253,Wayne Ramirez,wayne.8909@outlook.com,34,Houston,2022-11-01
360,Timothy Robertson,timothy.9039@yahoo.com,57,Osaka,2026-09-01
289,Kyle Smith,kyle.2627@hotmail.com,46,Osaka,2023-12-01
4882,Sarah Fields,sarah.8288@hotmail.com,44,Bangalore,2025-12-30
8878,Robert Long,robert.5322@gmail.com,61,Riyadh,2022-12-20
3651,Julie Decker,julie.3252@yahoo.com,71,Madrid,2022-12-15
3937,Kristen Garcia,kristen.6314@gmail.com,68,Munich,2024-04-21
3509,Kristina Wilson,kristina.9382@example.com,67,Lyon,2023-04-03
3103,Daniel Arnold,daniel.1429@outlook.com,24,Hamburg,2023-05-03
7685,Jose Davis,jose.7198@outlook.com,76,London,2023-11-20
9672,Mrs. Terry Williams DVM,mrs..6881@hotmail.com,19,Hamburg,2025-11-21
7105,Kristin Weber,kristin.5399@gmail.com,26,London,2026-06-24
8951,Tanya Martinez,tanya.8037@outlook.com,65,Chicago,2023-05-26
4705,Thomas Phillips,thomas.4301@outlook.com,21,Singapore,2024-10-17
3877,Jessica Lopez,jessica.3994@gmail.com,41,Barcelona,2023-05-29
661,Jeffrey Chavez,jeffrey.8797@yahoo.com,41,Toronto,2025-02-22
6460,David Avila,david.7954@yahoo.com,58,Houston,2024-07-10
3996,Duane English,duane.1828@outlook.com,67,Riyadh,2025-06-22
492,Amber Yang,amber.9156@outlook.com,61,Sydney,2024-04-26
4016,Ronald Johnson,ronald.9753@outlook.com,67,Bangalore,2023-05-16
570,Jennifer Porter,jennifer.5808@hotmail.com,68,Berlin,2025-03-30
5388,Michael Evans,michael.5218@outlook.com,19,Toronto,2024-09-30
8967,Nicole Burch,nicole.2404@gmail.com,78,Houston,2026-02-19
5813,Courtney Grimes,courtney.5473@example.com,56,Vancouver,2026-02-01
4518,Nathan Moore,nathan.3166@hotmail.com,63,Los Angeles,2024-05-05
4711,Kimberly Taylor,kimberly.2577@yahoo.com,56,Lyon,2026-08-18
3039,Jacob Allen,jacob.4029@outlook.com,44,Madrid,2025-12-24
9458,Meghan Johnson,meghan.3765@hotmail.com,35,Berlin,2026-08-20
8866,Jeffrey Figueroa,jeffrey.4436@yahoo.com,60,Mumbai,2024-01-05
8428,Lisa Rice,lisa.4055@example.com,59,Barcelona,2024-09-10
7090,Nathan Perez,nathan.3746@gmail.com,27,New York,2026-07-13
4771,Heather Davis,heather.6336@outlook.com,31,London,2026-05-27
9566,Jessica Martin,jessica.2268@yahoo.com,41,Manchester,2024-08-29
5541,Dawn Collier,dawn.6998@hotmail.com,60,Tokyo,2024-05-10
6941,Stephanie Mahoney,stephanie.4257@gmail.com,22,Vancouver,2022-12-16
4053,Victor Yates,victor.7164@gmail.com,79,Lyon,2024-06-03
8750,Patricia Burgess,patricia.2323@example.com,43,Vancouver,2025-09-01
5105,Melissa Oneill,melissa.9803@example.com,65,Riyadh,2024-09-21
3343,Lauren Hill DDS,lauren.2411@outlook.com,61,Los Angeles,2023-07-05
6538,Mr. Luis Bell,mr..4145@example.com,,Sydney,2024-12-29
7281,Joseph Kelly,joseph.3551@hotmail.com,65,Vancouver,2024-04-23
4011,Nicole Hardy,nicole.8222@hotmail.com,38,Singapore,2024/02/21
7675,Linda Davis,linda.2687@gmail.com,56,Vancouver,2024-03-09
259,Ashley Gordon,ashley.5544@example.com,21,Sydney,2026-06-29
9621,Terry Smith,terry.5991@hotmail.com,38,Madrid,2026-08-12
6634,Terri Roberts,terri.8870@hotmail.com,45,Hamburg,2023-04-30
7755,Shelby Barnes,shelby.4754@gmail.com,42,Lyon,2024-08-08
9175,Lawrence Parker,lawrence.6321@yahoo.com,45,Hamburg,2023-09-05
5470,Lauren Robles,lauren.3549@yahoo.com,41,Dubai,2022-10-22
2233,Gina Ward,gina.2526@gmail.com,37,Paris,2026-02-18
3382,Cassandra Martinez,cassandra.9579@example.com,65,Delhi,2024-07-23
8997,Jeffrey Hall,jeffrey.9640@gmail.com,68,Alexandria,2025-03-29
8024,Melissa Clark,melissa.2239@hotmail.com,20,Alexandria,2023-04-06
707,Daniel Lopez,daniel.4559@hotmail.com,47,Mexico City,2023-10-30
6327,Alan Sanchez,alan.3408@example.com,75,Sao Paulo,2023-04-30
5132,Kelsey Shields,kelsey.7423@yahoo.com,71,Dubai,2025-09-29
7383,Amanda Williams,amanda.7789@example.com,59,Manchester,2026-09-05
8991,Travis Jenkins,travis.2463@gmail.com,79,Tokyo,2026-08-29
2906,Natalie Patrick,natalie.4099@yahoo.com,48,Berlin,2023-06-09
162,Todd Woods,todd.3818@hotmail.com,67,Los Angeles,2025-12-31
5121,Anita Wise,anita.3346@hotmail.com,58,Singapore,2026-07-17
8161,Mary Braun,mary.1230@gmail.com,26,Riyadh,2026-04-11
8897,Timothy Hoffman,timothy.3303@hotmail.com,61,Lyon,2025-02-04
4498,Justin White,justin.6822@outlook.com,18,Mexico City,2022-10-18
6018,Lindsay Chavez,lindsay.4882@outlook.com,76,Los Angeles,2024-09-14
3455,Kevin Wilson,kevin.1817@example.com,48,Sao Paulo,2023-02-21
1995,Jason Lopez,jason.2739@example.com,38,Tokyo,2026-08-27
2876,Pamela Jordan,pamela.1425@hotmail.com,44,Singapore,2023-10-26
6139,Victor Lewis,victor.2084@gmail.com,33,Vancouver,2024-10-20
7666,William Manning,william.4921@outlook.com,55,Houston,2023-01-28
9297,Natalie Anderson MD,natalie.7446@yahoo.com,26,Madrid,2026-01-23
8172,Sandra Warren,sandra.3019@outlook.com,58,Bangalore,2026-01-27
5934,Emily Reid,emily.253@example.com,32,Madrid,2026-05-26
577,Jennifer Goodwin,jennifer.1355@outlook.com,72,Munich,2026-07-28
584,Jeffrey Horton,jeffrey.5153@gmail.com,79,Houston,2023-12-26
5153,Mr. Christopher Fitzgerald,mr..8958@gmail.com,65,Singapore,2023-11-22
3775,Erin Sanders,erin.4043@hotmail.com,71,Mumbai,2024-07-15
4308,James Higgins,james.683@yahoo.com,78,Giza,2024-03-10
5339,Linda Jones,linda.5266@gmail.com,47,Munich,2025-02-07
973,Jamie Solomon,jamie.2293@gmail.com,59,Paris,2024-10-10
8092,Zachary Boyd,zachary.4859@hotmail.com,66,Berlin,2026-07-15
6162,April Carter,april.6844@outlook.com,47,Mexico City,2026-05-24
1032,Travis Vega,travis.7876@hotmail.com,33,Cairo,2026-05-08
6346,Lisa Thompson,lisa.4003@hotmail.com,38,Delhi,2025-09-30
3007,Mrs. Laura Brown,,68,Mexico City,2025-03-09
1373,Robert Contreras,robert.1468@outlook.com,37,Vancouver,2024-07-17
6468,Wendy Peterson,wendy.811@outlook.com,36,Delhi,2025-10-29
3862,Joshua White,joshua.600@example.com,65,Berlin,2024-06-20
9368,Teresa Johnson,teresa.7972@gmail.com,32,Birmingham,2024-02-10
5344,Stephanie Garcia,stephanie.8115@outlook.com,46,Dubai,2023-02-11
7576,Andrew Brock Jr.,andrew.9963@hotmail.com,23,Osaka,2026-03-16
5340,Jessica Lawrence,jessica.2904@example.com,30,Tokyo,2025-03-11
3098,Daniel Lee,daniel.6351@yahoo.com,31,Dubai,2023-06-28
1647,Christopher Hanna,christopher.4959@yahoo.com,51,Birmingham,2026-03-04
4380,James Morales,james.8683@yahoo.com,33,Houston,2022-12-09
9769,Lauren Jenkins,lauren.6331@outlook.com,24,Birmingham,2024-08-19
6428,Jonathan Cervantes,jonathan.7225@gmail.com,64,Delhi,2023-08-07
5087,Jason Mcdonald,jason.4456@example.com,30,Riyadh,2025-06-05
3525,Anthony Jones,anthony.4525@hotmail.com,73,Paris,2026-07-04
9085,Robert Ramos,robert.9797@hotmail.com,39,Los Angeles,2025-09-07
5262,James Hamilton,james.1909@yahoo.com,45,Singapore,2022-09-29
5414,Connie Wells,connie.9916@yahoo.com,60,Melbourne,2024/07/05
1404,John Washington,john.1540@example.com,60,,2026-04-10
1265,John Williams,john.6523@yahoo.com,72,Tokyo,2024-10-16
4861,Katherine Gonzalez,katherine.4519@outlook.com,32,Alexandria,2024-11-29
1683,Steven Butler,steven.3667@yahoo.com,73,Osaka,2024-08-08
2444,Gina Espinoza,gina.7294@gmail.com,40,Melbourne,2025-11-09
6041,Austin Velez,austin.6844@gmail.com,23,Toronto,2022-11-28
4602,Olivia Powell,olivia.7086@outlook.com,44,Chicago,2025-01-29
3755,Jesse Fleming,jesse.1022@hotmail.com,24,Tokyo,2026-01-14
7180,Jeremy Ross,jeremy.6173@example.com,,Tokyo,2023-03-13
8857,Erica Dickson,ericaATyahoo.com,26,Riyadh,2025-09-09
4538,Austin Mitchell,austin.5350@example.com,48,Vancouver,2025-02-26
5021,William Brooks,william.668@hotmail.com,76,Osaka,2025-09-03
450,Victor Morris,victor.7740@gmail.com,61,Singapore,2025-04-17
1452,Cody Hart,cody.1592@gmail.com,64,London,2022-11-06
2822,Amy Knight,amy.324@outlook.com,53,Melbourne,2023-09-14
5360,Loretta Bradley,loretta.1297@outlook.com,18,Houston,2025-11-24
853,James Jefferson,james.2877@outlook.com,20,Giza,2025-11-28
8010,Joseph Braun,joseph.2937@yahoo.com,18,Berlin,2026-03-18
2384,Sara Fox MD,sara.9924@yahoo.com,66,Los Angeles,2023-04-19
395,Beth Turner,beth.2617@hotmail.com,77,Barcelona,2024-11-04
7918,Thomas Mejia,thomas.8341@outlook.com,79,Madrid,2023-08-20
4852,Margaret Ward,margaret.5473@example.com,47,Vancouver,2022-11-09
5550,James Moyer,james.6441@hotmail.com,33,Mexico City,2024-03-11
2509,James Griffith,james.4910@outlook.com,39,Chicago,2025-06-03
835,Martha Smith,martha.8615@yahoo.com,58,Sydney,2025-06-20
7720,Gerald Brooks,gerald.6011@example.com,28,Munich,2023-02-11
6938,Kayla Pearson,kayla.9098@hotmail.com,62,Manchester,2024-06-27
2900,Mason Price,mason.1756@gmail.com,40,Osaka,2024-08-05
2213,Christopher Dudley,christopher.2960@yahoo.com,65,Lyon,2024-10-17
4768,Taylor Cross,taylor.2844@yahoo.com,35,New York,2025-01-16
3466,Brittany Henson MD,brittany.3691@hotmail.com,45,Paris,2025-02-15
3347,,joshua.671@yahoo.com,36,Melbourne,2025-11-05
9406,Michael Trujillo,michael.6426@hotmail.com,52,Sydney,2022-12-12
413,Julie Herrera,julie.638@yahoo.com,63,Toronto,2026-02-05
5883,Mason Miller,mason.1715@hotmail.com,71,Hamburg,2024-04-16
6102,Donald Salazar,donald.7569@outlook.com,74,Cairo,2025-01-05
5761,Jennifer Ross,jennifer.360@yahoo.com,41,Sao Paulo,2025-08-18
1519,Ryan Alvarez,ryan.985@hotmail.com,30,Sydney,2025-06-05
5107,Alex Lambert,alex.4540@example.com,28,Mumbai,2023-12-03
8477,David Moore,david.6904@gmail.com,66,New York,2023-10-25
7014,Michelle Thomas,michelle.1441@gmail.com,24,Mumbai,2022-12-19
6092,Nancy Landry,nancy.5481@outlook.com,39,Singapore,2023-02-01
9836,Dawn Henry,dawn.7053@gmail.com,41,Vancouver,2024-08-20
7736,Billy Larson,billy.4622@example.com,62,Sydney,2023-04-28
7355,Aaron Evans,aaron.533@example.com,67,London,2025-12-02
1145,Carrie Petersen,carrie.1573@yahoo.com,80,Mexico City,2025-06-20
6411,Brent Barton,brent.4598@outlook.com,66,Barcelona,2024-11-02
9857,Calvin Nguyen,calvin.5353@outlook.com,22,Munich,2024-10-05
8420,Kenneth Carter,kenneth.8542@yahoo.com,60,Houston,2024-12-24
9819,Hayley Wilson,hayley.21@gmail.com,37,Dubai,2023-04-20
2503,Andrew Harris,andrew.6043@gmail.com,51,Barcelona,2023-06-13
4999,Adam Medina,adam.9743@example.com,53,Singapore,2024-02-05
6596,Edward Alvarez,edward.7786@yahoo.com,66,Dubai,2023-09-22
6833,Carolyn Smith,carolyn.975@example.com,48,Delhi,2023-03-25
8322,Denise Horn,denise.3987@gmail.com,31,Los Angeles,2026-08-11
7864,Phillip Miller,phillip.2549@gmail.com,61,Paris,2023-06-03
5187,Andrea Sparks,andrea.995@hotmail.com,69,Alexandria,2025-09-03
48,Javier Ramirez,javier.2331@gmail.com,21,Chicago,2023-09-16
5759,Jeremy Simon,jeremy.5263@example.com,50,New York,2023-05-03
2240,Raymond Scott,raymond.6034@example.com,29,Munich,2024-08-08
974,Sean Tucker,sean.4844@hotmail.com,76,Munich,2024-08-21
4056,Michael Garcia,michael.1238@example.com,23,Madrid,2024-03-14
4346,Melissa Martinez,melissa.7243@example.com ,67,Alexandria,2026-05-20
514,Jacqueline Gutierrez,jacqueline.725@outlook.com,46,London,2024-12-16
4107,Ms. Kayla Williams,ms..2365@outlook.com,20,Madrid,2025-01-08
3925,Alison Perez,alison.8378@yahoo.com,72,Sao Paulo,2023-03-20
2886,Kimberly Blevins,kimberly.8653@example.com,20,Dubai,2024-01-08
8033,Reginald Wilson,reginald.5958@yahoo.com,51,Berlin,2026-01-15
2067,Cheryl Watson,cheryl.518@outlook.com,74,Sao Paulo,2025-05-04
7856,Michael Jackson,michael.7583@example.com,22,Vancouver,2025-05-13
6528,Jillian Hill,jillian.8157@outlook.com,58,Lyon,2026-01-04
1420,Eric Warner,eric.7188@yahoo.com,19,Delhi,2026-02-21
4302,Melanie Baker,melanie.2220@outlook.com,66,Houston,2023-07-07
4259,Joshua Bennett,joshua.112@example.com,21,Delhi,2026-06-25
1637,Valerie Fox,valerie.918@example.com,37,Barcelona,2024-12-28
8718,Courtney Dixon,courtney.3371@hotmail.com,44,Mumbai,2025-07-01
6362,Matthew Simon,matthew.7121@yahoo.com,37,Toronto,2024-08-29
9010,Derek Bentley,derek.9831@example.com,50,Barcelona,2024-10-08
5979,Marvin Flores,marvin.103@outlook.com,22,Alexandria,2024-05-05
2367,Angela Reynolds,angela.7500@yahoo.com,79,Delhi,2023-04-25
8189,Edwin Hill,edwin.1824@gmail.com,40,Tokyo,2023-05-18
1158,Luis Fitzgerald,luis.1037@example.com,20,Delhi,2023-09-11
8756,Joshua Flores MD,joshua.5807@outlook.com,24,Los Angeles,2026-06-06
7065,Mark Reed,mark.8996@hotmail.com,68,Vancouver,2026-03-11
3697,Michelle Chavez,michelle.8964@outlook.com,43,Cairo,2023-09-24
3767,Wendy Chavez,wendy.53@hotmail.com,35,Madrid,2025-07-05
6971,Amy Wilcox,amy.2094@example.com,33,Lyon,2022-12-11
2260,Debbie Rivas,debbie.9897@hotmail.com,73,Mumbai,2023-01-30
2288,Deborah Roberson,deborah.5634@outlook.com,999,Lyon,2025-11-21
8810,Vanessa Allen,vanessa.4999@example.com,44,Houston,2024-03-05
26,Melanie Herrera,melanie.201@example.com,36,Paris,2023-10-11
1536,,james.6263@example.com,79,Mumbai,2022-11-04
9073,Jennifer Beck,jennifer.5839@hotmail.com,30,Tokyo,2026-02-10
4743,Victoria Glenn,victoria.6170@example.com,80,Berlin,2025-01-03
14,Timothy Wong,timothy.5633@outlook.com,65,Madrid,2025-02-22
2685,Nicholas Lopez,nicholas.7102@yahoo.com,70,Mexico City,2025-01-27
5684,Brian Nichols,brian.9672@outlook.com,61,New York,2023-12-21
7798,Michael Hunter,michael.7793@example.com,49,Tokyo,2026-03-27
8682,Jonathan Goodwin,jonathan.2172@outlook.com,41,Singapore,2023-06-15
3339,John Nelson,john.9495@example.com,62,Toronto,2024-12-25
4621,Erika Davis,erika.7645@outlook.com,66,Madrid,2026-01-02
1418,Alexandria Dennis,alexandria.2062@outlook.com,32,Toronto,2026-07-05
6309,Tanya Patterson,tanya.987@outlook.com,69,Cairo,2024-01-02
6370,Christopher Lewis,christopher.4418@outlook.com,34,Cairo,2025-08-27
7215,Andrea Haney,andrea.668@yahoo.com,69,Vancouver,2023-07-13
5856,Terry Brown,terry.2781@gmail.com,75,Paris,2022-11-11
1280,Scott Jensen,scott.591@hotmail.com,33,Riyadh,2026-05-12
8035,Emily Navarro,emily.9793@hotmail.com,39,Melbourne,2024-05-12
7981,Rebecca Bailey,rebecca.8781@yahoo.com,54,Cairo,2024-08-24
5663,Kevin Wilson,kevin.7201@hotmail.com,71,Munich,2023-04-18
4073,Gina Thomas,gina.1135@hotmail.com,73,Toronto,2023-07-01
332,Joann Ferguson,joann.4844@hotmail.com,46,Dubai,2023-12-13
2763,Gregory Wallace,gregory.2017@yahoo.com,77,Madrid,2024-07-22
7422,Angela Blake,angela.4020@gmail.com,62,Los Angeles,2024-04-04
2430,Jill Brown,jill.3486@example.com,71,Lyon,2023-03-13
2370,James Wheeler,james.2570@example.com,41,Sao Paulo,2024-10-29
5313,Elaine Lewis,elaine.6677@gmail.com,80,Los Angeles,2023-11-24
4365,Jessica Zimmerman,jessica.1212@gmail.com,59,Melbourne,2023-10-04
2972,Richard Phelps,richard.8402@outlook.com,50,Delhi,2025-01-01
7747,Adam Small,adam.7159@yahoo.com,26,Sao Paulo,2024-02-19
3362,Kelly Morris,kelly.6821@example.com,30,Birmingham,2024-09-15
7622,Walter Blankenship,walter.1938@yahoo.com,21,Sydney,2024-02-05
6236,Ashley Brown,ashley.6664@yahoo.com,30,Hamburg,2023-12-20
6962,Sergio Massey,sergio.2613@example.com,24,Singapore,2025-04-03
1505,Steven Lopez,steven.3121@hotmail.com,40,Dubai,2024-02-12
7429,Christine Love,  christine.4139@example.com  ,76,Bangalore,2023-04-20
9895,John Rice,john.3647@yahoo.com,20,Munich,2025-04-01
8325,Kevin Ballard,kevin.3420@yahoo.com,80,Paris,2025-04-16
9213,Joshua Lee,joshua.5856@hotmail.com,64,Osaka,2023-09-12
947,Joshua Roberts,joshua.3159@yahoo.com,71,Alexandria,2022-12-24
7390,Brandon Rodriguez MD,brandon.4992@yahoo.com,62,Lyon,2022-11-26
4530,Eric Torres,eric.473@outlook.com,23,Vancouver,2023-03-31
1871,Susan Smith,susan.3182@hotmail.com,80,Manchester,2023-11-28
4198,Tommy Fleming,tommy.8565@gmail.com,78,Berlin,2022-12-04
7117,Norman Thompson,norman.6296@hotmail.com,66,Riyadh,2023-07-06
1443,Crystal Meza,crystal.9672@hotmail.com,21,Vancouver,2025-04-15
4248,Brandon Cooper,brandon.2808@gmail.com,53,Hamburg,2023-05-11
3590,Bradley Moore,bradley.688@yahoo.com,45,Lyon,2023-01-01
5393,Amanda Hall,amanda.1950@outlook.com,48,Delhi,2023-01-26
9080,Kristi Becker,kristi.4966@hotmail.com,38,Hamburg,2024-05-23
6644,Rebecca Nicholson,rebecca.5619@outlook.com,53,Osaka,2023-07-16
163,Benjamin Soto,benjamin.9765@gmail.com,35,Tokyo,2022-12-04
9156,Karen Watson,karen.2603@example.com,75,Chicago,2026-06-12
3022,Greg Davis,greg.4618@hotmail.com,22,Dubai,2024-02-17
6670,Justin Williams,justinAThotmail.com,60,Birmingham,2023-10-05
6837,Michelle Watson,michelle.9143@outlook.com,27,Bangalore,2025-07-02
9259,Paula Rogers,paula.6130@outlook.com,31,Dubai,2026-07-13
7487,Dylan Clark,dylan.6730@example.com,57,Los Angeles,2023-03-07
6098,Mary Moore,mary.3937@outlook.com,60,Sydney,2023-10-30
7052,Casey Mason,casey.7728@yahoo.com,67,Hamburg,2023-05-03
5025,Elizabeth Daniels,elizabeth.7815@gmail.com,48,Sydney,2024-09-05
2250,Stephanie Marshall,stephanie.8367@outlook.com,44,New York,2023-01-20
4796,David Rodriguez,david.595@outlook.com,41,Alexandria,2022-09-24
7363,Daniel Anderson,daniel.5758@outlook.com,34,Osaka,2024-11-19
3183,Rachel Peters,rachel.6397@yahoo.com,43,Osaka,2025-01-07
4807,Danielle Wilson,danielle.3202@example.com,63,Giza,2023-02-05
2567,Dustin Wilson,dustin.8400@yahoo.com,73,Berlin,2023-10-22
2747,Morgan Mills,morgan.5279@gmail.com,58,Vancouver,2024-07-17
3975,Anna Galvan,anna.5841@outlook.com,47,Barcelona,2026-06-16
4719,Diana Austin,diana.7700@example.com,49,Berlin,2024-07-11
2655,Christopher Baxter,christopher.5210@outlook.com,22,Toronto,2024-01-02
3124,Eric Long,eric.5199@hotmail.com,56,Paris,2023-04-23
7567,Emily Williams,emily.1921@example.com,35,Cairo,2025-08-30
1387,Christopher Davis,christopher.1122@yahoo.com,26,Birmingham,2025-04-26
8103,Melissa Fox,melissa.3616@example.com,25,Alexandria,2024-05-10
6261,Joy Warner,joy.7761@yahoo.com,68,Vancouver,2023-05-05
7399,Laura Sullivan,laura.6590@yahoo.com,54,Sao Paulo,2024-11-25
2614,Adrian Greer,adrian.1094@yahoo.com,76,Paris,2025-02-16
8666,Mark Guerra,mark.6946@example.com,32,Giza,2026-01-28
4994,Courtney Morgan,courtney.597@outlook.com,30,Cairo,2024-01-10
5460,Scott Mckay,scott.4708@hotmail.com,32,Cairo,2025-12-19
7497,Pamela Anderson,pamela.6098@outlook.com,18,Birmingham,2023-10-03
9001,Terri Humphrey,terri.4760@hotmail.com,39,London,2025-06-04
3579,Willie Flynn PhD,willie.5816@outlook.com,76,Munich,2023-02-10
7208,Mr. Micheal Ray,mr..6086@hotmail.com,74,Melbourne,2026-03-20
8657,Brian Haley,brian.7247@hotmail.com,42,New York,2024-02-10
2838,William Ruiz,william.9932@example.com,50,Houston,2023-05-13
6234,Lee Wood,lee.7583@outlook.com,26,Barcelona,2024-07-24
412,Anthony Simpson,anthony.6577@example.com,20,Alexandria,2026-03-29
2266,Dr. Natalie Doyle,dr..5911@outlook.com,69,Birmingham,2023-12-23
6306,Tammy Graves,tammy.9441@outlook.com,55,Houston,2024-08-30
1127,Eric Blackburn,eric.4179@gmail.com,39,Hamburg,2026-07-21
3785,Melissa Alexander,melissa.9589@outlook.com,27,Madrid,2024-02-20
5735,Donald Harrell,donald.741@example.com,77,Munich,2025-12-20
4525,Anna Poole,anna.4844@gmail.com,65,Osaka,2025-11-02
5354,Marvin Banks,marvin.8585@example.com,34,Giza,2022-12-10
153,Patrick Rivera,patrick.4584@gmail.com,200,Vancouver,2025-07-09
7847,Teresa May,teresa.7020@hotmail.com,70,Manchester,2023-07-26
3035,Gregory White,gregory.5293@yahoo.com,29,Singapore,2024-10-13
6237,Corey Davis,corey.56@gmail.com,35,Sao Paulo,2023-01-22
1792,Joel Mayer,joel.2916@outlook.com,22,Paris,2024-06-27
7938,Susan Taylor,susan.7857@outlook.com,62,Osaka,2023-10-03
168,Natalie Meza,natalie.2855@hotmail.com,21,Los Angeles,2023-07-17
5634,Matthew Miller,matthew.7256@example.com,61,Singapore,2026-02-23
9135,Bryan Ellis,bryan.7897@example.com,35,Mumbai,2023-12-27
1463,Joshua Griffin,joshua.6756@outlook.com,70,Bangalore,2025-05-25
6836,Nicholas Mejia,nicholas.8913@outlook.com,19,Barcelona,2023-03-14
3677,Melissa Mathews,melissa.1786@hotmail.com,39,Los Angeles,2023-11-20
9757,Jennifer Gibson,jennifer.7966@outlook.com,53,Madrid,2025-02-24
6412,Susan Cooper,susan.822@yahoo.com,74,Sydney,2023-07-26
4598,Kurt Wells,kurt.4476@hotmail.com,19,Delhi,2026-01-16
4387,Anna Le,annaAToutlook.com,39,Madrid,2025-01-29
4090,Thomas Moses,thomas.5812@hotmail.com,78,Birmingham,2023-10-04
8517,Laura Watson,laura.8712@gmail.com,29,Lyon,2023-08-26
7831,John Kirk Jr.,john.7874@hotmail.com,77,Lyon,2023-11-30
3849,Carol Wood,carol.5978@gmail.com,68,chicago,2023-07-19
7162,Denise Williams,denise.8900@hotmail.com,25,Birmingham,2024-05-23
3495,Julie Martinez,julie.2326@gmail.com,80,London,2025-05-19
5332,Christopher Cameron,christopher.6379@gmail.com,21,New York,2023-09-10
8235,Teresa Cunningham,teresa.4479@hotmail.com,46,Osaka,2025-11-15
1103,Alexa Williams,alexa.5282@gmail.com,66,Vancouver,2025-11-04
5086,Matthew Chase,matthew.1778@hotmail.com,64,SINGAPORE,2026-03-23
243,Brent Clay Jr.,brent.7246@hotmail.com,68,Manchester,2024-07-10
6998,Gail Morales,gail.7242@example.com,72,Tokyo,2023-11-04
3884,Deborah Spencer,deborah.7577@example.com,68,Riyadh,2025-02-19
3672,Donna Ryan,donna.6266@gmail.com,49,Bangalore,2023-08-12
323,Nancy Jennings,nancy.600@yahoo.com,36,Vancouver,2024-10-25
6274,Michael Harris,michael.8078@outlook.com,77,Delhi,2023-01-31
3473,Jordan Ball,jordan.9004@yahoo.com,25,Hamburg,2024-11-24
1981,Peter Green,peter.4714@outlook.com,29,Paris,2026-04-27
9604,Eric Hancock,eric.3474@example.com,73,Chicago,2025-09-27
7498,Linda Gonzalez,linda.1990@yahoo.com,34,Lyon,2022-10-03
7228,Christina Lewis,christina.2007@yahoo.com,71,Mexico City,2023-05-21
2566,Christine Stone DDS,christine.9502@gmail.com,48,Riyadh,2025-03-04
1143,Crystal Shepherd,crystal.7301@outlook.com,20,Birmingham,2023-01-29
9750,Heather Shields,heather.4319@gmail.com,999,Singapore,2024-08-14
6652,Mr. Samuel Thomas,mr..5436@yahoo.com,31,Sao Paulo,2025-05-15
1989,Steve Key,steveAThotmail.com,74,Delhi,2025-12-23
7974,Angela Maddox,,37,Dubai,2023-08-09
8082,Candice Woods,candice.2721@gmail.com,78,New York,2025-04-23
3220,Lauren Richardson,lauren.6553@yahoo.com,34,Chicago,2026-04-21
1427,Tony Leonard,tony.9086@yahoo.com,22,Lyon,2026-04-06
5760,Keith Warner,keith.6564@hotmail.com,67,Melbourne,2023-12-23
9483,Olivia King,olivia.4082@gmail.com,76,Paris,2023-12-11
6543,Hailey Oconnell,hailey.4550@example.com,62,Lyon,2025-03-27
8102,Mckenzie Cuevas,mckenzie.9023@yahoo.com,31,Toronto,2025-02-19
6149,Crystal Cooper,crystal.1164@gmail.com,59,Chicago,2022-11-22
4333,Taylor Salinas,taylor.3654@gmail.com,58,New York,2023-10-01
1500,Carlos Miller,carlos.9361@yahoo.com,53,Dubai,2025-06-22
7589,Jack Newman,jack.3272@yahoo.com,69,Berlin,2024-10-17
1932,Megan Compton,megan.3716@outlook.com,41,Birmingham,2025-06-26
1400,Karina Wilson,karina.4098@outlook.com,71,Cairo,2026-04-16
6217,Bradley Moon,bradley.4339@example.com,150,Houston,2025-06-09
6796,Rebecca Gonzalez,rebecca.8665@example.com,32,Barcelona,2026-01-12
9638,Michael Woodard,michael.3779@yahoo.com,79,Lyon,2025-06-03
9799,Robert Garcia,robert.4038@outlook.com,69,New York,2026-05-28
8847,William Tucker,william.4548@gmail.com,53,Bangalore,2025-01-17
2578,Jonathon Hill,jonathon.6975@outlook.com,66,Singapore,2025-03-26
7676,Andrew Sullivan,andrew.7086@outlook.com,33,Houston,2022-11-26
1563,Patricia Hamilton,patricia.5324@outlook.com,74,London,2024-12-22
806,Deanna Barnes MD,deanna.2231@example.com,24,Los Angeles,2022-11-07
780,Brandy Mccann,brandy.1277@example.com,41,New York,2024-06-25
209,Sarah Phelps,sarah.862@yahoo.com,28,Singapore,2026-02-23
4477,Stanley Brown,stanley.3118@yahoo.com,55,Chicago,2025-12-19
7190,Peggy Singleton,peggy.2589@outlook.com,29,Madrid,2023-08-21
8339,Yolanda Goodman,yolanda.5988@outlook.com,38,Sao Paulo,2026-07-07
6378,Connor Summers,connor.9356@outlook.com,26,Alexandria,2023-02-11
1014,Matthew Lara,matthew.360@example.com,50,Chicago,2023-11-08
6161,Lindsay Miller,lindsay.6650@example.com,74,Vancouver,2025-12-08
9313,Mr. Carl Crawford DDS,mr..8416@yahoo.com,80,Tokyo,2026-06-06
3411,Barbara Gonzales,barbara.8603@outlook.com,50,Giza,2024-08-29
834,Joseph Williams,joseph.2249@outlook.com,30,Riyadh,2026-09-09
6431,Kevin Miller,kevin.6994@yahoo.com,67,Paris,2022-11-10
3745,Timothy Harris,timothy.213@example.com,35,Alexandria,2026-05-17
3159,Phillip Moran,phillip.7518@outlook.com,41,Chicago,2022-10-04
2026,Melody Williams,melody.1624@example.com,66,Cairo,2026-03-04
1021,Cheyenne Spears,cheyenneATyahoo.com,48,Delhi,2025-01-03
7149,Michael Howard,michael.7592@outlook.com,63,Toronto,2026-02-23
8726,Shelby Smith,shelby.4007@hotmail.com,42,Alexandria,2026-08-24
9220,Christian Davis,christian.8389@hotmail.com,36,Bangalore,2024-11-04
4442,Sharon Rice,sharon.377@yahoo.com,69,Singapore,2025-02-02
5468,Cristina Thompson MD,cristina.5329@hotmail.com,47,New York,2026-02-16
5650,Tanya Martin,tanya.696@outlook.com,46,New York,2025-04-13
4474,Judy Potts,judy.5228@outlook.com,40,Bangalore,2025-11-28
3204,Nathan Pierce,nathan.7972@gmail.com,31,Mumbai,2025-03-23
7349,Diana Pham,diana.4362@gmail.com,59,Cairo,2026-07-09
4123,Michael Graham,michael.7572@example.com,51,Lyon,2026-08-07
7441,Destiny Hale,destiny.5346@gmail.com,60,Tokyo,2025-11-27
7530,Mr. Thomas James,mr..4758@gmail.com,37,London,2025-02-28
4734,Dennis Rios,dennis.5923@example.com,53,Toronto,2023-05-23
5578,Marvin Massey,marvin.9457@yahoo.com,67,Sao Paulo,2025-09-14
424,Michelle Evans,michelle.842@example.com,48,Chicago,2025-12-21
1247,Gary Morgan,gary.7070@example.com,44,Vancouver,2025-05-26
7241,Nicholas Hammond,nicholas.1246@yahoo.com,24,Paris,2024-10-10
4344,Eric Flores,eric.1105@yahoo.com,45,Dubai,2025-05-12
9401,Phillip Williams,phillip.440@yahoo.com,20,Vancouver,2026-03-08
886,Betty Hughes,betty.1216@hotmail.com,28,Osaka,2025-02-10
4686,Barbara Allen,barbara.1416@example.com,29,Mumbai,2025-01-17
9598,Tonya Hess,tonya.8073@example.com,27,Bangalore,2024-05-02
5076,Michael Thompson,michael.8463@hotmail.com,65,Berlin,2024-10-09
9892,Tiffany Cook,tiffany.8524@hotmail.com,999,Mexico City,2026-02-09
1261,Patricia Thomas,patricia.6771@example.com,68,Madrid,2026-03-13
5698,Henry Johnson,henry.8857@yahoo.com,24,Giza,2023-07-28
5154,Mary Evans,mary.5274@outlook.com,28,Mumbai,2025-05-04
1380,Robert Simmons,robert.6746@example.com,45,Berlin,2025-12-15
5160,Casey Hubbard,casey.1610@outlook.com,68,Osaka,2025-06-20
7920,Jeffery Lane,jeffery.1454@hotmail.com,53,Vancouver,2023-06-17
1553,Ryan Cobb PhD,ryan.428@hotmail.com,23,Delhi,2024-11-07
8260,Shawn Long,shawn.3632@yahoo.com,57,Sydney,2023-11-14
5327,Mark Miller,mark.5092@example.com,35,Riyadh,2026-01-02
5413,Jason Hernandez,jason.620@hotmail.com,69,Alexandria,2023-03-31
1773,Bradley Fields,bradley.4430@hotmail.com,69,New York,2023-07-11
689,Victor Young,victor.1678@yahoo.com,37,Tokyo,2023-10-03
6892,Megan Burns DVM,megan.8780@outlook.com,34,Paris,2023-07-21
8370,Whitney Santos,whitney.7296@gmail.com,43,Houston,2024-04-12
5723,Mr. Kevin Jones,mr..8269@yahoo.com,47,Bangalore,2023-04-06
2378,Terry Allen,terry.5000@hotmail.com,31,Chicago,2023-12-21
925,Tiffany Jackson,tiffany.203@example.com,55,Lyon,2026-07-15
9549,Bradley Thomas,bradley.4226@hotmail.com,30,Riyadh,2025-12-13
2215,Clinton Reese,clinton.9596@yahoo.com,55,Cairo,2024-12-12
5664,Matthew Swanson,matthew.6450@outlook.com,,Los Angeles,2025-08-02
9879,Ronald Brooks,ronald.6940@example.com,30,Toronto,2024-06-05
841,Dennis Mills,dennis.3589@gmail.com,75,Sydney,2023-07-08
952,Jeffrey Smith,jeffrey.9733@outlook.com,29,Mexico City,2023-09-11
6682,Susan Johnson,susan.7558@gmail.com,40,Barcelona,2023-04-27
8689,Heather Ball,heather.6104@yahoo.com,76,Sydney,2026-08-07
1461,Brandon Brown,brandon.7259@hotmail.com,75,Toronto,2025-04-10
8439,Noah Garza,noah.6296@outlook.com,55,Madrid,2023-03-02
1456,Erin Thornton,erin.6803@gmail.com,67,Riyadh,2024-08-09
2697,Sandra Bauer,sandra.6114@outlook.com,49,Birmingham,2023-01-27
6829,Jean Graham,jean.8106@example.com,71,Delhi,2023-10-07
7436,Kayla Watson,kayla.8838@gmail.com,51,Riyadh,2024-05-13
7064,Jennifer Wade,jennifer.2983@hotmail.com,53,Cairo,2023-08-15
3058,Robert Guerra,robert.7697@yahoo.com,65,Lyon,2026-08-25
811,Robert Hines,robert.1482@yahoo.com,69,Mumbai,2023-06-11
3599,Rebecca Martinez,,49,Melbourne,2022-12-04
955,Eric Arnold,eric.4238@gmail.com,36,Cairo,2023-05-31
4957,Lawrence Novak Jr.,lawrence.37@outlook.com,,Mexico City,2023-05-15
6696,Isaac Smith,isaac.1026@hotmail.com,29,New York,2025-09-09
2694,Amanda Davenport,amanda.3107@gmail.com,18,Tokyo,2024-04-02
4286,Isabella Randall,isabella.7293@gmail.com,57,Alexandria,2026-01-28
4316,Greg Wood,gregATyahoo.com,24,Hamburg,2024-11-07
7474,Heidi Perez,heidi.4457@example.com,52,Los Angeles,2023-09-07
6926,Brittany Elliott,brittany.3303@outlook.com,65,Melbourne,2024-03-17
4648,Gabriel Guerrero,gabriel.9662@outlook.com,58,Dubai,2026-06-01
2947,Tina Brown,tina.9041@yahoo.com,39,Vancouver,2024-05-08
3212,Rodney Olsen,rodney.485@example.com,19,Lyon,2024-07-03
3562,April Benjamin,april.2053@example.com,33,Singapore,2024-01-08
4411,Michael Johnson,michael.646@yahoo.com,74,Berlin,2026-02-21
7704,Mr. Derrick Zavala,mr..2536@yahoo.com,67,Singapore,2025-05-30
1571,David Lara,david.644@example.com,42,Lyon,2025-05-06
999,Laura Wilson,laura.8022@gmail.com,26,dubai,2022-09-27
5045,James Baker,james.9507@gmail.com,79,Mumbai,2026-01-13
9698,Hannah Steele,hannah.7873@yahoo.com,,Tokyo,2023-01-17
565,Katherine Johnston,katherine.275@example.com,64,Manchester,2023-09-06
8336,Ryan Sanchez,ryan.2368@outlook.com,29,Manchester,2025-05-12
4631,Hannah Marquez,hannah.6117@example.com,77,Berlin,2023-12-17
2765,Andrew Phelps,andrew.5453@yahoo.com,77,Barcelona,2026-07-31
341,Jonathan Young,jonathan.6002@hotmail.com,42,Mexico City,2026-09-09
7580,Daniel Morris,daniel.2166@yahoo.com,999,Sao Paulo,2026-02-27
8456,John Wright,john.1359@yahoo.com,22,Alexandria,2026-01-31
552,Cody Cole,cody.4027@outlook.com,53,Riyadh,2024-12-05
5983,Michael Miller,michael.7600@gmail.com,80,Melbourne,2022-12-04
2769,Zachary Johnson,zachary.3663@hotmail.com,25,Birmingham,2026-08-09
7990,Hannah Fleming,hannah.5191@yahoo.com,22,Los Angeles,2024-02-07
4378,Mr. Scott Dodson,mr..6365@outlook.com,41,Toronto,2025-10-19
5592,Christine Jennings,christine.2961@gmail.com,25,Dubai,2024-11-04
1356,Mason Gaines,mason.379@yahoo.com,64,London,2025-07-28
1397,Amanda Newman,amanda.2394@gmail.com,35,Singapore,2023-11-07
4,Cristian Santos,cristian.6210@hotmail.com,19,Paris,2024-11-21
6081,Raymond Ruiz,raymond.9383@yahoo.com,32,Sydney,2024-04-23
700,Brenda Smith,brenda.1561@yahoo.com,79,Singapore,2026-01-12
2128,Douglas Bell,douglas.1480@outlook.com,78,Melbourne,2024-05-19
7352,Robert Parks,robert.4390@yahoo.com,23,Berlin,2024-04-07
1094,Corey Skinner,corey.8260@outlook.com,44,Dubai,2025-12-24
5014,Allison Duncan,allison.5469@hotmail.com,74,New York,2023-05-06
7919,Lindsey Riley,lindsey.3415@gmail.com,26,Barcelona,2022-12-29
9629,Shirley Smith,shirley.584@outlook.com,67,Lyon,2024-07-03
9703,Ashley West,ashley.514@example.com,65,Bangalore,2024-11-29
2929,Douglas Mack,douglas.4053@outlook.com,30,Paris,2026-05-28
3617,Edgar Moore,edgar.1454@example.com,72,Bangalore,2024-11-22
7262,Kimberly Grimes,kimberly.4168@hotmail.com,62,Sao Paulo,2026-06-12
631,Christina Barker,christina.4962@yahoo.com,34,Mumbai,2023-03-28
7891,James Rich,james.5215@outlook.com,61,Osaka,2025-10-12
2047,John Newman,john.9676@gmail.com,65,Sao Paulo,2024-06-11
7478,Kathleen Rodgers,kathleen.6555@outlook.com,27,Houston,2024-11-17
3418,Brittany Payne,brittany.8307@example.com,34,Los Angeles,2023-09-24
415,James Hudson,james.9933@example.com,26,Toronto,2023-06-28
7672,Jennifer Mills,jennifer.3980@outlook.com,72,Paris,2026-07-14
3869,Cynthia Pierce,cynthia.628@yahoo.com,56,Bangalore,2023-08-28
9827,Benjamin Long,benjamin.2495@yahoo.com,68,Bangalore,2025-04-05
6728,Mrs. Meghan Cardenas,mrs..1213@yahoo.com,37,Lyon,2025-08-13
5331,Jacob Howe,jacob.8420@outlook.com,56,Berlin,2026-01-28
9791,Francisco Lee,francisco.2716@hotmail.com,32,Berlin,2024-09-15
6216,Rachel Castillo,rachel.4685@gmail.com,60,Mexico City,2023-08-12
7092,Anna Malone,anna.5976@example.com,42,Delhi,2023-04-15
6248,Eric Miller,eric.9399@gmail.com,67,Sao Paulo,2025-03-08
2418,David Hunt,,58,London,2023-03-21
2017,Sarah Whitney,sarah.8413@example.com,21,Paris,2023-12-27
9842,Kimberly Walker,kimberly.9625@example.com,57,Houston,2024-09-26
683,Matthew Sweeney,matthew.3684@example.com,36,Chicago,2025-08-14
4016,Ronald Johnson,ronald.9753@outlook.com,67,Bangalore,2023-05-16
33,Elizabeth Brown,elizabeth.1941@example.com,66,Munich,2026-03-22
4746,Maria Lewis,maria.9022@example.com,70,Manchester,2024-05-21
2048,Ariana Brown,ariana.2765@gmail.com,41,Houston,2026-05-06
8440,Robert Larson,robert.3637@hotmail.com,38,Giza,2024-05-12
4710,William Richmond,william.8349@outlook.com,59,Tokyo,2022-11-10
3190,Raven Hill,raven.9721@yahoo.com,19,Dubai,2023-04-14
2054,Barbara Anderson,barbara.9883@outlook.com,49,Lyon,2023-07-15
2800,Ashley Jackson,ashley.9457@yahoo.com,46,Delhi,2024-05-12
7653,Christian Cox II,christian.72@gmail.com,46,London,2026-04-26
4891,Victoria King,victoria.3853@hotmail.com,33,Dubai,2024-09-02
4488,Mr. Jerry Hammond,mr..5527@yahoo.com,19,Paris,2023-01-06
4624,Ronald Lam,ronald.2613@example.com,26,Melbourne,2022-12-08
9430,Steven Brown,steven.1923@gmail.com,24,Alexandria,2026-04-09
3410,Marc Mitchell,marc.8245@yahoo.com,40,Osaka,2022-11-30
5348,Catherine Cole,catherine.5646@gmail.com,53,Sydney,2025-09-04
8704,Randy Hayes,randy.8419@outlook.com,49,Cairo,2024-01-25
7410,Joyce Peterson,joyce.495@yahoo.com,63,Delhi,2024-06-09
7957,Valerie Brown,valerie.9073@yahoo.com,75,,2025-03-31
8488,Erin Martin PhD,erin.8199@yahoo.com,40,Paris,2024-04-19
9059,Christy Anderson,christy.8816@yahoo.com,78,Tokyo,2024-09-30
1322,Nicole Acosta,nicole.8988@hotmail.com,33,Manchester,2024-12-18
2346,Christopher Lee,christopher.4980@outlook.com,50,New York,2026-04-27
3376,Scott Ramirez,scott.98@outlook.com,69,Singapore,2026-05-17
758,Derrick Brown,derrick.3330@yahoo.com,52,toronto,2025-09-20
7610,Stephanie Lawson,stephanie.2259@outlook.com,22,Bangalore,2025-02-06
5011,Fernando Contreras,fernando.1525@yahoo.com,77,Lyon,2024-09-29
5192,Sandra Reyes,sandra.7761@outlook.com,74,Sao Paulo,2023-05-08
8338,Aimee Smith,aimee.4079@outlook.com,78,Melbourne,2023-02-17
7101,Lisa Wood,lisa.2004@hotmail.com,48,London,2024-03-07
1546,Susan Jones,susanATgmail.com,38,Melbourne,2023-12-06
9038,David Wolfe,david.7459@hotmail.com,73,Birmingham,2025-11-12
6017,Brenda Foster,brenda.3734@outlook.com,76,Sydney,2024-01-24
9812,Jordan Riley,jordan.6929@outlook.com,35,London,2023-09-13
731,Tanya Buchanan,tanya.2182@yahoo.com,22,Lyon,2023-08-09
826,Michael Cooper,michael.7553@gmail.com,28,Sao Paulo,2023-03-24
8563,Jennifer Lopez,jennifer.3080@example.com,41,Mexico City,2023-03-28
5239,  William Evans  ,william.215@yahoo.com,62,Berlin,2026-02-09
2513,Tiffany Miller,tiffany.7644@example.com,31,London,2023-09-17
7183,Michelle Dawson,michelle.9097@gmail.com,52,London,2025-07-10
1722,Natalie Martinez,natalie.2528@hotmail.com,73,Mumbai,2026-09-05
7211,Bradley Harmon,bradley.567@example.com,32,Chicago,2025-06-30
5465, Jordan Nixon,jordan.3263@example.com,71,Delhi,2025-10-21
3029,Tina Lopez,tina.4442@outlook.com,60,Vancouver,2025-03-12
2011,Maria Bennett,maria.1944@yahoo.com,26,Tokyo,2025-07-31
1275,Melissa Jensen,melissa.4694@example.com,21,Mexico City,2023-12-17
1755,Becky Hansen,becky.2477@outlook.com,41,Sydney,2023-06-25
9569,Linda Cline,linda.3784@gmail.com,56,Singapore,2026-07-16
3406,Karen Gomez,karen.7283@gmail.com,76,Sao Paulo,2023-06-26
6813,Michael Moore,michael.8565@gmail.com,999,Paris,2025-02-28
4809,Emily Bates,emily.2929@example.com,25,,2024-12-06
6006,Cynthia Cunningham,cynthia.3002@gmail.com,47,Osaka,2025-05-19
875,Kara Sandoval,kara.2751@gmail.com,70,Delhi,2025-07-28
12,David Garcia,david.3987@hotmail.com,60,Barcelona,2023-10-28
940,Monica Brooks,monica.6829@example.com,59,Giza,2026-07-05
9263,Justin Carr,justin.5637@outlook.com,65,Dubai,2025-04-12
4622,Danny Smith,danny.2692@gmail.com,39,Lyon,2026-01-12
5857,Robert Chapman,robert.5794@gmail.com,59,Madrid,2022-12-22
7250,Joshua Ward,joshua.8734@hotmail.com,38,Tokyo,2025-08-02
2134,Kendra Watson,kendra.6389@yahoo.com,77,Munich,2025-04-24
3883,Shari Kelley,shari.6789@yahoo.com,35,Manchester,2023-05-28
4851,Kara Gallegos,kara.6083@gmail.com,46,Berlin,2025-05-11
5061,Chad Gonzalez,chad.8590@hotmail.com,31,Munich,2023-02-08
2457,Laura Gonzalez MD,laura.1071@example.com,26,Bangalore,2024-06-17
7340,Amy Wise,amy.4402@hotmail.com,45,Singapore,2026-04-12
553,Alexander Gomez,alexander.5531@hotmail.com,66,Melbourne,2023-01-30
5671,Lawrence Daniels,lawrence.1909@gmail.com,46,Barcelona,2022-10-08
870,Jonathan Valdez,jonathan.9298@gmail.com,29,Dubai,2023-02-13
2180,Shawn Cruz,shawn.4637@yahoo.com,44,Chicago,2026-03-31
4792,Patrick Vasquez,patrick.3745@hotmail.com,41,Sao Paulo,2026-06-19
7377,Christopher Houston,christopher.9702@example.com,33,Houston,2026-07-18
2231,Candace Stuart,candace.3412@yahoo.com,42,Singapore,2024-10-10
9450,Taylor Baker,taylor.1400@gmail.com,78,Hamburg,2023-12-31
7540,Christine Stokes,christine.5465@example.com,65,Melbourne,2025-08-18
6839,Jonathan Kelley,jonathan.9410@outlook.com,31,Chicago,2026-08-24
2584,Robert Gross,robert.6401@gmail.com,52,Berlin,2023-11-03
4533,Dr. Joseph Parsons,dr..7277@hotmail.com,24,Sao Paulo,2026-07-20
5036,Shelly Mclaughlin,shelly.973@outlook.com,31,Dubai,2023-01-12
40,Crystal Robinson,crystal.2848@example.com,22,Chicago,2022-12-29
3774,Matthew Giles,matthew.7543@gmail.com,74,Bangalore,2023-01-01
6208,Ryan Becker,ryan.5599@yahoo.com,66,Berlin,2025-03-15
8808,Derek Bishop,derek.6006@hotmail.com,46,Melbourne,2026-03-24
3334,Brenda Carrillo,brenda.6190@gmail.com,79,Manchester,2023-11-22
9590,William Perry,william.9221@gmail.com,54,Alexandria,2023-07-18
1635,Sean White,sean.7547@example.com,75,Toronto,2023-05-20
1615,Dennis Williamson,dennis.9362@example.com,23,Paris,2026-05-04
2102,Henry Gilbert MD,henry.5691@gmail.com,59,Melbourne,2024-02-16
9476,Travis Washington,travis.6721@hotmail.com,80,Los Angeles,2025-10-10
3422,Lisa Krause,lisa.2608@yahoo.com,24,Mumbai,2026-02-10
5374,Charles Charles,charles.3357@hotmail.com,71,New York,2023-07-08
8686,Julie Lopez,julie.398@hotmail.com,58,Manchester,2024-04-30
3057,Michael Glass,michael.6824@yahoo.com,66,Chicago,2022-09-23
3118,Vanessa Beck,vanessa.6542@gmail.com,32,Berlin,2023-04-19
1541,Wesley Jensen MD,wesley.9520@example.com,61,Sydney,2026-08-15
284,Latoya Miller,latoya.6860@yahoo.com,70,Houston,2022-12-02
8366,Frank Flores,frank.2360@yahoo.com,30,Hamburg,2024-10-26
2226,Anne Russell,anne.798@hotmail.com,38,Sydney,2025-09-04
411,Kathy Levy,kathy.2364@yahoo.com,56,Lyon,2023-07-28
1294,Ann Montoya,ann.9227@outlook.com,67,London,2026-04-05
7872,Lonnie Estrada,lonnie.6341@gmail.com,50,Singapore,2025-08-14
9683,Sherry Reid,sherry.1655@gmail.com,45,Birmingham,2023-01-23
7468,Michelle Shepard,michelle.2179@hotmail.com,20,Vancouver,2023-09-27
6128,Jeffery Strong,jeffery.2089@yahoo.com,26,Mumbai,2026-03-16
8985,Leah Castro,leah.8232@hotmail.com,26,Barcelona,2024-03-08
2707,Wesley Rich,wesley.4054@example.com,55,Mexico City,2025-10-05
563,Frank Valentine,frank.7917@outlook.com,19,Cairo,2023-07-07
627,Ronald Morgan,ronald.2948@example.com,N/A,Mexico City,2025-01-08
4120,,alice.1554@outlook.com,36,Osaka,2024-04-29
5750,Angel Johnston,angel.7294@example.com,54,Giza,2023-11-30
2866,Jill Wilkerson,jill.8712@example.com,56,Osaka,2023-06-13
1691,Curtis Obrien,curtis.1163@hotmail.com,52,Hamburg,2023-02-11
8699,Courtney Hamilton,courtney.8015@yahoo.com,70,Dubai,2025-07-09
2473,George Hubbard,george.1585@gmail.com,48,Munich,2023-04-08
1735,Karen Griffin,karen.621@example.com,48,Delhi,2024-03-09
2468,Danielle Warner,danielle.6883@example.com,46,Toronto,2022-12-25
1029,Alexandra Collier,alexandra.3305@hotmail.com,63,Munich,2023-09-14
608,Samantha Richardson,samantha.6780@outlook.com,67,Giza,2025-12-31
6311,David Walker DDS,david.7121@yahoo.com,60,Cairo,2024-02-18
2463,Ronnie Hudson MD,ronnie.6998@gmail.com,72,Mexico City,2024-02-13
3758,Roy Fowler,roy.5451@hotmail.com,75,Delhi,2026-03-23
8510,David Perry,david.6895@yahoo.com,42,Dubai,2025-08-11
7943,Kelsey Howell,kelsey.4729@yahoo.com,80,Houston,2025-08-11
5922,Elijah Edwards,elijah.6439@hotmail.com,37,Tokyo,2023-04-30
3952,Kelly Rivas,kelly.5418@outlook.com,62,Manchester,2025-07-04
6040,Karen Brown,karen.976@gmail.com,28,Tokyo,2024-01-11
6694,Michael Moore,michael.7786@yahoo.com,18,Birmingham,2025-04-03
5477,Juan Brewer,juan.1428@gmail.com,67,Vancouver,2026-06-25
3060,David Barnett,david.5527@outlook.com,68,Riyadh,2026-03-28
3600,Kim Vincent,kim.6055@yahoo.com,36,Mexico City,2024-12-13
2269,Jerry Wall,jerry.2379@yahoo.com,45,Melbourne,2023-03-19
9814,Jonathan Horne,jonathan.8504@hotmail.com,N/A,Barcelona,2024-08-03
9635,Leslie Hernandez,leslie.7708@gmail.com,39,Delhi,2024-02-28
5740,Ruben Chambers MD,ruben.7274@gmail.com,27,Madrid,2025-09-18
3535,Jared Garza,jared.8373@gmail.com,33,Houston,2026-05-09
8340,Grant Chung,grant.6323@example.com,48,Munich,2023-07-24
9144,Colton Williams,colton.3824@hotmail.com,46,Los Angeles,2025-02-18
7213,Christopher Smith,christopher.4052@yahoo.com,29,Cairo,2022-10-04
7462,Carl Payne,carl.2560@yahoo.com,150,Vancouver,2024-09-09
5305,Shannon Roberts,shannon.377@example.com,48,Los Angeles,2022-11-14
5054,Sandra Brown,sandra.6206@example.com,61,Manchester,2026-08-12
8781,Mr. David Carlson,mr..9886@yahoo.com,43,Bangalore,2025-01-28
1354,John Mcfarland,john.5951@example.com,51,Mexico City,2025-02-24
1891,Jennifer Moore,jennifer.1487@gmail.com,48,Mumbai,2023-02-25
5976,Maria Wright,maria.8523@example.com,29,Chicago,2026-03-29
8858,Matthew Lawrence,matthew.4430@gmail.com,62,Dubai,2025-11-23
4573,Wanda Short,wanda.6349@gmail.com,65,Sao Paulo,2023-04-25
6702,Jordan Adams,jordan.3081@hotmail.com,35,Tokyo,2023-08-08
5197,Taylor Morales,taylor.4836@yahoo.com,51,Barcelona,2026-05-16
9258,Brianna Mullen MD,brianna.6448@example.com,39,Osaka,2025-04-10
9092,April Kennedy,april.4097@yahoo.com,69,Bangalore,2025-09-19
5139,Tonya Jones,tonya.1492@example.com,N/A,Sydney,2023-05-07
7547,Wendy Jenkins,wendy.8084@outlook.com,19,Hamburg,2023-10-18
9772,Ronald Richards,ronald.4304@hotmail.com,66,SAO PAULO,2024-06-11
4131,Joseph Bradley,joseph.7928@hotmail.com,30,Riyadh,2025-03-13
8632,Brooke Chang,brooke.5806@gmail.com,61,Los Angeles,2025-01-08
5651,Tammy Smith,tammy.4039@gmail.com,47,Delhi,2026-06-05
6055,Kyle Zavala,kyle.5706@yahoo.com,200,Alexandria,2024-03-05
2268,Wayne Russell,wayne.261@yahoo.com,200,Cairo,2024-10-16
1113,Andrea Moore,andrea.1680@example.com,73,Mumbai,2023-11-22
5335,Jason Jones,jason.5487@gmail.com,21,Mexico City,2025-01-02
1407,Cameron Schwartz,cameron.9005@example.com,25,Manchester,2022-12-13
3470,Christine Cook,christine.6216@gmail.com,53,Paris,2025-05-06
1458,Keith Meadows,keith.6998@gmail.com,28,Sydney,2024-06-23
9133,Jose Reed,jose.1445@gmail.com,999,Bangalore,2024-04-02
6553,Richard Castillo,richard.32@hotmail.com,53,Delhi,2026-03-28
4961,Christine Gates,christine.8137@example.com,31,Madrid,2023-06-05
1902,Catherine Carroll,catherine.5964@gmail.com,25,Berlin,2024-04-13
3064,Ruth Freeman,ruth.6495@outlook.com,61,Mexico City,2025-02-09
7546,Leslie Calderon,leslie.9977@gmail.com,67,Manchester,2026-07-04
7944,Heather Valencia,heather.470@yahoo.com,45,Mexico City,2025-05-29
5316,Ryan Vaughn,ryan.5878@example.com,61,Los Angeles,2023-03-21
5988,Aaron Schneider,aaron.538@outlook.com,22,Sydney,2024-02-04
3223,Dakota Lawson,dakota.9627@hotmail.com,28,Sydney,2024-01-18
6848,Rebekah Ferguson,rebekah.197@yahoo.com,52,Berlin,2025-11-25
325,Daniel Meza,daniel.6030@outlook.com,74,Berlin,2024-08-27
8944,Dr. Janice Davis,dr..747@yahoo.com,70,Delhi,2023-06-16
8462,Jonathan Andrews,jonathan.9545@outlook.com,24,Berlin,2025-05-08
2010,Shelby Huynh,shelby.2822@hotmail.com,19,Bangalore,2025-10-10
8668,Priscilla Decker,priscilla.9793@hotmail.com,78,Giza,2022-10-11
7953,Katrina Smith,katrina.526@yahoo.com,68,Tokyo,2025-07-12
8002,Emily Patterson,emily.1703@gmail.com,49,Sydney,2024-08-23
7860,Deanna Jennings,deanna.6400@yahoo.com,43,Melbourne,2025-08-05
6617,Shane Smith,shane.9861@gmail.com,19,Melbourne,2024-06-14
1728,Norman Chavez,norman.9903@outlook.com,57,Chicago,2026-08-23
4554,Cassandra Peters,cassandra.4273@yahoo.com,33,Alexandria,2026-04-08
5211,Linda Jones,linda.4762@example.com,54,Mexico City,2023-07-03
6792,Tracy Foster,tracy.4327@yahoo.com,49,Munich,2022-10-19
8774,Anthony Doyle,anthony.6811@hotmail.com,48,Cairo,2026-08-28
4586,Sarah Rodriguez,sarah.184@hotmail.com,77,Cairo,2024-07-23
9551,Lindsey Cruz MD,lindsey.5614@hotmail.com,57,Osaka,2024-06-10
1219,Sean White,sean.9900@gmail.com,50,Osaka,2025-07-23
1009,Abigail Davis,abigail.8525@example.com,51,Toronto,2023-04-17
3489,Megan Perry,megan.4384@hotmail.com,62,Madrid,2026-05-02
2083,Kathryn Hill,kathryn.5655@hotmail.com,44,Vancouver,2024-06-02
3113,Heidi Blankenship,heidi.5139@hotmail.com,23,Mumbai,2025-01-16
505,Nathaniel Lee,nathaniel.4889@outlook.com,61,Bangalore,2023-10-14
7680,Jillian Jackson,jillian.6634@hotmail.com,34,Alexandria,2025-04-30
7469,Colleen Reid,colleen.5815@yahoo.com,62,Singapore,2023-03-13
5210,Bridget Cook,bridget.5042@outlook.com,68,Manchester,2025-03-13
1185,Erin Daniels,erin.9288@hotmail.com,69,Toronto,2023-07-16
7432,Kelly Harvey,kelly.1875@outlook.com,21,Sao Paulo,2025-02-09
7080,Crystal Myers,crystal.73@outlook.com,77,Cairo,2025-11-09
5925,Marie Wise,marie.7324@example.com,38,New York,2025-02-24
9141,Patrick Morgan,patrick.9332@hotmail.com,37,Giza,2025-03-20
9562,Raymond Dixon,raymond.4704@gmail.com,56,Giza,2025-06-22
8993,Kellie Hamilton,kellie.1320@hotmail.com,56,Hamburg,2025-07-31
7119,David Thompson,david.3767@outlook.com,60,Bangalore,2025-07-29
4400,Melinda Mccullough,melinda.2468@yahoo.com,37,Melbourne,2025-07-03
1771,Debra Richmond,debra.8705@hotmail.com,79,Tokyo,2025-05-30
8856,Michael Browning,michael.3709@hotmail.com,80,Cairo,2026-05-08
9091,Christopher Burke,christopher.8626@yahoo.com,28,Mumbai,2022-09-29
9338,Carrie Horne,carrie.4579@outlook.com,78,Giza,2025-07-16
3063,Jennifer Gutierrez,jennifer.2844@example.com,28,Cairo,2023-10-28
1956,Brittany Barber,brittany.4554@yahoo.com,19,Giza,2023-09-27
3696,Lauren Brown MD,lauren.8595@outlook.com,26,Bangalore,2025-01-02
8502,Melissa Williams,melissa.564@yahoo.com,19,Madrid,2023-02-13
2312,Karen Mendez DDS,karen.2573@hotmail.com,63,Hamburg,2023-05-06
9693,Jason Williams,jason.7813@outlook.com,68,London,2023-01-13
4175,Carlos Scott,carlos.2518@gmail.com,74,Singapore,2026-07-15
2148,Clinton Moore,clinton.3858@hotmail.com,31,Tokyo,2023-08-01
5355,Valerie Roberts,valerie.3200@yahoo.com,30,Hamburg,2024-04-05
5879,Heather Miller,heather.9305@example.com,45,Barcelona,2025-04-30
926,Adrienne Jones,adrienne.6875@gmail.com,44,Los Angeles,2025-05-23
1071,Bonnie Roberson,bonnie.4991@example.com,53,Houston,2022-10-28
4514,Laura Pennington,laura.1567@outlook.com,66,Los Angeles,2023-04-25
989,Kathy Barnes,kathy.1167@outlook.com,74,Houston,2023-04-23
4435,Steven Stone,steven.4429@outlook.com,39,Vancouver,2023-06-25
9429,Andrew Ingram,andrew.4898@outlook.com,44,Melbourne,2024-03-27
8162,James Kim,james.5953@hotmail.com,49,Bangalore,2025-05-08
6940,Katherine Weaver,katherine.9394@hotmail.com,999,Cairo,2026-04-08
7975,Mark Martin,mark.432@yahoo.com,77,Tokyo,2023-10-27
7688,Justin Miranda,justin.3905@yahoo.com,19,Barcelona,2025-10-08
2177,Roger Garcia,roger.4362@hotmail.com,65,Paris,2023-11-24
7339,Daniel Horne II,daniel.1275@outlook.com,28,London,2024-06-21
5009,Billy Perez,billy.4913@outlook.com,19,Cairo,2024-08-20
7012,Elizabeth Mckenzie,elizabeth.9419@yahoo.com,19,Berlin,2025-12-31
2924,Taylor Cruz,taylor.5606@outlook.com,80,Dubai,2022-11-26
8179,Kevin Hall,kevin.4497@gmail.com,71,London,2023-01-18
400,Mark Jimenez,mark.3945@yahoo.com,55,Vancouver,2025-03-21
9146,David Cole,david.1524@outlook.com,48,Houston,2022-10-28
5783,Steven Morgan,steven.1480@hotmail.com,39,Barcelona,2025-06-16
1432,Patrick Perez,patrick.5966@example.com,33,Toronto,2024-02-14
5467,Tammy Stanley,tammy.3444@outlook.com,37,Giza,2025-04-12
6459,Kristi Flores,kristi.8309@yahoo.com,78,London,2023-09-01
8850,Derek Cooley,derek.3084@hotmail.com,,Mexico City,2025-07-22
1968,Dawn Guzman,dawn.9621@example.com,23,Los Angeles,2026-07-08
8201,Greg Hill,greg.5152@yahoo.com,38,Mexico City,2024-05-11
4735,Stephanie Carr,stephanie.3350@outlook.com,55,Lyon,2025-08-09
5191,Brandi Vargas,brandi.4238@yahoo.com,53,Mexico City,2024-11-14
7850,Madison Garcia,madison.7318@example.com,38,Delhi,2024-01-04
2901,Denise Holland,denise.3051@outlook.com,,Cairo,2024-01-02
303,Cassandra Mejia,cassandra.783@yahoo.com,44,Riyadh,2024-09-07
6547,Elizabeth Villarreal,elizabeth.2755@gmail.com,21,Cairo,2026-09-09
7022,Kelly Montgomery,kelly.9613@outlook.com,52,Cairo,2025-01-25
7128,Loretta Holt,loretta.4920@gmail.com,46,Munich,2026-04-12
6756,Kevin Lee,kevin.6990@gmail.com,N/A,Alexandria,2023-09-28
6575,Sandra Estes,sandra.712@outlook.com,66,Riyadh,2025-04-19
2605,Kelly Cox,kelly.641@gmail.com,36,Riyadh,2023-07-03
7231,Gabriel Hill,gabriel.5462@example.com,43,Toronto,2024-07-14
3684,Seth Johnson,seth.599@hotmail.com,62,Barcelona,2023-04-29
5560,  Dale Bartlett  ,dale.3511@outlook.com,63,Osaka,2025-09-24
9289,Cole Wallace,cole.1604@outlook.com,75,Delhi,2023-04-16
3556,Ms. Maria Thomas,ms..5931@yahoo.com,47,Toronto,2023-10-13
9730,Daniel Williams,daniel.8305@gmail.com,39,Giza,2022-12-17
9870,Laura Stanton,laura.5945@hotmail.com,64,Munich,2025-10-05
3497,Collin Duffy,collin.349@outlook.com,71,Alexandria,2025-08-11
2752,Sara Hamilton,sara.4815@example.com,30,Delhi,2023-03-06
862,Joseph Haynes,joseph.5515@hotmail.com,38,Los Angeles,2023-02-03
824,Jake Smith,jake.2111@gmail.com,75,Tokyo,2023-12-31
6654,Anthony Peterson,anthony.4238@outlook.com,37,PARIS,2025-01-25
6280,Sarah Johnson,sarah.1739@example.com,36,Manchester,2023-01-23
4665,Michael Bailey,michael.7589@hotmail.com,62,Barcelona,2024-10-15
5364,James Anderson,james.8410@hotmail.com,26,Hamburg,2023-02-08
8914,Kristen Duran,kristen.5288@example.com,24,Melbourne,2026-03-03
2274,Kathryn Parrish,kathryn.7725@gmail.com,73,Hamburg,2025-07-04
7492,Aaron Rasmussen,aaronATexample.com,60,Melbourne,2024-03-21
9365,Thomas Wilson,thomas.3780@example.com,61,Cairo,2024-01-08
5034,Jordan Sanders,jordan.8569@hotmail.com,54,Sydney,2023-03-19
4022,Joshua Mullins,joshua.93@outlook.com,21,Mexico City,2025-03-26
3809,Melissa Garcia,melissa.8392@yahoo.com,77,Birmingham,2026-02-25
5321,Peggy Mcintyre,peggy.6979@gmail.com,61,Melbourne,2024-09-05
4292,Chelsea Walker,chelsea.7450@example.com,71,,2024-05-17
8579,Gregory Ruiz,gregory.2315@example.com,30,Cairo,2025-04-10
198,Jennifer Villa,jennifer.4565@example.com,32,Sydney,2024-09-27
4321,Cynthia Chavez,cynthia.78@yahoo.com,60,Melbourne,2026-08-20
6866,Crystal Mcdaniel,crystal.1966@gmail.com,-1,Melbourne,2026-05-24
7071,Connie Fields,connie.6299@example.com,60,Singapore,2026-01-04
8193,Antonio Mcbride,antonio.8783@hotmail.com,48,Toronto,2023-04-09
1114,Jacob Smith,jacob.9206@yahoo.com,65,Riyadh,2025/04/06
5706,Jose Richardson DVM,jose.9629@hotmail.com,77,Mumbai,2023-12-12
4617,Catherine Lynch, catherine.5693@hotmail.com,27,Melbourne,2024-01-14
7051,Jeanette Nielsen,jeanette.7269@example.com,65,Cairo,2025-02-17
5679,Kathleen Blankenship,kathleen.693@hotmail.com,57,Dubai,2024-01-02
551,Eric Ward,eric.3769@outlook.com,54,Melbourne,2023-10-16
9051,Holly Moore,holly.8639@example.com,41,Riyadh,2026-05-25
7751,Sean George,sean.8258@outlook.com,22,Tokyo,2025-12-13
2281,Lisa Jenkins,lisa.7965@example.com,55,Bangalore,2024-09-11
558,Jason Washington,jason.1218@gmail.com,66,Cairo,2023-01-07
7780,Lance Velasquez,lance.6269@hotmail.com,34,Toronto,2025-08-07
3572,Jessica Taylor,jessica.2736@gmail.com,26,Lyon,2025-08-30
1805,Zachary Hill,zachary.6299@outlook.com,25,Barcelona,2025-06-06
217,Lisa Allen,lisa.9820@gmail.com,18,Houston,2026-05-12
5347,Timothy Perez,timothy.6745@yahoo.com,56,Los Angeles,2022-10-10
164,Justin Torres,justin.2371@yahoo.com,52,Manchester,2026-09-08
5143,Jordan Riley,jordan.2216@gmail.com,51,Chicago,2024-01-25
3573,Brent Scott,brent.8673@outlook.com,75,Munich,2026-05-20
4597,John Estrada,john.7459@example.com,62,Madrid,2024-11-15
994,Joseph Perez,joseph.7497@yahoo.com,N/A,Tokyo,2025-12-02
532,Sarah Valdez,sarah.1515@example.com,64,Melbourne,2026-02-21
3138,Thomas Sellers,thomas.4865@yahoo.com,30,Vancouver,2023-01-18
1055,Tara Scott,tara.3670@hotmail.com,51,Lyon,2022-10-15
214,Stephanie Williams,stephanie.1817@hotmail.com,61,Mumbai,2025-11-23
4945,Debbie Reed,debbie.9683@example.com,36,Madrid,2022-10-24
1312,Sarah Young,sarah.6082@example.com,38,Paris,2024-09-19
8229,David Day,david.7044@example.com,58,Alexandria,2023-12-19
3688,Dr. Jeff Hoffman,dr..3863@hotmail.com,47,Delhi,2026-04-27
7526,Sean Warren,sean.5972@yahoo.com,58,Sao Paulo,2024-04-14
1206,Kelly Foster PhD,kelly.7990@yahoo.com,22,Manchester,2024-12-09
3485,Donna Wilson,donna.4100@example.com,31,Paris,2023-08-26
7364,Mary Smith,mary.6785@outlook.com,26,Mumbai,2025-12-20
9147,Karen Blackburn,karen.923@example.com,39,Bangalore,2026-06-16
5948,Miguel Bell,miguel.9366@hotmail.com,,Los Angeles,2023-11-18
102,Robert Potter,robert.7995@example.com,20,Dubai,2025-05-26
5350,Suzanne Crosby,suzanne.7769@outlook.com,77,Alexandria,2023-11-29
3211,Kelly May,kelly.4170@gmail.com,30,Dubai,2024-04-17
2138,Joshua Cooper,joshua.8741@hotmail.com,62,Mexico City,2025-08-11
6539,Ryan Moore,ryan.4611@outlook.com,78,Lyon,2025-08-09
4977,Angie Jacobson,angie.8200@example.com,47,Lyon,2023-03-08
3131,Andrew Brady,andrew.3497@gmail.com,31,Tokyo,2025-10-01
9864,Karen Lee,karen.6152@example.com ,57,Alexandria,2023-01-07
9902,Dale Wheeler,dale.8695@outlook.com,77,Dubai,2026-08-16
8570,Jeffery Walker,jeffery.1521@example.com,52,Hamburg,2024-02-06
9067,Erica Henry,erica.3968@gmail.com,71,Barcelona,2022-10-24
9101,Bruce Wilson,bruce.1415@gmail.com,18,Vancouver,2025-03-27
9138,Leslie Mathis,leslie.3397@hotmail.com,25,Singapore,2024-12-03
1223,Abigail Andrade,abigail.5935@example.com,63,Melbourne,2023-08-30
7647,Robin Wright,robin.2287@hotmail.com,52,Munich,2025-02-03
2425,Charles Yang,charles.4017@example.com,78,Munich,2024-09-09
2871,Jeffrey Johnson,jeffrey.6065@yahoo.com,61,Dubai,2024-09-22
8828,Megan Coleman,megan.6900@yahoo.com,61,Dubai,2026-05-27
354,Mrs. Alexis Kramer,mrs..9012@example.com,36,Osaka,2024-02-02
6996,Nathaniel Black,nathaniel.4523@gmail.com,79,Sao Paulo,2023-01-10
7979,Brian Peters,brian.4192@example.com,43,Paris,2025-06-14
4253,Jessica Mejia,jessica.452@example.com,49,Munich,2024-09-21
229,Maria Parker,maria.7539@hotmail.com,23,Munich,2024-06-22
9704,Jason Perez,jason.598@example.com,55,Sao Paulo,2026-08-12
4877,Michael Adkins,michael.6631@gmail.com,78,Barcelona,2025-01-25
3079,Arthur White,arthur.5065@yahoo.com,53,Houston,2023-06-27
1736,Leah Stone,leah.6039@gmail.com,55,Paris,2024-04-15
6073,Kyle Singh,kyle.6433@outlook.com,47,Berlin,2024-01-01
604,Ryan Burns,ryan.9089@example.com,44,New York,2023-01-15
2027,John Myers,john.8665@yahoo.com,63,Houston,2026-08-25
8113,Aaron Jacobs,aaron.9230@example.com,69,Delhi,2026-06-19
9485,Brandon Lloyd,brandon.5342@example.com,43,Mexico City,2023-09-05
5895,Joseph Miller,joseph.9472@example.com,77,Houston,2023-03-02
688,Robert Jones,robert.7232@example.com,31,Munich,2024-12-24
5950,Samantha Garrett,samantha.5151@gmail.com,47,Paris,2025-01-18
2844,Rachel Phelps,rachel.9009@hotmail.com,34,Berlin,2025-02-24
5959,Bryan Daugherty,bryan.7824@hotmail.com,50,Barcelona,2025-04-30
6470,Shane Gonzales,shane.5776@gmail.com,55,Dubai,2025-12-01
251,Richard Sanchez,richard.9367@yahoo.com,38,Dubai,2023-03-19
1958,Chad Harrison,chad.1432@example.com,43,Houston,2023-05-01
4611,Wayne Anderson,wayne.775@hotmail.com,41,Giza,2025-02-02
9855,Stacy Underwood,stacy.785@gmail.com,68,Mexico City,2025-05-23
8269,Christine Cantrell,christine.4842@yahoo.com,56,Los Angeles,2024-01-29
9106,Jesse Wood,  jesse.500@gmail.com  ,79,Riyadh,2026-04-27
2905,Christopher Thompson,christopher.114@yahoo.com,67,Mumbai,2026-06-15
7431,Jeanette Johnson,jeanette.3273@outlook.com,67,Alexandria,2024-10-17
3072,Julie Rodriguez MD,julie.7675@outlook.com,38,Riyadh,2026-01-16
8441,Susan Lawson,susan.6079@gmail.com,28,Toronto,2026-03-27
3102,Ross Hampton,ross.5072@example.com,73,Sydney,2025-03-16
3720,Mark Mclean,mark.4308@example.com,24,Los Angeles,2023-07-30
7952,Ronald Johnson,ronald.6458@yahoo.com,35,Chicago,2025-12-19
4336,Joseph Hogan,joseph.2743@hotmail.com,79,Mumbai,2026-03-18
3119,Perry Taylor,perry.7574@gmail.com,40,Hamburg,2024-03-26
4963,Krista Davis,krista.3848@outlook.com,53,Bangalore,2026-08-17
4417,Michelle White,michelle.5567@gmail.com,74,Vancouver,2024-02-10
3679,Paula Rogers,paula.3403@outlook.com,55,London,2024-09-05
7002,Anne Wilson,anne.5925@gmail.com,20,Munich,2025-06-23
3856,John Stone,john.9820@hotmail.com,34,Munich,2023-01-22
9623,Stephanie Robinson,stephanie.4371@gmail.com,35,Los Angeles,2024-02-24
9344,Anthony Stone,anthony.2769@example.com,31,Sao Paulo,2026-07-04
6030,Melinda Thompson,melinda.8316@outlook.com,24,Dubai,2025-05-24
5198,Vanessa Frank,vanessa.5039@outlook.com,37,Chicago,2026-05-24
5166,Jonathan Holmes,jonathan.8942@yahoo.com,56,Mumbai,2023-10-25
2794,Jason Green,jason.5707@outlook.com,43,Giza,2025-07-29
1507,Christopher Mason,christopher.7246@example.com,27,Hamburg,2025-08-16
9358,Madison Rasmussen,madison.1688@example.com,42,Melbourne,2025-04-07
7777,Roger Miller,roger.6332@example.com,46,Toronto,2024-03-22
3612,Peter Morton,peter.8541@hotmail.com,30,Melbourne,19/01/2025
5694,Carlos Turner,carlos.7309@gmail.com,22,Delhi,2024-05-04
7790,Kayla Grimes,kayla.4888@hotmail.com,27,Sao Paulo,2025-09-01
9871,Mark Caldwell,mark.1151@example.com,26,Los Angeles,2024-12-02
8562,Audrey Knox,audrey.6229@hotmail.com,19,Madrid,2023-08-03
5738,Robert Freeman,robert.7034@gmail.com,35,Hamburg,2026-09-07
8364,Michael Ward,michael.3772@example.com,51,Los Angeles,2023-07-02
8360,Francisco Cook,francisco.8074@example.com,47,Tokyo,2024-09-27
7642,Jorge Trevino,jorge.2571@yahoo.com,56,Sydney,2024-09-27
1912,Dana Dodson,dana.5657@outlook.com,49,Lyon,2023-04-09
5298,Julia Payne,julia.9263@gmail.com,36,Cairo,2022-09-27
3323,Jaclyn Long,jaclyn.5500@outlook.com,49,Bangalore,2024-07-26
980,Kenneth Martin,kenneth.1600@outlook.com,26,Bangalore,2025-03-24
8077,Thomas Nelson,thomas.8194@gmail.com,24,Berlin,2022-10-31
4426,Michael Hodge,michael.8527@gmail.com,49,Toronto,2023-10-24
9862,Tammy Jimenez,tammy.9111@example.com,26,Riyadh,2025-05-30
434,Matthew Fox,matthew.2838@outlook.com,76,Madrid,2023-12-19
3814,Barbara Leonard,barbara.7547@gmail.com,60,Los Angeles,2024-10-04
1586,Mary Everett,mary.6293@example.com,57,Mexico City,2025-06-22
7956,Allison Miller,allison.3421@outlook.com,80,Munich,2022-11-22
3018,Danielle Guzman,danielle.6315@yahoo.com,40,Riyadh,2025-09-29
5816,Carl Oconnor,carl.1941@yahoo.com,27,Birmingham,2025-04-27
2587,Christopher Barnes,christopher.1710@example.com,29,Alexandria,2023-10-06
8955,Robert Harrison,robert.9388@yahoo.com,66,Bangalore,2023-08-20
1951,Jerome Reid,jerome.9027@gmail.com,37,Cairo,2023-10-19
6595,William Henderson,william.9959@gmail.com,46,Manchester,2023-02-12
3414,Matthew Gonzales,matthew.2295@hotmail.com,68,Singapore,2025-08-07
1838,Tiffany Rivera,tiffany.9536@gmail.com,26,New York,2025-09-02
2031,Scott Long,scott.7778@hotmail.com,62,Barcelona,2023-03-27
2991,Jennifer Morse,jennifer.7245@yahoo.com,38,Manchester,2023-02-15
3206,Douglas Cunningham,douglas.7388@yahoo.com,29,Birmingham,2024-12-25
6822,Sherry Bowman,sherry.2093@outlook.com,26,Vancouver,2023-07-02
1560,Catherine Smith,catherine.3647@yahoo.com,66,Houston,2025-07-10
5789,Timothy Johnson,timothy.1154@outlook.com,23,Munich,2026-04-07
409,Emily Hines,emily.1947@yahoo.com,80,New York,2024-09-13
808,Joseph Glover,joseph.5146@outlook.com,25,Madrid,2026-05-03
2590,John Robles,john.6323@hotmail.com,31,London,2024-04-12
6880,Mary Kane,mary.6893@hotmail.com,38,New York,2023-12-13
5431,Shawn Payne,shawn.626@example.com,38,Mumbai,2023-04-30
6051,Heather Rojas DDS,heather.789@gmail.com,80,Berlin,2024-11-05
8752,Alan Garcia,alan.9832@yahoo.com,47,,2023-10-04
2646,Courtney Fuller,courtney.1980@yahoo.com,31,New York,2026-06-03
9571,Daniel Wade,daniel.5441@yahoo.com,47,London,2022-11-29
7662,Tina Coleman,tina.5241@outlook.com,55,Alexandria,2024-12-10
2496,Michele Howell,michele.7888@example.com,46,Chicago,2023-10-30
9802,Mason Mitchell,mason.1177@outlook.com,49,Mexico City,2023-08-15
1169,Michael Smith,michael.8801@example.com,78,Giza,2025-01-15
202,Laura Hall,laura.5063@hotmail.com,40,Cairo,2025-10-24
4699,Matthew Valencia,matthew.9061@example.com,72,Sydney,2025-12-28
905,Juan Smith,juan.6250@hotmail.com,29,Hamburg,2023-09-19
8624,Kristy Curtis,kristy.3229@hotmail.com,29,Sao Paulo,2025-09-03
8636,Aaron Davidson,aaron.1061@yahoo.com,76,Hamburg,2025-01-10
5475,Jessica Ramos,jessica.4355@yahoo.com,62,Tokyo,2024-01-21
3378,Anthony Pena,anthony.1388@gmail.com,35,Melbourne,2025-11-05
5860,Mrs. Melissa Ramirez,mrs..4177@hotmail.com,63,Riyadh,2024-01-19
3244,Denise Johnson,denise.6910@outlook.com,38,Melbourne,2024-12-17
9454,Madison Strong,madison.2752@hotmail.com,30,Chicago,2026-08-09
9148,Keith Olsen,keith.3622@yahoo.com,60,Bangalore,2025-10-17
1212,Jason Hayes,jason.8543@hotmail.com,71,Bangalore,2023-06-05
263,Bobby Franklin,bobby.9548@yahoo.com,76,Vancouver,2022-12-21
1862,Jeremy Bell,jeremy.9711@example.com,38,Munich,2025-01-17
4326,Nathan Brown,nathan.4231@outlook.com,N/A,Barcelona,2024-12-22
887,Kathy Cruz,kathy.6152@yahoo.com,64,Giza,2026-08-18
5441,Lucas Atkins,lucas.9726@outlook.com,30,Los Angeles,2025-11-03
1543,Patrick Johnson,patrick.8583@yahoo.com,45,Sao Paulo,2026-04-11
3809,Melissa Garcia,melissa.8392@yahoo.com,77,Birmingham,2026-02-25
4766,Matthew Smith,matthew.4034@outlook.com,32,London,2024-01-30
5118,Kimberly Short,kimberly.4834@outlook.com,21,Mumbai,2023-12-10
460,Laura Todd,laura.9306@example.com,24,Sao Paulo,2023-05-31
4828,Albert Wade,albert.8577@outlook.com,28,Lyon,2026-04-12
8516,Ashley Winters,ashley.59@hotmail.com,72,Melbourne,2023-04-09
9597,Brian Acevedo,brian.4073@gmail.com,43,Dubai,2025-02-26
6856,Virginia Salinas,virginia.5129@gmail.com,21,New York,2023-08-09
9809,Elizabeth Hart,elizabeth.388@yahoo.com,77,Giza,2022-10-01
6807,Sara Jackson,sara.2020@outlook.com,35,Osaka,2023-02-25
2310,Catherine Smith,catherine.688@example.com,24,Chicago,2023-06-05
4340,Phillip Graves,phillip.3312@gmail.com,53,,2025-12-21
5109,Kristina Hubbard,kristina.1640@gmail.com,50,Barcelona,2025-10-08
8061,Justin Sanders,justin.9512@outlook.com,26,Singapore,2023-04-03
6554,Corey Torres,corey.2652@outlook.com,71,Sydney,2025-03-24
1896,Charles Brown,charles.23@gmail.com,42,Osaka,2024-04-22
9915,Matthew Jones,matthew.5882@outlook.com,72,Barcelona,2024-01-08
4971,Caitlin Ramirez,caitlin.5922@gmail.com,66,Sao Paulo,2024-06-26
1538,Chad Baldwin MD,chad.2503@outlook.com,80,Birmingham,2023-02-23
2990,Jennifer Baker,jennifer.9902@example.com,31,Melbourne,2025-07-28
1974,Ann Fields,ann.2244@yahoo.com,29,Melbourne,2025-10-25
4907,Mariah Wang,mariah.1065@outlook.com,56,Tokyo,2026-04-13
8487,Lisa Hart,lisa.9115@yahoo.com,0,Toronto,2025-10-02
6740,Caleb Hubbard,caleb.5515@example.com,18,Osaka,2026-05-19
3139,Emma Hicks,emma.6867@outlook.com,48,Madrid,2023-03-01
9731,Justin Smith,justin.6764@outlook.com,45,Alexandria,2024-11-22
6584,Michele Stewart,michele.5734@outlook.com,29,Bangalore,2025-05-06
6613,Lynn Anderson,lynn.8434@outlook.com,74,Cairo,2023-10-27
1457,Tony Hooper,tony.9447@hotmail.com,61,Hamburg,2025-01-02
582,Audrey Shepard,audrey.1219@hotmail.com,75,Madrid,2023-04-11
623,Jackie Clements,jackie.4776@outlook.com,79,Barcelona,2024-01-08
3788,Denise Deleon,denise.8254@example.com,71,Bangalore,2026-07-25
2615,Noah Sparks,noah.6739@example.com,25,Vancouver,2023-06-27
23,Brian Burton,brian.8752@yahoo.com,35,Alexandria,2025-11-17
8648,Adrian Davis,adrian.5607@gmail.com,34,Riyadh,2023-11-20
3492,Dr. Sarah Smith,dr..1286@yahoo.com,76,Los Angeles,2023-09-01
5562,Christopher Ellis,christopher.2446@gmail.com,69,Mumbai,2025-04-16
3994,Richard Tyler,richard.9803@outlook.com,37,Barcelona,2024-05-27
4505,Devin Smith,devin.6833@yahoo.com,31,Mexico City,2023-05-17
5437,Justin Hughes,justin.502@gmail.com,28,Manchester,2025-02-19
6979,Crystal Fleming,crystal.7131@hotmail.com,32,Mexico City,2023-05-31
4822,Chad Perez,chad.2227@gmail.com,36,Hamburg,2026-05-12
5244,Lori Werner,lori.5666@yahoo.com,74,Alexandria,2026-03-04
924,Andrew Villanueva,andrew.4526@example.com,47,Sao Paulo,2023-06-25
1734,Sandra Miller,sandra.8949@example.com,41,Alexandria,2022-12-16
3725,Sarah Nelson,sarah.3799@yahoo.com,23,Sao Paulo,2026-04-22
1180,Lori Johns,lori.5852@yahoo.com,60,Riyadh,2026-04-09
8860,April Reid,april.1005@outlook.com,61,Sao Paulo,2024-08-11
4909,Sharon Lane,sharon.8436@gmail.com,49,Dubai,2023-11-12
3320,Nicole Moore,nicole.285@example.com,61,Birmingham,2025-02-08
7385,Joseph Bailey Jr.,joseph.8387@outlook.com,50,Riyadh,2024-07-03
5016,Corey Thornton,corey.1292@yahoo.com,21,Manchester,2022-12-17
1138,Victoria Larson,victoria.5669@outlook.com ,33,Osaka,2024-10-12
5222,Robert Grant,robert.4223@example.com,38,Osaka,2024-02-16
8074,Darryl Horn,darryl.9671@yahoo.com,57,Dubai,2026-06-09
7157,Kirk Campbell,kirk.2413@outlook.com,24,New York,2026-05-14
2772,Willie Duncan,willie.1903@example.com,41,Los Angeles,2023-06-04
7199,Robert Hall,robert.4339@example.com,65,Riyadh,2024-03-07
2670,Samantha Roy,samantha.4069@yahoo.com,56,Tokyo,2026-06-03
3717,Allen Ballard,allen.4174@example.com,52,Riyadh,2025-11-05
2053,Kyle White,kyle.6558@hotmail.com,48,Mumbai,2024-12-05
1193,Ashley Lopez,ashley.2294@example.com,30,Manchester,2025-10-04
7225,Michael Castaneda,michael.2675@example.com,45,Los Angeles,2023-05-28
182,Sydney White,sydney.1625@gmail.com,72,Riyadh,2025-01-19
9043,Willie Robinson,willie.1345@example.com,76,Bangalore,2022-10-11
2784,Kaitlyn Davis,kaitlyn.8231@gmail.com,35,Tokyo,2024-03-11
2915,John Leach,john.3261@outlook.com,79,Mumbai,2023-03-23
3391,Joshua Powell,joshua.7272@outlook.com,21,Sao Paulo,2024-10-23
8767,Justin Marsh,justin.3356@yahoo.com,18,Birmingham,2024-12-02
3291,Katherine Barrera,katherine.7551@yahoo.com,35,Cairo,2023-11-19
1649,Paul Valdez,paul.613@yahoo.com,76,Giza,2023-03-12
8186,Spencer House,spencer.1644@outlook.com,26,Madrid,2022-12-29
9710,Ruben Stark,ruben.4622@yahoo.com,51,London,2026-06-05
5867,Jimmy Terry,jimmy.4696@example.com,75,Giza,2023-09-26
3262,Natasha Rosales,natasha.2274@gmail.com,38,Tokyo,2025-01-02
4906,Claudia Cox,claudia.8620@gmail.com,-5,Dubai,2026-08-17
8984,Donna Rivera,donna.4700@yahoo.com,78,Birmingham,2025-06-18
3482,Kimberly Butler,kimberly.5729@example.com,59,Osaka,2024-09-19
7797,Rachel Miller,rachel.7099@gmail.com,70,Dubai,2025-05-24
1472,Mrs. Toni Avila,mrs..4522@example.com,50,Madrid,2023-01-24
6009,John Olson,john.3965@hotmail.com,73,Sao Paulo,2022-11-23
2040,Andrew Allen,andrew.1896@outlook.com,36,Hamburg,2024-08-30
2311,Lisa Johnson,lisa.1935@yahoo.com,76,Vancouver,2026-08-12
5461,Daniel Taylor,daniel.3182@hotmail.com,58,Dubai,2023-12-27
5686,Kristine Gray,kristine.4795@gmail.com,44,Sao Paulo,2023-05-11
7120,  Stephanie Ward  ,stephanie.1003@yahoo.com,24,Paris,2026-01-12
2014,Brandon Yang,brandon.6961@gmail.com,22,Cairo,2026-06-17
8257,Chelsea Thompson,chelsea.9226@outlook.com,18,Chicago,2026-01-16
5189,Claudia Wilson,claudia.8661@gmail.com,74,Madrid,2023-07-12
1270,Gregory Flores,gregory.87@gmail.com,70,,2023-04-11
5661,Daniel Cooper,daniel.90@hotmail.com,30,Mumbai,2026-08-20
7845,Thomas Smith,thomas.2806@yahoo.com,48,Mumbai,2026-02-11
2315,Daniel Murphy,daniel.5483@yahoo.com,25,Tokyo,2023-08-04
904,Jasmine Frye,jasmine.6350@yahoo.com,41,Osaka,2026-08-12
3768,Todd Young,todd.5746@gmail.com,39,Hamburg,2024-04-30
7368,Edward Gomez,edward.8480@example.com,54,Alexandria,2024-07-28
2779,Joseph Cook,joseph.151@example.com,72,Hamburg,2024-07-25
8676,Roger Garcia,roger.631@hotmail.com,50,Vancouver,2025-12-17
3734,Christina Aguilar,christina.9919@yahoo.com ,79,Chicago,2024-06-25
4815,Michele Boyer,michele.932@outlook.com,26,Chicago,2024-06-09
4504,Kelly Romero,kelly.1035@gmail.com,46,Vancouver,2025-01-11
3289,Julie Terry,julie.9458@gmail.com,27,Hamburg,2024-04-06
891,Michelle Walls,michelle.2574@gmail.com,24,Toronto,2025-03-29
1147,Laura Miller,laura.1073@yahoo.com,999,Riyadh,2022-12-07
1255,Sharon Walton,sharon.1931@example.com,18,Berlin,2025-07-13
9609,Anne Brown,anne.4035@gmail.com,77,Paris,2026-07-27
89,Brian Hamilton,brian.6181@outlook.com,77,Toronto,2025-08-16
6957,Michelle Campos,michelle.8141@hotmail.com,62,Toronto,2023-09-27
3508,Shannon Miller,shannon.4710@example.com,47,Munich,2026-01-30
329,Christopher Guerra,christopher.6956@gmail.com,45,Dubai,2025-10-17
1810,David Martin,david.4751@yahoo.com,29,Madrid,2023-12-15
6668,Jaime Manning,jaime.9105@hotmail.com,63,Mumbai,2024-07-07
8990,Samuel Marquez,samuel.4611@gmail.com,34,Tokyo,2025-07-11
9126,Jeffrey Cruz,jeffrey.5807@outlook.com,999,Los Angeles,2022-10-26
8580,Jesse Myers,jesse.2024@gmail.com,64,Osaka,2025-08-20
52,James Brown,james.4461@example.com,52,Paris,2024-03-23
2557,Jerry Ortiz,jerry.8402@example.com,59,Giza,2024-07-05
367,Bobby Guerrero,bobby.2115@outlook.com,50,Sao Paulo,2023-12-08
7746,Kara Brown,kara.1200@yahoo.com,61,Hamburg,2024-07-12
4128,Tammy Vargas,tammy.3243@yahoo.com,18,Los Angeles,2025-10-19
9817,Laura Ward,laura.7866@gmail.com,70,Houston,2026-02-07
6181,John Johnson,john.9735@example.com,24,Bangalore,2026-03-14
2376,Dwayne Carlson,dwayne.2341@yahoo.com,68,Barcelona,2025-08-24
927,Sharon Coleman,sharon.2429@example.com,55,Barcelona,2023-02-15
784,Eric Hunter,eric.5091@hotmail.com,23,Madrid,2023-04-03
3517,Sheila Velazquez,sheila.9314@hotmail.com,71,Manchester,2025-02-13
2879,Samantha Reynolds,samantha.2706@example.com,21,Giza,2022-10-18
1477,Aaron Baker,aaron.4921@gmail.com,54,Berlin,2026-07-14
6123,Brandi Rivera,brandi.2825@example.com,35,Toronto,2022-10-17
5693,Brett Phillips,brett.9550@example.com,76,New York,2023-05-04
7491,Jason Bolton,jason.3099@hotmail.com,42,Dubai,2025-10-04
7744,Jesse Rivera,jesse.4724@example.com,77,Toronto,2023-04-23
172,Michael Bradshaw,michael.7406@example.com,32,Mexico City,2025-11-11
4904,Frank Fitzgerald,frank.6404@outlook.com,24,Manchester,2026-01-24
5943,Ashlee Thomas,ashlee.1426@yahoo.com,45,Osaka,2025-05-03
6906,Howard Richardson,howard.3776@hotmail.com,52,Manchester,2025-06-28
6398,Kristina Hernandez,kristina.5362@outlook.com,42,London,2026-01-03
8329,James Davis,james.1173@hotmail.com,75,Houston,2025-10-07
3762,Cynthia Simmons,cynthia.1008@gmail.com,30,Melbourne,2026-01-06
2864,Alex Barton,alex.2798@hotmail.com,78,Singapore,2022-12-25
5621,Anthony Carlson,anthony.8108@hotmail.com,21,Chicago,2024-06-11
4332,Wayne Ramirez,wayne.7359@yahoo.com,60,Delhi,2026-04-18
6963,Kevin Lee,kevin.9176@yahoo.com,53,Delhi,2023-03-16
6544,Frank Martinez,frank.1582@yahoo.com,150,Delhi,2024-06-05
1238,Joseph Carney,joseph.5615@outlook.com,56,Barcelona,2024-02-15
8465,Daniel Nelson,daniel.6664@hotmail.com,20,Dubai,2025-05-26
6757,Ray Hanson,ray.8702@hotmail.com,70,Madrid,2024-10-07
355,Lori Ingram,lori.4915@yahoo.com,63,Delhi,2025-08-26
6258,Michelle Reese,michelle.2471@outlook.com,32,Delhi,2022-10-03
635,Matthew Padilla ,matthew.6854@example.com,20,Sydney,2022-09-18
9858,Shelly Floyd,shelly.1154@example.com,47,Houston,2023-06-26
6715,Mark Silva,mark.3834@hotmail.com,28,New York,2024-10-14
5961,Angela Collier,angela.4331@hotmail.com,35,Sao Paulo,2023-09-03
13,Holly Wood,holly.6047@outlook.com,53,Lyon,2023-07-20
7031,Edward Munoz,edward.3928@outlook.com,27,New York,2024-05-25
4489,Carlos Miller,carlos.6427@yahoo.com,37,Melbourne,2022-11-24
7598,Heather Lewis,heather.115@outlook.com,48,Mexico City,2026-06-06
1698,Kaylee Caldwell,kaylee.1277@example.com,,Paris,2025-07-15
1056,Sean Mccarty,sean.1561@outlook.com,60,Bangalore,2023-07-04
6701,Garrett Davila,garrett.5837@outlook.com,61,Paris,2025-02-09
391,Vincent Reynolds,vincent.1740@hotmail.com,33,Hamburg,2026-05-09
6930,Kevin Clark,kevin.5519@hotmail.com,52,Melbourne,2023-12-12
8685,Mary Thompson,mary.1806@hotmail.com,36,Barcelona,2024-01-02
7471,Sharon Reyes,sharon.1297@example.com,70,Hamburg,2023-12-07
6330,Anthony Cook II,anthony.3087@gmail.com,79,Lyon,2026-05-30
5888,Frank Morrison,frank.2166@yahoo.com,71,Madrid,2024-09-10
5410,,pamela.4400@yahoo.com,45,Dubai,2024-09-17
7646,Daniel West,daniel.6692@gmail.com,69,Munich,2026-02-12
4102,Jane King,jane.1793@yahoo.com,19,Paris,2023-10-13
4610,Barbara Hall,barbara.8005@yahoo.com,63,Tokyo,2026-05-21
7316,Michael Phillips,michael.1477@outlook.com,70,Munich,2024-12-31
5141,Patricia Whitaker,patricia.8742@gmail.com,53,Paris,2026-01-29
5654,Joshua York,joshua.4515@outlook.com,37,Houston,2022-10-21
7493,Carla Riddle,carla.9883@example.com,33,Houston,2026-02-13
718,Rebecca Kelly,rebecca.7010@yahoo.com,62,Sao Paulo,2026-01-25
5170,Kevin Bradley,kevin.696@hotmail.com,42,Paris,2024-08-25
407,Dylan Cruz,dylan.9065@hotmail.com,22,Berlin,2025/03/04
2618,Kaitlin Carter,kaitlin.732@outlook.com,19,Giza,2023-01-30
4484,Gina Brennan,gina.2448@outlook.com,41,Cairo,2022-12-19
2594,Brian Terry,brian.2116@example.com,44,Paris,2025-07-12
1834,Ms. Erin Lane,ms..9718@yahoo.com,39,Giza,2026-07-25
9749,William Moore,william.6237@example.com,69,New York,2023-08-13
830,Heather Lopez,heather.4586@outlook.com,74,Los Angeles,2026-07-03
7882,Katie Turner,katie.9953@outlook.com,76,Alexandria,2023-12-09
3350,Jeffrey Hall,jeffrey.11@gmail.com,34,Los Angeles,2025-03-08
9225,Denise Mcdowell,denise.9948@example.com,22,,2026-05-27
5704,Gloria Garcia,gloria.1835@gmail.com,80,Hamburg,2023-04-18
7786,Maria Coleman,maria.279@example.com,67,London,2025-04-27
4323,James Fitzpatrick,james.3742@hotmail.com,76,Melbourne,2023-11-08
4683,Emily Wagner,emily.4306@hotmail.com,48,Berlin,2025-09-18
9897,Jamie Bell,jamie.8516@gmail.com,38,Madrid,2022-12-08
6483,Tiffany Robbins,tiffany.7256@gmail.com,37,Lyon,2024/05/04
8017,Brandon Simmons,brandon.2514@gmail.com,43,Munich,2026-08-15
8027,Stephanie Bowman,stephanie.774@hotmail.com,42,Los Angeles,2022-10-27
6418,Alexis Jones,alexis.2677@yahoo.com,70,Madrid,2025-05-11
416,Angel Gordon,angel.5219@yahoo.com,43,Dubai,2025-10-07
9658,Shannon Jimenez,shannon.6323@yahoo.com,53,Lyon,2023-02-05
3021,Jasmine Russell,jasmine.1805@yahoo.com,24,Mexico City,2025-06-30
818,Jason Hudson,jason.4094@gmail.com,47,New York,2026-05-03
3735,Charles Blair,charles.7164@example.com,46,Paris,2023-08-05
6002,Brett Nichols,brett.1355@yahoo.com,75,Singapore,2024-11-24
6697,Renee Orr,renee.7294@hotmail.com,44,Toronto,2024-07-10
3534,Michael Lee,michael.1270@example.com,46,New York,2024-10-27
4179,Andrea Scott,andrea.7984@hotmail.com,32,Lyon,2022-11-22
7195,Maria Taylor,maria.7053@outlook.com,46,Berlin,2024-09-11
1237,Victoria Mitchell,victoria.8370@hotmail.com,28,Bangalore,2025-02-22
2391,Jonathan Sanchez,jonathan.2714@gmail.com,54,Riyadh,2025-09-03
504,Matthew Nielsen,matthew.3649@gmail.com,66,Cairo,2026-02-05
8656,Theresa Gray,theresa.6812@outlook.com,30,London,2022-12-24
1455,Mr. Jimmy Flores Jr.,mr..2932@example.com,65,Madrid,2025-08-30
5845,Kathleen Taylor DDS,kathleen.6020@hotmail.com,59,Hamburg,2024-05-27
2059,Kenneth Neal,kenneth.866@gmail.com,49,Mumbai,2024-10-19
1581,Wayne Gonzales,wayne.7434@example.com,75,Delhi,2023-09-23
2910,Shane Mcintyre,shane.7199@yahoo.com,26,Vancouver,2022-11-23
7440,David Manning,david.4850@hotmail.com,71,Lyon,2025-08-12
5387,Andrew Harris,andrew.8443@yahoo.com,52,Mumbai,2025-09-21
9179,Christopher Cox,christopher.4395@example.com,44,Vancouver,2025-10-17
6647,Brandy Moreno,brandy.2066@gmail.com,38,Sao Paulo,2026-07-22
7955,Betty Mason,betty.9641@example.com,20,Giza,2023-12-05
299,Gary Jackson,gary.87@gmail.com,19,Manchester,2024-10-01
5936,Javier Rogers,javier.9270@gmail.com,48,Lyon,2026-09-06
1357,Benjamin Duncan,benjamin.4123@gmail.com,31,Chicago,2023-09-18
9651,Hannah Heath,hannah.8277@gmail.com,65,Singapore,2026-05-28
3394,Jonathan Porter,jonathan.8958@hotmail.com,70,Dubai,2025-12-05
1760,Lisa Morales,lisa.2526@outlook.com,66,Munich,2022-11-21
7174,James Hart DDS,james.317@yahoo.com,69,Giza,2023-04-17
4929,Robert Fischer,robert.6513@hotmail.com,46,Los Angeles,2024-08-19
2093,Shirley Rice,shirley.8139@example.com,69,Singapore,2025-02-23
2140,Dawn Wiley,dawn.7781@yahoo.com,79,Manchester,2026-02-14
3477,Ethan Garza,ethan.1508@example.com,18,London,2024-07-04
3924,Nathan Maynard,  nathan.6067@gmail.com  ,65,Dubai,2024-06-08
7618,Alex Anderson,alex.8699@gmail.com,59,Riyadh,2023-01-09
6852,Erin Holt,erin.6785@yahoo.com,22,Barcelona,2023-11-22
550,Nancy Stewart,nancy.4837@yahoo.com,30,Toronto,2023-02-19
9681,Megan Baird,megan.6847@outlook.com,41,Giza,2024-02-03
5517,Kathryn Brown,kathryn.117@hotmail.com,57,Giza,2025-08-08
5539,Darren Thompson,darren.9288@example.com,31,Bangalore,2023-06-09
18,Daniel Hahn,daniel.8780@yahoo.com,30,Houston,2026-03-20
8256,Christopher Clarke,christopher.6295@yahoo.com,71,Paris,2023-01-25
6898,Jennifer Matthews,jennifer.8376@yahoo.com,46,Melbourne,2024-01-26
8947,Jonathan Smith,jonathan.8800@example.com,28,Osaka,2024-01-01
3772,Meghan Keller MD,meghan.9686@gmail.com,67,Chicago,2024-01-19
5807,Justin Holland,justin.3617@yahoo.com,68,Lyon,2023-09-24
3272,Benjamin Clements,benjamin.8549@example.com,33,Barcelona,2023-09-05
7187,Gary Morgan,gary.9012@hotmail.com,24,Delhi,2025-03-26
9655,Heather Trujillo,heather.3548@example.com,27,Paris,08/09/2026
5865,Brenda Taylor,brenda.1702@example.com,22,Delhi,2025-04-02
4786,Patricia Dunlap,patricia.9230@yahoo.com,59,Delhi,2023-07-08
2686,Pamela Kramer,pamela.7898@gmail.com,66,Berlin,2023-07-31
5230,Rachel Gardner,rachel.6663@gmail.com,64,Giza,2023-06-04
2175,Jill Martin,jill.8097@gmail.com,32,Delhi,2024-01-14
8587,Brian Robertson,brian.6686@example.com,31,Melbourne,2025-09-20
2004,Jeremy Wilson,jeremy.8613@example.com,63,Madrid,2025-05-12
4108,Carol Martinez,carol.6178@example.com,64,Lyon,2025-12-22
9723,Jasmine Smith,jasmine.4093@gmail.com,26,London,2025-10-23
2677,Emily Fletcher,emily.1281@outlook.com,64,Hamburg,2026-05-02
6142,Matthew Jones,matthew.5497@gmail.com,44,Manchester,2025-08-15
2465,James Jones,james.4490@gmail.com,61,Lyon,2023-01-09
8038,Jennifer Martinez,jennifer.6550@hotmail.com,67,Sydney,2025-04-10
3389,Nicole Jones,nicole.8517@gmail.com,,Houston,2024-03-21
4217,Susan Moses,susan.7173@hotmail.com,66,Chicago,2026-09-03
1670,Heather Nunez,heather.4642@example.com,33,Chicago,2025-06-21
527,William Smith,william.2366@outlook.com,76,Alexandria,2025-12-18
3169,Adrian Moody,adrian.7449@example.com,42,New York,2025-05-10
437,Cheryl Wright,cheryl.4039@hotmail.com,53,Birmingham,2024-12-10
2211,Melanie Liu,melanie.1844@yahoo.com,25,Vancouver,2024-12-04
8700,John Hicks,john.2550@yahoo.com,24,Barcelona,2024-06-03
9248,Melissa Rocha,melissa.7646@gmail.com,21,Mumbai,2025-04-15
5769,Allison Tyler,allison.2078@hotmail.com,56,Madrid,2023-05-18
8159,Dr. Brett Ramirez II,dr..5643@hotmail.com,28,Toronto,2026-03-13
6129,Gabriel Morris,gabriel.2548@gmail.com,34,Giza,2023-02-04
1856,Kathleen Marshall,kathleen.4671@yahoo.com,45,Manchester,2023-12-31
430,Amanda Vaughan,amanda.3341@outlook.com,50,Singapore,2023-02-24
5680,Alexa Campbell,alexa.8223@gmail.com,69,Barcelona,2023-06-13
1126,Samantha Baker,samantha.4330@yahoo.com,28,Barcelona,2022-11-15
4020,Arthur Campos,arthur.5167@outlook.com,37,Munich,2024-08-24
4590,Ricky Jackson,ricky.6934@hotmail.com,22,Manchester,2025-04-09
5216,William Leblanc,william.4513@hotmail.com,64,Los Angeles,2026-04-01
9806,Kaitlyn Gibson,kaitlyn.1692@gmail.com,77,Osaka,2023-10-04
1118,Lisa Morris,lisa.5123@example.com,21,Cairo,2025-04-10
5177,Lindsey Bean,lindsey.6189@example.com,25,London,2024-11-25
7433,Jodi Rodriguez,jodi.9816@yahoo.com,44,Riyadh,2026-07-14
7965,George Cook,george.7116@hotmail.com,26,Tokyo,2025-09-09
1140,Rodney Norris,rodney.1858@outlook.com,N/A,Madrid,2023-10-25
6840,Makayla Young,makayla.2908@hotmail.com,23,Paris,2026-05-24
4406,Joy Dorsey,joy.2491@yahoo.com,44,New York,2024-08-18
6347,Kelly Schneider,kelly.3615@outlook.com,30,Alexandria,2025-05-12
524,Jonathan Brooks,jonathan.6822@outlook.com,27,Birmingham,2025-03-07
7970,Olivia Everett,olivia.5845@outlook.com,75,Dubai,2024-12-04
3427,Dillon Case,dillon.1055@gmail.com,57,Manchester,2023-11-30
6580,Adam Cortez,adam.6714@gmail.com,47,Sao Paulo,2023-04-14
6891,John Parker,john.6630@hotmail.com,64,Dubai,2026-01-02
8937,Kayla Davis,kayla.2961@yahoo.com,36,Delhi,2022-10-20
2198,Alicia Grant DVM,alicia.4267@gmail.com,38,Alexandria,2026-05-24
3073,Phillip Drake,phillip.6638@outlook.com,28,Alexandria,2023-09-05
4632,William Murphy,william.8571@outlook.com,32,Barcelona,2024-03-08
6371,Margaret Wallace,margaret.8616@example.com,28,Los Angeles,2023-11-30
7595,Andrew Gibson,andrew.6608@gmail.com,36,Hamburg,2023-07-13
5862,Crystal Mclean,crystal.3761@hotmail.com,64,Madrid,2025-07-14
6399,Valerie Cooper,valerie.1387@gmail.com,32,Sao Paulo,2026-07-03
7392,Michael Newman,michael.5160@hotmail.com,72,Cairo,2023-08-19
84,Julia Torres,julia.8319@hotmail.com,70,Cairo,2025-11-21
2287,James Walker,james.341@yahoo.com,200,Bangalore,2023-11-05
7373,Megan Singh,megan.9210@outlook.com,19,Birmingham,2025-01-30
1606,Maria Sims,maria.9748@example.com,68,Madrid,2026-05-03
1182,Steven Sandoval,steven.1144@yahoo.com,38,Paris,2023-01-23
2548,Brad Fisher,brad.1389@yahoo.com,-1,Giza,2026-08-23
3305,Jacqueline Baker MD,jacqueline.4514@yahoo.com,74,Dubai,2025-11-14
3582,Patrick Hooper,patrick.9660@example.com,23,Los Angeles,2024-12-30
2706,Jake Morgan,jakeAThotmail.com,78,Mumbai,2025-06-04
2680,Kathryn Daniel,kathryn.4676@example.com,46,Mexico City,2023-01-17
753,Lindsay Gonzalez,lindsay.991@outlook.com,50,Birmingham,2022-10-24
2043,Marie Hill,marie.3094@gmail.com,75,Melbourne,2025-04-28
7400,Heather Cooper,heather.243@outlook.com,30,Mexico City,2023-01-25
5052,Vincent Huynh,vincent.2366@yahoo.com,64,Riyadh,2023-04-14
8576,Jessica Owens,jessica.7328@example.com,71,Osaka,2025-06-09
7347,Jennifer Burgess,jennifer.680@hotmail.com,62,Hamburg,2022-12-10
9741,Christine Warren,christine.243@yahoo.com,0,Sydney,2026-05-26
3146,Angela Davis,angela.1862@outlook.com,34,Lyon,2026-07-07
2108,Ryan Martin,ryan.3490@outlook.com,35,Sao Paulo,2024-02-15
2507,Glenda Calderon,glenda.7658@example.com,62,Toronto,2024-06-12
7285,Michelle Summers,michelle.8738@yahoo.com,40,Bangalore,2025-08-23
5637,Andrew Graves,andrew.2243@hotmail.com,47,Munich,2024-06-28
6427,Mr. Joshua Singleton MD,mr..3233@hotmail.com,44,Hamburg,2022-11-28
6650,Jon Grant,jon.6971@yahoo.com,29,Mexico City,2023-02-22
2549,Mackenzie Barton,mackenzie.8501@hotmail.com,32,Barcelona,2026-04-23
5302,Carla Morrison,carla.3655@hotmail.com,67,Los Angeles,2024-06-09
9081,Regina Green,regina.6665@outlook.com,33,Bangalore,2024-09-15
4993,Hailey Mcpherson,hailey.6044@yahoo.com,75,Alexandria,2023-03-01
8551,Anita Mcclure,anita.8436@gmail.com,54,Delhi,2024-02-10
7293,Joseph Page,joseph.188@gmail.com,56,Delhi,2025-03-20
8954,Michael Taylor,michael.4086@example.com,59,Birmingham,2024-05-14
9633,Caitlin Carey,caitlin.5081@example.com,79,Manchester,2024-12-03
6424,Joshua Rowe,joshua.2203@hotmail.com,43,Barcelona,2024-03-21
762,Stephen Alvarez,stephen.9976@gmail.com,37,Mumbai,2023-01-10
8392,Joanna Torres,joanna.5437@hotmail.com,43,New York,2023-01-04
9382,Hailey Sherman,hailey.411@example.com,63,Lyon,2024-06-04
4866,Jennifer Cline MD,jennifer.2678@gmail.com,34,Bangalore,2026-02-05
7284,Paul Clark,paul.5741@gmail.com,66,New York,2022-11-07
1963,David Gentry,david.200@hotmail.com,40,Vancouver,2025-08-07
3330,Dylan Palmer,dylan.3609@yahoo.com,40,Paris,2023-12-18
3557,David Garcia,david.1891@yahoo.com,46,Bangalore,2026-02-27
4910,Kathy Robinson,kathy.3667@hotmail.com,20,Berlin,2022-10-01
4055,Lisa Price,lisa.9418@hotmail.com,58,Giza,2023-02-15
9878,Zachary Woods,zachary.1907@outlook.com,56,London,2025-01-09
9198,Randy Martin,randy.7187@yahoo.com,41,Sydney,2025/09/25
4578,Megan Fuller,megan.4135@yahoo.com,50,Cairo,2022-09-30
3794,Mason Fleming,mason.6192@example.com,75,Alexandria,2025-11-17
9910,Jillian King DDS,,22,Madrid,2026-06-19
5240,Katie Brown,katie.8149@hotmail.com,64,Birmingham,2025-10-13
5785,Claudia Collins,claudia.808@gmail.com,25,Dubai,2023-12-28
6122,David Hoffman,david.8332@example.com,48,Osaka,2024-03-30
5378,Marcus Patrick,marcus.3059@gmail.com,18,Melbourne,2023-10-13
1220,Eric Mack,eric.2277@outlook.com,28,London,2024-06-29
2279,Douglas Oliver,douglas.9481@example.com,64,Madrid,2026-05-30
7276,Patrick Richardson,patrick.5254@outlook.com,63,Sydney,2023-03-18
2393,Margaret Sheppard,margaret.9165@gmail.com,30,Mexico City,2026-03-21
9299,Brooke Garcia,brooke.1399@yahoo.com,32,Sydney,2022-12-19
3316,Anthony Reynolds,anthony.2909@hotmail.com,74,Giza,2026-03-12
1527,Larry Sullivan,larry.7504@example.com,77,Delhi,2024-08-24
2409,Annette Green,annette.5330@yahoo.com,19,Delhi,2023-12-02
8427,David Chandler,david.4046@hotmail.com,78,London,2024-01-02
7904,Cassandra Carter,cassandra.7379@example.com,46,Madrid,2025-06-18
5398,Tina Wilson,tina.6163@example.com,27,Giza,2023-12-12
4621,Erika Davis,erika.7645@outlook.com,66,Madrid,2026-01-02
9696,Robin Bradley,robin.9698@yahoo.com,71,Munich,2026-04-14
4454,Rick Hinton,rick.8673@yahoo.com,48,Melbourne,2025-04-25
6638,Paige Silva,paige.573@gmail.com,25,Riyadh,2026-08-31
1107,Beth Hall,beth.2382@gmail.com,60,Alexandria,2026-08-21
7807,Howard Coleman,howard.3650@example.com,34,Mumbai,2025-09-12
5641,Christopher Mason,christopher.437@outlook.com,53,London,2023-02-26
8533,Stefanie Higgins,stefanie.4007@gmail.com,73,Dubai,2026-07-11
7528,Michele Smith,michele.6702@gmail.com,77,lyon,2026-01-25
3710,Joyce Butler,joyce.5424@gmail.com,21,Dubai,2026-04-11
3377,Eric Meyer,eric.8488@outlook.com,71,Alexandria,2023-08-21
814,Edward York,edward.4067@hotmail.com,43,Lyon,2024-08-04
8531,Brian Brooks,brian.1447@gmail.com,80,Vancouver,2023-06-08
3685,Frank Mcgee,frank.9810@outlook.com,73,Cairo,2023-02-10
2322,Jessica Burgess,jessica.8678@outlook.com,68,London,2025-12-22
9161,Roger Goodman,roger.8769@hotmail.com,61,Mexico City,2025-04-25
4328,Alicia Ferguson,alicia.4467@outlook.com,62,Cairo,2025-06-15
7470,Angela Weeks,angela.6962@hotmail.com,50,Singapore,2024-02-18
5038,Paul Ferguson,paul.4796@hotmail.com,26,Berlin,2024-02-14
6396,Mary Beck,mary.9986@yahoo.com,78,Giza,2026-05-14
4585,Bernard Hicks,bernard.5@gmail.com,57,Alexandria,2025-12-02
6199,Nicholas Ruiz,nicholas.5907@yahoo.com,45,Vancouver,2024-05-29
5839,Christina Flores,christina.8423@yahoo.com,37,Los Angeles,2024-09-27
6662,William Ramirez MD,william.4082@outlook.com,26,Mumbai,2024-12-25
8511,Jennifer Ayers,jennifer.3290@gmail.com,23,Sao Paulo,2025-11-04
9105,Mr. Mark Miller,mr..806@yahoo.com,28,Los Angeles,2023-08-07
9890,Jessica Park,jessica.2711@yahoo.com,38,Chicago,2023-03-07
7479,Juan Gutierrez,juan.2084@yahoo.com,45,alexandria,2022-12-26
9207,Dean Schmitt,dean.6474@hotmail.com,57,Barcelona,2025-06-09
1516,Garrett Wilson,garrett.4238@example.com,48,Dubai,2023-11-05
6766,Evan Barnes,evan.6570@example.com,33,Houston,2025-02-18
7100,Stephanie Gomez,stephanie.9589@outlook.com,72,Mexico City,2024-09-08
4095,Bridget Bryant,bridget.4080@yahoo.com,54,Cairo,2024-09-19
7242,Marisa Rogers,marisa.6102@yahoo.com,64,Berlin,2025-07-20
3551,Christopher Hammond,christopher.1987@example.com,69,Alexandria,2024-08-08
8571,Anthony Erickson MD,anthony.1316@gmail.com,71,Birmingham,2026-03-18
6466,Kevin Fisher,kevin.5680@example.com,44,Sydney,2026-01-09
7240,Nicholas Turner,nicholas.9601@yahoo.com,29,,2026-05-20
1556,George Jones,george.6127@yahoo.com,72,Berlin,2025-11-30
8673,Jo Smith,jo.1638@yahoo.com,78,Singapore,2024-04-01
8972,Justin Long,justin.4008@yahoo.com,24,Madrid,2025-11-17
398,Samantha Johnson,samantha.5056@outlook.com,19,Giza,2022-11-22
7312,Kim Wright,kim.2127@outlook.com,36,Houston,2024-12-12
3326,Seth Barker,seth.223@hotmail.com,37,Delhi,2025-06-28
1326,Scott Smith,scott.6564@hotmail.com,46,Chicago,2023-02-26
359,Edward Williams,edward.9078@example.com,41,Hamburg,2023-07-05
1419,Edward Holland,edward.9149@hotmail.com,69,Osaka,2023-01-27
8150,Jamie Smith,jamie.8181@hotmail.com,57,New York,2024-11-13
3027,Victor Rice,victor.2462@hotmail.com,57,Melbourne,2022-09-23
8869,Jorge Soto,jorge.9846@hotmail.com,46,Munich,2024-08-28
9099,Hannah Cole,hannah.6250@yahoo.com,19,Lyon,2023-11-28
5858,Brian Smith,brian.996@gmail.com,56,Sydney,2026-06-22
5511,Patrick Miller,patrick.8443@yahoo.com,76,Vancouver,2025-06-16
1614,Jennifer Ortiz,jennifer.3426@example.com,21,New York,2023-04-18
7936,Henry Jacobs,henry.1177@hotmail.com,75,New York,2026-06-25
7384,Shane Jones,shane.1332@example.com,19,Singapore,2026-06-05
3020,Brandon Shah,brandon.6304@gmail.com,49,Chicago,2025-01-02
8965,Lisa Johnson,lisa.6162@outlook.com,21,Osaka,2023-07-30
721,Kristy Hart,kristy.4103@gmail.com,41,Mumbai,2023-06-19
201,Jordan Morris,jordan.4382@gmail.com,29,Manchester,2023-06-19
2870,Joseph Durham,joseph.9299@hotmail.com,21,Sao Paulo,2024-10-04
6719,Travis Hubbard,travis.8432@example.com,37,Dubai,2023-08-07
8304,Michael Kelly,michael.6850@gmail.com,26,Cairo,2025-08-16
8015,Ryan Martin,ryan.2263@yahoo.com,36,Bangalore,2024-07-30
4717,Sylvia Dalton,sylvia.5595@hotmail.com,71,Madrid,2025-03-20
6281,Nicholas Lee,nicholas.2523@hotmail.com,53,Mumbai,2024-03-28
5848,Mr. Aaron Cochran DDS,mr..3172@yahoo.com,77,Delhi,2025-08-25
3443,Michael Serrano,michael.5841@example.com,75,Madrid,2024-02-20
7010,Scott Baker,scott.7092@hotmail.com,56,Bangalore,2024-02-04
1988,Kara Rogers,kara.2669@example.com,21,Los Angeles,2024-06-05
5047,Austin Huff,austin.3783@yahoo.com,65,Alexandria,2025-04-19
8112,Timothy Fox,timothy.1645@hotmail.com,20,Melbourne,2022-12-08
3144,Julia Marks,julia.5186@gmail.com,27,,2025-11-08
4555,Kathryn Orozco,kathryn.9138@gmail.com,N/A,Riyadh,2025-05-27
8350,Brian Wade,brian.6847@outlook.com,29,Dubai,2022-10-05
1828,,nicole.1595@outlook.com,57,Chicago,2026-04-02
1897,Kelly Kent,kelly.5455@example.com,20,Birmingham,2026-03-24
4777,Robert Fernandez,robert.8585@hotmail.com,38,Cairo,2024-04-30
9408,Ashley Castillo,ashley.3422@yahoo.com,46,Berlin,2026-08-24
4744,Christopher Miller,christopher.54@gmail.com,30,Sydney,2024-09-10
8837,Lauren Weber,lauren.1991@example.com,43,London,2024-04-29
7948,Andrea Torres,andrea.3091@outlook.com,42,Hamburg,2026-01-28
1300,Cameron Phillips,cameron.160@hotmail.com,33,Birmingham,2024-03-09
2631,Michael Robertson,michael.5867@yahoo.com,31,Delhi,2026-02-22
8791,Benjamin Martinez,benjamin.2033@example.com,30,Cairo,2026-06-20
7617,Heather Davis,heather.138@hotmail.com,20,Los Angeles,2026-08-13
2701,Michael Soto,michael.4183@hotmail.com,50,Delhi,2026-03-10
6873,Jacob Day,jacob.2159@yahoo.com,41,Los Angeles,2026-06-26
9795,Kyle Mccullough,kyle.9822@hotmail.com,74,Madrid,2024-09-07
9462,Tiffany Howard,tiffany.5633@yahoo.com,30,Toronto,2024-10-14
651,Victoria Peck,victoria.7413@hotmail.com,22,Birmingham,2023-03-28
1646,Benjamin Crane,benjamin.3894@hotmail.com,46,Melbourne,2024-03-27
2407,Angela Robinson,angela.1469@yahoo.com,37,Mexico City,2024-08-08
8635,Kathy Benitez,kathy.3437@hotmail.com,32,Osaka,2024-03-18
3420,John Jones,john.5704@example.com,57,Melbourne,2024-08-01
7061,Joel Gray,joel.7949@hotmail.com,71,London,2022-10-29
7078,Kimberly Best,kimberly.900@gmail.com,71,Munich,2024-02-24
6144,Justin Cummings,justin.942@hotmail.com,63,Sydney,2023-06-08
4756,Luis Davis,luis.9283@gmail.com,18,New York,2025-09-20
6643,Brian Coleman MD,brian.709@outlook.com,48,Manchester,2022-11-22
6955,Brittney Boyd,brittney.6408@yahoo.com,20,Lyon,2025-11-22
9743,Jason Mcdowell,jason.8917@outlook.com,30,Bangalore,2024-10-24
5020,Thomas Murray,thomas.4875@gmail.com,75,Berlin,2023-04-09
7922,Hannah Briggs,hannah.3714@yahoo.com,37,Giza,2026-08-23
443,Hannah Ramos,hannah.4759@gmail.com,36,Mexico City,2023-09-26
7907,Michelle Snyder,michelle.8395@hotmail.com,34,Munich,2026-05-19
9724,Sarah Gordon,sarah.4702@gmail.com,41,Berlin,2026-05-05
7378,Michelle Harrington,michelle.444@outlook.com,48,Riyadh,2026-06-15
3963,Margaret Wong MD,margaret.2431@example.com,18,Manchester,2025-01-26
8372,Mitchell Smith,mitchell.8524@outlook.com,30,Cairo,2024-09-12
1668,John Holt,john.8889@hotmail.com,53,Toronto,2026-03-09
1759,Michael Clay,michael.2377@example.com,77,Melbourne,2024-06-27
4574,Jacob Ashley,jacob.3369@yahoo.com,N/A,Barcelona,2024-04-22
5917,Kimberly Carson,kimberly.9640@outlook.com,46,Melbourne,2024-02-16
1008,Melissa Mann,melissa.4886@hotmail.com,47,Bangalore,2023-05-09
1535,Jeffrey Melendez,jeffrey.6437@yahoo.com,23,Bangalore,2024-03-30
6401,Michelle Marsh,michelle.3354@hotmail.com,74,Chicago,2023-04-11
2979,Riley Clark,riley.845@yahoo.com,70,Houston,2025-10-17
2755,Philip Kim,philip.1427@hotmail.com,71,Mumbai,2025-09-12
7931,Chelsea Johnson,chelsea.1349@outlook.com,35,Bangalore,2024-01-08
9881,Rebecca Schmitt,rebecca.7577@outlook.com,35,Cairo,2025-08-03
5644,Kaitlin Cline,kaitlin.8459@gmail.com,52,Cairo,2024-10-24
2374,Jenna Garcia,jenna.1930@hotmail.com,37,Vancouver,2025-08-24
1972,Eric Ponce,eric.6709@hotmail.com,44,Chicago,2025-05-06
8335,Roy White,roy.3610@hotmail.com,22,Sydney,2024-02-06
8144,Mary Fry,mary.7940@gmail.com,67,Sao Paulo,2023-05-07
5843,Mark Farrell,mark.4397@gmail.com,20,Mumbai,2025-06-04
2318,Kathleen Hunt,kathleen.7761@hotmail.com,36,Lyon,2024-04-23
2777,Scott Simpson,scott.2070@example.com,60,Dubai,2024-07-25
458,Corey Rodriguez,corey.8117@yahoo.com,77,Bangalore,2023-05-12
405,Bianca Wood,bianca.5996@gmail.com,43,Alexandria,2024-12-15
5219,Sarah Proctor,sarah.943@hotmail.com,33,Houston,2023-01-26
8268,Adrian Chapman,adrian.7252@yahoo.com,24,Paris,2026-04-23
6777,Madison Morales,madison.698@yahoo.com,71,Lyon,2024-07-11
2264,Adam Logan,adam.6638@example.com,64,Paris,2025-02-05
8601,Ashley Harris,ashley.4148@hotmail.com,32,Manchester,2025-07-21
5356,Michael Archer,michael.3803@gmail.com,77,Los Angeles,2023-07-06
928,Michele Cherry,michele.1642@gmail.com,54,Singapore,2025-10-23
3014,Sherri Shah,sherri.730@gmail.com,52,Birmingham,2023-04-15
6022,Ronald Mclean,ronald.7357@example.com,39,Vancouver,2024-06-21
8612,Jennifer Bell,jennifer.2528@gmail.com,73,Mumbai,2024-05-13
6091,Thomas Torres,thomas.107@hotmail.com,75,Mumbai,2025-04-24
7768,Bridget Hartman,bridget.6836@gmail.com,42,Berlin,2022-10-02
3255,Erica Fowler,erica.267@gmail.com,48,New York,2024-05-03
3955,Rebecca Williams,rebecca.426@yahoo.com,74,Vancouver,2025-01-23
6600,Allen Erickson,allen.9065@example.com,47,Birmingham,2024-03-04
7230,Wyatt Martinez II,wyatt.9500@gmail.com,46,Singapore,2026-05-20
8886,Julie Wade,julie.7091@example.com,60,Sao Paulo,2024-03-04
1269,Adrian Dean,adrian.853@yahoo.com,42,Mexico City,2024-10-07
8711,Timothy Benjamin,timothy.6182@example.com,33,Madrid,2023-09-18
2467,Erin Walker,erin.713@yahoo.com,21,Manchester,2026-06-22
3077,Trevor Weeks,trevor.4624@yahoo.com,52,New York,2024-02-10
171,David Mann,david.5932@example.com,55,New York,2025-07-10
5113,Corey Pacheco,corey.441@gmail.com,80,Riyadh,2025-01-13
2159,Kimberly Irwin,kimberly.5007@hotmail.com,54,Giza,2025-10-27
6386,Heather Gonzalez,heather.6251@gmail.com,27,Bangalore,2024-06-03
8386,Kimberly Miller,kimberly.4587@example.com,63,Melbourne,2023-09-12
3690,Audrey Torres,audrey.1335@gmail.com,45,Delhi,2024-12-05
1383,Gabriela Martinez,gabriela.1298@outlook.com,58,London,2023-04-11
6744,Alexander Terry,alexander.6069@hotmail.com,27,Madrid,2025-01-22
1342,Michael White,michael.9922@yahoo.com,54,Barcelona,2024-11-25
7483,Jesus Levine,jesus.5086@example.com,70,Paris,2023-08-03
7021,Jeremy Bender,jeremy.1062@example.com,51,Manchester,2024-06-03
6530,Ebony Daniels,ebony.6353@outlook.com,36,Mexico City,2026-06-19
2703,Thomas Torres,thomas.6314@outlook.com,65,London,2024-07-30
6445,Raymond Richardson,raymond.6777@hotmail.com,60,Osaka,2023-08-20
8055,Sharon Delgado,sharon.4368@outlook.com,68,Vancouver,2024-03-24
4003,Justin Garcia,justin.9196@example.com,37,,2023-04-12
3456,Chase Jones,chase.4310@gmail.com,20,Toronto,2025-10-16
8975,Brenda Nguyen,brenda.1455@outlook.com,63,Melbourne,2025-01-28
4618,Mark Keller,mark.8885@outlook.com,41,Mexico City,2024-06-20
9816,Andrea Peterson,andrea.2651@yahoo.com,54,New York,2024-03-01
1087,Mark Williamson,mark.8261@yahoo.com,79,Paris,2023-10-19
8903,Craig Hubbard,craig.5931@hotmail.com,29,Birmingham,2023-09-18
8405,Donna Mitchell,donna.5239@hotmail.com,50,Alexandria,2023-04-02
865,Mason Moore,mason.9208@example.com,68,Vancouver,2026-02-08
6516,Robert Shaffer,robert.1372@yahoo.com,72,Los Angeles,2024-12-23
9893,Colleen Conley,colleen.7033@example.com,45,Lyon,2022-10-05
3409,Allison Powell,allison.5862@example.com,72,Tokyo,2025-11-26
9630,David Hunter,david.1235@example.com,23,Tokyo,2026-08-09
2544,Suzanne Valdez,suzanne.3395@yahoo.com,75,Houston,2025-02-17
7566,Colleen Cochran,colleen.5104@hotmail.com,75,Birmingham,2025-07-15
9354,Jon George,jon.1077@outlook.com,29,Mexico City,2025-06-12
6297,Michelle Santana,michelle.3756@example.com,71,Bangalore,2025-10-01
2984,Jonathan Lopez,jonathan.6691@example.com,36,Toronto,2024-03-29
2712,Tyler Waller,tyler.6994@hotmail.com,62,Birmingham,2023-12-12
2335,Kathleen Mooney,kathleen.4584@example.com,57,Sao Paulo,2024-05-24
8287,Madison Combs,madison.2396@yahoo.com,71,Toronto,2023-07-03
4043,Anthony Mccormick III,anthony.4775@gmail.com,26,Singapore,2022-10-07
140,Gloria Atkinson,gloria.4296@example.com,42,Melbourne,2025-12-31
8213,Michael Jackson,michael.6718@outlook.com,36,Bangalore,2023-06-30
8264,Tina Sanders,tina.2283@example.com,42,London,2024-09-16
7351,  Joseph Larson  ,joseph.8207@hotmail.com,58,Osaka,2023-06-02
4884,Jeffrey Walker,jeffrey.4901@gmail.com,33,Chicago,2024-10-30
3953,Andrew Whitney,andrew.9310@hotmail.com,56,Alexandria,2024-04-27
2035,Nancy Smith,nancy.3729@outlook.com,25,Singapore,2025-08-12
8729,Anna Hernandez,anna.5926@yahoo.com,29,Alexandria,2025-08-31
8115,Daniel Johnson,daniel.1166@outlook.com,49,Dubai,2024-06-26
7886,Stephen Murphy,stephen.3692@yahoo.com,39,Vancouver,2025-02-19
7275,Jose Thomas,jose.8872@yahoo.com,80,Singapore,2023-04-21
8353,Michael Cruz,michael.4218@hotmail.com,73,Los Angeles,2024-02-26
1777,April Mahoney,  april.2948@hotmail.com  ,53,Cairo,2024-08-21
1034,Luke Moore,luke.9407@outlook.com,27,Mexico City,2023-02-19
5499,James Burns,james.3803@gmail.com,79,London,2023-03-23
8098,Sarah Mcdonald,sarah.1310@gmail.com,29,Riyadh,2026-02-09
8605,Jonathan Peters,jonathan.8424@yahoo.com,60,Bangalore,2024-07-14
1474,Nicole Taylor,nicole.619@outlook.com,40,Los Angeles,2023-06-15
4706,David Jones,david.7076@gmail.com,73,Toronto,2025-07-12
3049,Travis Parker,travis.6899@yahoo.com,31,Melbourne,2025-01-22
8396,Jessica Sandoval,jessica.8349@example.com,58,Singapore,2024-01-01
4040,Joseph Carpenter,joseph.9664@hotmail.com,54,Houston,2023-06-05
9453,Cody Booker,cody.3071@gmail.com,44,Madrid,2023-10-02
5142,Travis Guerrero,travis.6466@example.com,63,Bangalore,2022-10-15
6806,Mark Taylor,mark.7434@yahoo.com,72,Paris,2024-07-29
5458,Deborah Cherry,deborah.6329@example.com,38,Cairo,2025-01-03
2458,Curtis Martin,curtis.1066@yahoo.com,34,Sao Paulo,2025-12-19
2702,Jason Cook,jason.8006@hotmail.com,62,Alexandria,2025-04-20
3594,Jesse Poole,jesseAThotmail.com,32,Osaka,2025-02-01
3659,Daniel Sullivan,daniel.6191@outlook.com,26,Melbourne,2024-01-01
1250,Jennifer Newton,jennifer.9440@gmail.com,45,Los Angeles,2026-01-19
1099,Amanda Pineda,amanda.8976@hotmail.com,63,Bangalore,2024-10-17
4160,Ruth White,ruth.4916@gmail.com,22,Manchester,2025-06-19
8423,David Rodriguez,david.5454@example.com,31,Vancouver,2024-03-06
638,Carlos Jones,carlos.726@example.com,80,Riyadh,2024-03-29
6657,Jimmy Meyer,jimmy.2798@gmail.com,72,Melbourne,2024-08-15
5913,Holly Russell,holly.5184@gmail.com,20,Cairo,2025-10-26
2725,Maria Taylor,maria.3483@yahoo.com,N/A,Alexandria,2023-06-18
3017,Lisa Moreno,lisa.3676@gmail.com,32,Munich,2025-08-19
5690,Tammy Taylor,tammy.4068@yahoo.com,71,Chicago,2024-04-04
4927,Charles Howard,charles.4132@outlook.com,29,Melbourne,2024-06-23
7834,Gary Bell,gary.2979@example.com,31,Mumbai,2026-02-20
7303,Amanda Morrison,amanda.6075@yahoo.com,52,Dubai,2025-03-01
2959,Melissa Bauer,melissa.9181@hotmail.com,75,Vancouver,2025-09-29
6972,Jeff Kelley,jeff.2349@outlook.com,23,Cairo,2024-03-14
6914,Chase Good,chase.2432@gmail.com,40,Osaka,2025-04-22
3635,Kelli Gray,kelli.8315@yahoo.com,74,Tokyo,2025-10-06
5986,Daniel Stevens,daniel.3726@outlook.com,21,Melbourne,2025-10-27
6884,Wendy Rodriguez,wendy.2195@hotmail.com,N/A,Vancouver,2024-04-10
1945,Lisa James,lisa.2557@gmail.com,80,Bangalore,2023-12-30
5416,Michael Berry,michael.2130@hotmail.com,74,Dubai,2022-11-08
2380,John Cook,john.5713@gmail.com,73,Alexandria,2023-06-03
3336,Lauren Thompson,  lauren.8633@yahoo.com  ,34,Sao Paulo,2025-08-10
8281,Kevin Murphy,  kevin.799@gmail.com  ,54,London,2024-05-10
2092,Dana Stevenson,  dana.1602@outlook.com  ,24,Delhi,2026-07-07
5361,Michael Allen,michael.2692@gmail.com,23,Dubai,2022-09-22
1116,Cynthia Le,cynthia.4713@gmail.com,77,Berlin,2025-05-05
4687,Tyler Patel,tyler.3220@outlook.com,60,Madrid,2026-02-13
4182,Monica Kim,monica.8103@outlook.com,44,Alexandria,2024-10-21
250,Matthew May,matthew.673@outlook.com,76,Sydney,2025-02-05
2666,Joseph Smith,joseph.5203@gmail.com,51,Sydney,2023-12-14
944,Kayla Martin,kayla.2605@gmail.com,37,Delhi,2023-08-05
4794,Daniel Brown,daniel.3591@example.com,59,Lyon,2022-10-13
2308,Benjamin Chung,benjamin.1818@gmail.com,68,Dubai,2023-01-06
6863,Linda Bennett,linda.6237@example.com,20,Bangalore,2022-09-28
4199,Carol Johnson,carol.7075@gmail.com,31,Barcelona,2025-07-30
2410,Justin Shelton,justin.959@hotmail.com,42,New York,2024-01-01
123,Michael Powell,michael.804@example.com,65,Paris,2023-05-16
2774,Paul Barnes,paul.28@hotmail.com,21,Barcelona,2025-02-08
5775,Brianna Howell,brianna.8471@gmail.com,68,London,2025-10-06
7616,Christopher Wilson,christopher.6492@outlook.com,33,Munich,2026-03-05
3715,Aaron Cooper,aaron.6983@example.com,64,Birmingham,2024-05-04
4111,Katie Welch,katie.1087@gmail.com,79,Paris,2025-05-25
2145,Melissa Yang,melissa.5946@gmail.com,200,Tokyo,2024-04-19
9183,Lydia Mckinney,lydia.6993@yahoo.com,77,Bangalore,2024-04-25
2690,Charles Stewart,charles.7597@hotmail.com,47,Birmingham,2023-08-13
5084,Tyler Mills,tyler.9075@outlook.com,54,Toronto,2023-10-24
5542,Cameron Torres,cameron.9588@gmail.com,58,Birmingham,2024-09-17
4712,Charles Barnes,charles.4713@outlook.com,67,Giza,2024-05-25
1016,Andrew Allen,andrew.613@outlook.com,74,Riyadh,2022-09-17
4205,Brian Lewis,brian.4075@hotmail.com,46,Sydney,2025-08-03
5737,Sean Mcdowell,sean.8959@yahoo.com,64,Manchester,2026-03-13
8312,Daisy Little,daisy.4032@yahoo.com,27,Houston,2026-03-18
337,Kristen Garcia,kristen.6656@hotmail.com,50,Sydney,2026-02-03
7816,Brittany Pacheco,brittany.9233@outlook.com,60,Hamburg,2023-02-27
2773,Richard Navarro,richard.5135@outlook.com,54,Bangalore,2024-04-25
6084,Julie Soto,julie.524@example.com,20,Riyadh,2026-05-15
650,Brian Porter MD,brian.5707@outlook.com,24,Hamburg,2024-10-27
9619,Wendy Williams,wendy.4073@yahoo.com,38,New York,2023-04-13
4309,Nicholas Hendricks,nicholas.5032@example.com,65,Osaka,2024-12-18
5676,Brenda Robinson,brenda.9223@hotmail.com,54,Cairo,2022-10-16
3431,Brett Daniels,brett.5262@gmail.com,62,Hamburg,2024-02-29
8482,Heather Knapp,heather.2481@outlook.com,18,Cairo,2023-05-01
8814,David Pacheco,david.9667@example.com,74,Barcelona,2024-08-31
8389,Robert Morales,robert.1534@example.com,77,Houston,2024-06-19
6321,Dawn Pena,dawn.7928@yahoo.com,23,Sydney,2022-11-28
1513,James Lewis,,46,Paris,2023-08-15
2813,Emily Brooks,emily.6261@hotmail.com,58,Riyadh,2026-03-04
7118,Cynthia Schneider,cynthia.7876@example.com,59,Singapore,2025-11-20
807,Laura Lee,laura.1732@yahoo.com,46,Hamburg,2025-08-13
2909,Richard Rivera,richard.1781@outlook.com,60,Melbourne,2026-04-07
9446,Gregory Dunn,gregory.670@yahoo.com,54,Barcelona,2025-05-10
1078,Aaron Ochoa,aaron.4784@example.com,51,Vancouver,2026-02-06
2249,Joel Davis,joel.1254@gmail.com,50,New York,2024-07-28
3577,Daisy Alvarez,daisy.5516@example.com,56,Dubai,2023-10-26
1132,Christopher Morales,christopher.3013@example.com,22,Sydney,2024-01-23
4221,Victor Hudson,victor.9174@example.com,29,Berlin,2025-01-07
9563,Troy Higgins,troy.6865@hotmail.com,48,,2025-10-04
8469,Lisa Maynard,lisa.6008@yahoo.com,28,Sao Paulo,2024-05-30
9506,Emma Wilson,emma.7643@hotmail.com,59,Bangalore,2025-03-23
7911,Zachary Hamilton,zachary.355@gmail.com,45,Houston,2025-08-09
4390,Jeffrey Moore,jeffrey.6324@example.com,60,Chicago,2022-10-08
694,Eric Baker,eric.9999@outlook.com,28,Dubai,2023-03-11
3070,Bryan Carson,bryan.918@yahoo.com,43,Chicago,2026-03-31
860,Michael Gregory,michael.8623@hotmail.com,79,Giza,2025-10-12
4312,Madison Arroyo,madison.774@hotmail.com,42,Houston,2024-02-25
1940,Theresa Stevenson,theresa.569@hotmail.com,80,Vancouver,2024-01-10
2683,Gregory Peterson,gregory.6525@outlook.com,28,Paris,2024-12-25
5228,Alexandria Collins,alexandria.3244@outlook.com,31,Los Angeles,2026-04-13
8561,Gloria Andrade,gloria.5288@example.com,71,Paris,2023-12-19
8149,David Thornton,david.9079@gmail.com,20,Sao Paulo,2023-06-09
5880,Rachel Martin,rachel.8646@example.com,67,Los Angeles,2026-05-29
4305,Joseph Walker,joseph.8049@gmail.com,38,,2023-10-02
4808,Tiffany Miller,tiffany.1104@gmail.com,35,Melbourne,2023-02-04
7313,Luis Zamora,luis.8614@hotmail.com,18,Cairo,2022-09-18
3663,Jennifer Tran,jennifer.1566@example.com,68,Berlin,2026-03-02
6818,Carl Patterson,carl.4114@gmail.com,32,Delhi,2023-05-27
8783,Danny Johnson,danny.9448@yahoo.com,65,Mexico City,2024-05-09
3633,Abigail Garrett,abigail.7926@outlook.com,56,Munich,2023-09-29
2941,Mark Montgomery,mark.780@yahoo.com,20,Cairo,2026-01-30
7947,Jenny Todd,jenny.3067@gmail.com,53,Osaka,2024-09-13
1782,Leroy Bernard,leroy.1507@gmail.com,78,Dubai,2023-12-26
3673,John Massey,john.6450@hotmail.com,66,Madrid,2025-01-20
2359,Kevin Rose,kevin.1019@outlook.com,74,Los Angeles,2026-02-22
9702,Edward Haynes,edward.948@hotmail.com,36,Barcelona,2025-11-13
2436,Katherine Contreras,katherine.5216@hotmail.com,58,Manchester,2024-04-10
9361,Amanda Ortega,amanda.5383@outlook.com,34,Dubai,2024-09-19
459,David Lopez,david.4743@gmail.com,18,Birmingham,2025-08-28
1946,Aaron Kane,aaron.8949@example.com,39,Riyadh,2022-12-28
9457,James Jimenez,james.3534@example.com,55,Sao Paulo,2023-12-22
5817,Christina Deleon,christina.2967@outlook.com,45,Mexico City,2022-12-15
1020,Hannah Richmond,hannah.6829@outlook.com,42,New York,2023-10-25
7133,Andrew Montgomery,andrew.8987@outlook.com,48,Munich,2026-07-07
2466,Elizabeth Wilson,elizabeth.7645@outlook.com,41,Lyon,2023-08-19
455,Sherri Smith,sherri.1466@example.com,32,Madrid,2024-12-24
1035,Megan Alvarado,megan.1476@example.com,22,Bangalore,2025-03-01
4237,Susan Dixon,susan.5964@hotmail.com,45,Vancouver,2023-09-06
9226,Jessica Ruiz,jessica.6139@hotmail.com,22,Los Angeles,2023-04-26
1489,Elizabeth Jennings,elizabeth.2451@hotmail.com,50,Delhi,2025-06-18
1148,Hannah Montoya,hannah.6951@gmail.com,31,Madrid,2024-05-17
4356,Michael Kline,michael.2640@yahoo.com,53,Mexico City,2026-01-13
5442,Whitney Lee,whitney.5784@example.com,36,Chicago,2024-02-16
643,Michael Heath,michael.9425@yahoo.com,46,Vancouver,2023-01-21
5898,Michael White,michael.2880@gmail.com,19,Giza,2026-07-02
8949,Jackie Schultz,jackie.2131@hotmail.com,21,Tokyo,2026-05-31
2394,Stephanie Cole,stephanie.8878@example.com,66,Alexandria,2026-07-18
181,Andrew Avila,andrew.7434@example.com,56,Munich,2024-08-04
36,Deborah Brennan,deborah.7254@hotmail.com,73,BARCELONA,2024-05-27
2674,Jason Singleton,jason.854@yahoo.com,78,Houston,2022-12-07
4575,Christopher Kane,christopher.4893@yahoo.com,74,Barcelona,2025-01-03
9784,Jermaine Burton,jermaine.6313@gmail.com,32,Chicago,2025-06-04
7877,Adam Miller,adam.2162@yahoo.com,48,Singapore,2025-12-21
2927,Mr. Mark Montoya,mr..2499@example.com,29,London,2025-01-07
4992,Andrew Pacheco,andrew.7502@outlook.com,38,Riyadh,2026-05-02
2968,Tammy Reyes,tammy.6294@example.com,67,Berlin,2025-02-12
1196,Jonathan Jacobs,jonathan.9668@yahoo.com,76,Alexandria,2025-07-23
6252,Kelsey Anderson,kelsey.6195@example.com,40,Vancouver,2025-05-14
9905,Brittany Roy,brittany.260@hotmail.com,79,Berlin,2024-10-02
7901,Susan Simmons,susan.8778@outlook.com,25,Toronto,2024-04-16
1708,Brittany Molina,brittany.9469@outlook.com,30,Houston,2024-05-25
8266,Tamara Dorsey,tamara.2291@example.com,45,Berlin,2023-12-27
1475,Julian Williams,julian.2268@hotmail.com,41,Osaka,2026-01-06
493,Daniel Shields,daniel.5050@gmail.com,43,Manchester,2022-12-08
2255,Kyle James,kyle.6439@gmail.com,23,Munich,2026-06-16
8296,Allison Trujillo,allison.6175@hotmail.com,46,Bangalore,2025-06-01
962,Donna Marshall,donna.4512@outlook.com,75,Berlin,2024-10-01
4860,Robert Miranda,robert.3217@gmail.com,57,Berlin,2023-02-11
9142,Joseph Harrell,joseph.9653@gmail.com,34,Hamburg,2026-06-29
4893,Jason Boyer,jason.5360@example.com,,Tokyo,2026-04-23
3606,John Massey,john.2242@hotmail.com,64,Mumbai,2023-04-09
5777,Stacy Smith,stacy.6464@outlook.com,78,Manchester,2023-02-22
5613,Sarah Evans,sarah.1944@yahoo.com,35,Houston,2023-04-04
27,Ashley Graham,ashley.7844@outlook.com,39,Chicago,2024-07-10
2169,Joseph Acosta,joseph.1458@outlook.com,30,Manchester,2025-12-10
2889,Chad Nolan,chad.6014@yahoo.com,50,Vancouver,2024-06-20
3274,Allison Johnson,allison.5275@outlook.com,32,Giza,2023-03-12
8376,Brandon Moore,brandon.4398@yahoo.com,0,Melbourne,2026-01-06
7842,Robert Brown,robert.7540@yahoo.com,32,Riyadh,2025-07-30
1353,Anthony Sosa,anthony.6480@hotmail.com,74,Hamburg,2023-10-08
8584,Elizabeth Mills,elizabeth.9366@gmail.com,43,Mumbai,2025-07-19
175,Christopher Parker,christopher.6581@outlook.com,61,New York,2025-09-15
1794,Brandon Austin,brandon.8062@gmail.com,27,Madrid,2023-12-03
1605,Stacey Walker,staceyAThotmail.com,44,Chicago,2026-07-03
7701,Brianna Ortega,brianna.3306@example.com,79,London,2025-04-23
6213,Dean Evans,dean.3926@hotmail.com,67,Delhi,2023-12-02
5100,Scott Pruitt,scott.1587@gmail.com,34,Cairo,2025-04-12
8039,Joseph Nelson,joseph.4882@example.com,46,Munich,2025-02-27
7763,Jacob Wright,jacob.6338@yahoo.com,74,Mumbai,2026-08-19
9380,David Miller,david.57@yahoo.com,29,New York,2024-01-11
6046,Felicia West,felicia.719@outlook.com,24,Singapore,2025-02-28
9856,Sherry Brown,sherry.1821@gmail.com,23,Melbourne,2022-09-24
5317,Thomas Ramos,thomas.7114@hotmail.com,23,Sydney,2024-06-15
6238,Anita Wright,anita.1015@gmail.com,77,Singapore,2024-01-15
8303,Madeline Clark,madeline.2897@outlook.com,59,Osaka,2024-05-05
6463,Sarah Velazquez,sarah.1386@gmail.com,80,Alexandria,2025-11-27
8923,Michelle Sandoval,michelle.7105@outlook.com,46,Barcelona,2025-12-13
444,Dale Ryan,dale.1295@hotmail.com,77,Hamburg,2026-06-11
5120,Leslie Mcdaniel,leslie.516@gmail.com,64,Sao Paulo,2025-05-15
6860,Tracy Hudson,tracy.1466@yahoo.com,66,Singapore,2026-05-10
3468,Lynn Dawson,lynn.907@gmail.com,67,Sydney,2025-11-29
6897,Michael Morris,michael.5112@outlook.com,34,Cairo,2022-10-06
8378,Stephen Carlson,stephen.6929@outlook.com,61,Barcelona,2024-03-01
7115,Melinda Allen,melinda.448@outlook.com,31,Alexandria,2025-08-09
3570,Crystal Delacruz,crystal.7699@gmail.com,26,Tokyo,2023-07-13
3046,Bradley Johnson,bradley.1805@gmail.com,76,Vancouver,2023-02-16
7552,Deborah Ramos,deborah.7721@gmail.com,80,Sao Paulo,2023-01-09
3778,Alexis Moore,alexis.2301@example.com,38,Munich,2026-04-12
276,Ryan Richardson,ryan.2659@yahoo.com,71,Delhi,2025-10-05
5126,Carla Kidd,carla.6888@gmail.com,23,Singapore,2023-08-21
6874,  Kayla Hunt  ,kayla.1522@outlook.com,18,Los Angeles,2023-02-17
1638,Billy Tate,billy.5170@example.com,52,Cairo,2025-06-01
197,Sherry Shields,sherry.5737@example.com,41,New York,2023-10-25
9394,Melinda Vasquez,melinda.1449@yahoo.com,76,Madrid,2025-02-20
4814,Tony Lawson,tony.340@example.com,50,Osaka,2023-09-17
2585,,shawn.3086@outlook.com,24,Toronto,2026-02-20
7202,Mike Berry,mike.7125@hotmail.com,70,Cairo,2024-05-02
5399,Jessica Adams,jessica.2801@yahoo.com,32,Riyadh,2026-05-07
4604,Heather Carter,heather.1033@hotmail.com,63,Birmingham,2024-12-10
8129,Steven Castro,steven.2555@gmail.com,31,Toronto,2026-03-21
342,Alfred Galvan,alfred.9294@gmail.com,56,Los Angeles,2026-01-25
7594,Barbara Johnson,barbara.1955@gmail.com,56,Riyadh,2024-06-02
8909,Shawn Cole,shawn.9166@example.com,69,Dubai,2025-09-04
9227,Eric Schwartz,eric.9382@hotmail.com,37,New York,2023-06-13
4118,Eric Cline,eric.8434@yahoo.com,69,Mexico City,2025-01-24
5114,Katrina Gilbert,katrina.9367@gmail.com,60,Manchester,2025-05-27
6749,Cynthia Stanley,cynthia.5217@yahoo.com,26,Mumbai,2024-08-11
8214,Melinda Herrera,melinda.2112@example.com,20,Chicago,2023-04-05
9650,Jason Haas,jason.3536@outlook.com,19,Sao Paulo,2024-05-01
3507,Taylor Wong MD,taylor.936@gmail.com,53,Berlin,2026-01-22
678,Aimee Gonzalez,aimee.8282@outlook.com,44,Mumbai,2024-12-18
2013,Rhonda Walker,rhonda.3439@yahoo.com,80,Giza,2023-03-05
2100,Eric Fitzpatrick,eric.5519@hotmail.com,22,Barcelona,2025-04-13
7147,Johnny Scott,johnny.5271@outlook.com,46,Alexandria,2024-10-14
7726,Joshua Smith,joshua.6612@hotmail.com,78,Munich,2022-11-15
2006,Jeffrey Baldwin,jeffrey.1252@gmail.com,70,Los Angeles,2023-05-09
4146,Sandy Arnold,sandy.8371@yahoo.com,27,Melbourne,2023-10-31
4540,Sylvia Carroll,sylvia.6145@example.com,19,Riyadh,2026-02-27
3701,Nichole Lowe,nichole.2319@hotmail.com,51,Mumbai,2025-10-02
965,Christopher Fry,christopher.6507@example.com,24,Cairo,07-May-2025
1550,Kenneth Stokes,kenneth.1750@yahoo.com,29,Cairo,2023-02-10
82,Rita Adams,rita.8328@yahoo.com,73,Giza,2025-11-10
5033,Riley Taylor,riley.8351@yahoo.com,44,Cairo,2025-11-12
3853,Eric Davis,eric.7455@outlook.com,21,Hamburg,2024-03-21
7264,Scott Burnett,scott.122@hotmail.com,67,Madrid,2024-04-16
7939,Michael Bridges,michael.960@example.com,34,Melbourne,2025-11-09
3926,Matthew Santana,matthew.2645@outlook.com,41,Bangalore,2024-01-30
6382,,mercedes.6764@hotmail.com,39,Paris,2024-10-28
5081,Robert Perkins,robert.8683@yahoo.com,58,Paris,2023-08-04
6729,Terry Walter,terry.8855@yahoo.com,58,Dubai,2025-09-27
9653,William Bennett,william.1289@hotmail.com,66,Singapore,2024-08-30
5814,Rebecca Harrison,rebecca.3751@gmail.com,18,Delhi,2026-05-22
5558,Melissa Russell,melissa.4039@example.com,47,Singapore,2025-10-04
9889,Daisy Brown,daisy.9301@hotmail.com,72,Tokyo,2025-11-04
5407,Jill Lyons,jill.2274@hotmail.com,54,Berlin,2024-03-30
2692,Deborah Burns,deborah.1179@hotmail.com,26,Delhi,2025-01-09
9433,Dr. Leslie Rogers MD,dr..7559@yahoo.com,50,,2025-02-02
9783,Jacqueline Schroeder MD,jacqueline.6628@hotmail.com,22,Cairo,2026-04-04
9374,Makayla Conrad,makayla.9496@outlook.com,47,Mexico City,2024-03-26
8843,Sarah Nelson,sarah.8542@hotmail.com,67,Mexico City,2023-12-07
4240,Tina Mclean,tina.2204@hotmail.com,73,Melbourne,2024-07-15
2084,Sierra Cervantes,sierra.925@yahoo.com,33,London,2023-12-06
8128,Stacie Cole,stacie.5393@hotmail.com,53,Manchester,2026-08-02
88,Wesley White,wesley.5447@example.com,66,Madrid,2026-07-24
1608,Jeffrey Green,jeffrey.5902@gmail.com,23,Singapore,2023-01-25
4197,William Smith,william.7213@outlook.com,54,Tokyo,2024-01-09
2203,Alexander Hanna,alexander.5170@outlook.com,66,Mexico City,2024-03-13
6497,Mrs. Cristina Stark,mrs..9294@yahoo.com,19,Munich,2024-04-21
8448,Timothy Oliver,timothy.3667@example.com,73,Delhi,2024-05-16
2469,Tracy Jones,tracy.85@outlook.com,30,Toronto,2025-01-04
5288,Jeremiah Brown,jeremiah.259@outlook.com,34,Barcelona,2023-03-24
5577,Randy Logan,randy.1534@gmail.com,67,Los Angeles,2024-06-23
4407,April Fisher,april.8722@example.com,44,Chicago,2024-12-15
1680,Kristen Roberts,kristen.7630@example.com,N/A,Giza,2024-08-29
7401,Anthony Robinson,anthony.9507@example.com,29,Singapore,2024-05-25
3728,Jean Murillo,jean.856@yahoo.com,50,Sydney,2023-03-06
294,Shannon Johnston,shannon.6327@gmail.com,41,London,2025-01-01
4063,Zachary Ortiz,zachary.7085@gmail.com,43,Barcelona,2023-10-06
335,Joseph Burch,joseph.5777@example.com,45,Manchester,2025-12-23
2190,Karen Jones,karen.9935@example.com,63,Bangalore,2025-01-08
3501,James Sherman,james.6269@outlook.com,46,Alexandria,2023-02-15
8424,Brian Irwin,brian.3107@hotmail.com,40,Riyadh,04/05/2024
7818,Michael Lewis,michael.7542@hotmail.com,57,Vancouver,2023-01-06
6036,Joshua Tucker,joshua.4392@gmail.com,61,Chicago,2025-02-14
5253,Stephanie Barton,stephanie.8288@yahoo.com,22,London,2026-05-20
3314,Victoria Knight,victoria.7459@yahoo.com,79,Cairo,2023-09-12
8805,Claire Yang,claire.3462@hotmail.com,44,Tokyo,2024-06-02
7613,Dennis Smith,dennis.98@yahoo.com,76,Berlin,2023/09/09
542,Steven Rivera,steven.4638@outlook.com,47,Madrid,2025-09-24
4742,Kevin Moss,kevin.4174@example.com,,Manchester,2024-08-10
4009,Kenneth Coleman,kenneth.8825@yahoo.com,30,Singapore,2025-03-15
7443,Mr. Michael Mcbride,mr..8318@example.com,79,Toronto,2023-07-01
4138,Brandi Ibarra,brandi.1582@hotmail.com,66,Lyon,2025-10-07
2740,Jacob Small DDS,jacob.6201@example.com,21,Vancouver,2023-09-20
74,Benjamin Ware,benjamin.5092@example.com,18,Madrid,2026-04-29
8745,Kelly Cox,kelly.7517@gmail.com,51,Vancouver,2023-12-25
6387,Mrs. Megan Kelly DDS,mrs..3661@example.com,21,Melbourne,2024-05-04
3369,James Henry,james.7558@gmail.com,76,Madrid,2025-08-10
4082,Lisa Hughes,lisa.1522@yahoo.com,50,Sao Paulo,2023-09-12
2036,Meghan Hinton,meghan.5150@gmail.com,47,New York,2023-04-20
1697,Shawn Adams,shawn.3870@yahoo.com,60,Mumbai,2023-04-25
9173,Brenda Sims,brenda.8806@outlook.com,79,Manchester,2022-10-20
7867,Matthew Miller,matthew.2956@gmail.com,77,Riyadh,2025-08-21
9599,Brittany Sullivan,brittany.1003@outlook.com,46,Mexico City,2025-10-31
4268,Lance Gonzalez,lance.7773@yahoo.com,72,Toronto,2022-10-01
4819,Kayla Carlson,kayla.7577@yahoo.com,47,Chicago,2025-10-11
5281,Jennifer Cochran,jennifer.6676@gmail.com,31,London,2026-01-26
4901,Robert Fleming,robert.5076@hotmail.com,24,Alexandria,2024-02-19
6606,Robert Johnson,robert.4735@outlook.com,51,Mexico City,2024-08-27
8816,Sean Cole,sean.2732@gmail.com,25,Singapore,2024-07-24
6853,Linda White,linda.5905@yahoo.com,44,Mexico City,2024-01-06
4031,Erik Keller,erik.3984@yahoo.com,38,Bangalore,2023-02-25
1537,Shannon Turner,shannon.3727@outlook.com,33,Barcelona,2025-07-14
1044,Joshua Young,joshua.5616@yahoo.com,25,Berlin,2024-08-05
900,Elizabeth Molina,elizabeth.4782@gmail.com,48,Tokyo,2022-11-03
9192,Susan Garcia,susan.6252@outlook.com,53,Alexandria,2026-04-14
5749,Richard Scott,richard.7857@yahoo.com,66,Lyon,2026-03-21
3569,Jeffrey Hart DDS,jeffrey.6859@hotmail.com,66,Madrid,2023-02-14
3270,,ruben.2070@hotmail.com,73,Los Angeles,2023-06-19
1960,Timothy Bentley DVM,timothy.8382@gmail.com,76,Mumbai,2024-03-15
8827,Mary Hunter,mary.5455@example.com,32,Toronto,2025-05-10
7861,Anthony Moody,anthony.9011@yahoo.com,50,Manchester,2026-06-01
8793,Michael Gordon,michael.9559@outlook.com,59,Alexandria,2023-10-26
981,Kenneth Brown,kenneth.4238@example.com,66,Sao Paulo,2023-09-29
9447,Sarah Edwards,sarah.6657@yahoo.com,42,,2026-08-11
8053,Judith Drake,judith.4036@example.com,21,Dubai,2025-12-02
8399,Rachel Ward,rachel.4456@yahoo.com,22,Vancouver,2024-09-19
7453,Hannah Anderson,hannah.2871@outlook.com,30,Mumbai,2023-07-25
3940,Charles Johnson,charles.7185@outlook.com,70,Bangalore,2025-08-03
8916,Brian Webster,brian.4238@outlook.com,25,Sydney,2025-02-11
5675,Matthew Jones,matthew.9045@gmail.com,70,Delhi,2025-01-22
7697,Olivia Bradford,olivia.1378@hotmail.com,71,Manchester,2026-06-19
2738,Christina Hess,christina.6075@hotmail.com,38,Melbourne,2025-08-15
8355,John Reed,john.4935@outlook.com,73,Sydney,2023-11-14
4325,Ruth Turner,ruth.9810@yahoo.com,57,Mumbai,2023-12-23
7573,Karen Rodriguez,karen.6091@example.com,53,Berlin,2025-02-01
238,Megan Richards,megan.2505@gmail.com,29,Mexico City,2025-12-31
6310,Paul Wilson,paul.2247@gmail.com,34,Chicago,2025-03-06
6436,Linda Fleming,linda.2836@yahoo.com,65,Barcelona,2023-03-16
260,Richard Camacho,richard.5483@gmail.com,39,New York,2024-10-17
7787,Joanna Carpenter,joanna.5215@outlook.com,73,Alexandria,2025-12-26
6021,Kevin Morales,kevin.4534@gmail.com,43,Vancouver,2023-04-01
5622,Jasmine Russell,jasmine.9816@example.com,21,Hamburg,2023-09-22
5254,Angela Christensen,angela.7394@hotmail.com,39,Toronto,2023-11-13
7865,Carol Schultz,carol.6531@gmail.com,27,London,2024-08-29
2818,Sara Singleton,sara.1550@example.com,29,Berlin,2025-11-04
7811,Mr. James Mercer DVM,mr..4112@hotmail.com,27,Riyadh,2025-05-18
2797,Rodney Mack,rodney.2145@hotmail.com,66,Sydney,2024-02-29
1724,Caitlin Johnson,caitlin.258@yahoo.com,64,Osaka,2025-11-23
9739,Stacey Alvarez,stacey.5292@example.com,69,Sydney,2025-06-11
4327,Randy Perez,randy.5075@yahoo.com,78,Osaka,2026-07-22
3876,Catherine Griffin,catherine.8423@example.com,72,Sydney,2026-01-04
2209,Donna Moore,donna.8109@gmail.com,46,Vancouver,2026-03-27
3041,Rita Browning,rita.8725@example.com,70,London,2025-07-16
5369,Anthony Mills,anthony.9709@gmail.com,64,Mexico City,2024-01-23
3664,Alexandra Lopez,alexandra.3184@example.com,72,Birmingham,2025-12-28
2556,Wendy Williams,wendy.1351@hotmail.com,71,Lyon,2025-08-31
3454,David Hernandez,david.929@example.com,62,Osaka,2023-05-01
8764,David Morgan,david.4730@outlook.com,79,Giza,2026-06-06
8215,Heidi Wilson,heidi.1393@example.com,61,Madrid,2026-07-29
715,William Moreno,william.794@gmail.com,24,Riyadh,2025-10-11
5756,Matthew Stevens,matthew.1769@yahoo.com,31,Paris,2023-07-11
178,Andrew Reynolds,andrew.1077@yahoo.com,35,Dubai,2023-12-31
1934,Karen Rogers,karen.7470@yahoo.com,57,Sao Paulo,2025-02-22
1609,Travis Wilson,travis.4904@hotmail.com,41,Osaka,2025-08-01
4247,Alexander Larson,alexander.7175@outlook.com,,Munich,2022-09-18
1657,Karen Hernandez,karen.8559@gmail.com,18,Birmingham,2023-03-22
3845,Whitney Henry,whitney.4964@outlook.com,34,Bangalore,2024-09-15
5193,Teresa Taylor,teresa.4080@example.com,30,Berlin,2026-05-06
4635,Eric Ruiz,eric.7433@yahoo.com,71,Delhi,2025-10-08
9527,Timothy Shepherd,timothy.1953@example.com,27,Madrid,2024-11-14
7710,Robert Shaw,robert.4895@outlook.com,19,Sao Paulo,2024-12-15
6875,Deanna Young,deanna.9630@hotmail.com,66,Giza,2025-01-04
2150,Kelly Turner,kelly.6657@gmail.com,35,Tokyo,2023-08-04
4242,Scott Valencia,scott.1584@example.com,63,Paris,2023-01-23
2450,Caitlin Davis,caitlin.4968@yahoo.com,32,Paris,2023-02-19
9254,Anthony Sanders,anthony.2834@hotmail.com,78,Vancouver,2026-07-06
6037,Jennifer Perez,jennifer.11@gmail.com,60,Los Angeles,2026-01-30
9021,Max Smith,max.260@hotmail.com,63,Los Angeles,2025-07-18
4886,Sara Mills,sara.933@outlook.com,43,Melbourne,2022-09-22
5942,Olivia Lopez,olivia.3879@yahoo.com,19,Mexico City,2025-11-25
6865,Jordan Lane,jordan.6388@outlook.com,27,Chicago,2024-10-10
4369,Katie Walters,katie.5655@outlook.com,48,Sao Paulo,2025-09-23
8418,Marissa Parker,marissa.9319@example.com,48,Melbourne,2023-10-17
7336,Holly Herring,holly.2995@gmail.com,74,Chicago,2023-02-20
9574,Danielle Barker,danielle.4238@outlook.com,79,Tokyo,2024-07-14
4008,John Ewing,john.7262@hotmail.com,58,Mumbai,2025-09-20
5147,John Myers,john.1370@hotmail.com,51,Madrid,2022-10-09
8263,Dr. Lynn Ford,dr..5279@example.com,76,Sydney,2023-04-24
7846,Kathy Wiley,kathy.9392@gmail.com,20,Delhi,2025-03-03
728,Jennifer Garcia,jennifer.2166@outlook.com,22,LONDON,2023-12-01
438,William Evans,william.3685@hotmail.com,67,Birmingham,2023-11-13
9089,Christopher Washington,christopher.6266@outlook.com,62,Dubai,2023-07-16
2324,Mark Brown,mark.6707@outlook.com,78,Tokyo,2023-05-19
6976,Amber Rodriguez,amber.2050@gmail.com,59,Osaka,2024-12-06
6275,Mark Gomez,mark.4295@example.com,73,Manchester,2025-12-06
7397,Melissa Haynes,melissa.7255@gmail.com,44,Berlin,2026-09-11
4872,Shelia Cruz,shelia.5417@hotmail.com,51,Los Angeles,2026-08-29
5931,,jimmy.2308@outlook.com,52,Bangalore,2026-05-19
914,Katherine Armstrong,katherine.3861@outlook.com,37,Giza,2024-02-22
2167,James Franklin,james.9346@yahoo.com,19,Mexico City,2022-12-27
3888,Jennifer Brown,jennifer.9633@outlook.com,58,Dubai,2026-01-23
6583,Elizabeth Hayes,elizabeth.4047@example.com,62,Birmingham,2024-08-31
4673,Jon Russo,jon.2894@outlook.com,20,Birmingham,2024-10-20
7588,Daniel Rodriguez,daniel.4623@yahoo.com,23,Giza,2023-06-18
3979,Tonya Simon,tonya.8314@gmail.com,35,Madrid,2024-11-10
1119,Joseph Jones,joseph.4118@yahoo.com,57,Tokyo,2026-01-19
9654,Rhonda Montgomery,rhonda.6842@gmail.com,72,Alexandria,2023-06-03
5800,Matthew Townsend,matthew.6166@outlook.com,61,Tokyo,2024-09-29
306,Brittany Jones,brittany.8444@example.com,33,Delhi,2024-06-24
5764,Austin Taylor,austin.7028@hotmail.com,999,Alexandria,2025-11-19
3229,Heather Brown,,28,Osaka,2025-03-19
5667,Suzanne Mueller,suzanne.7783@gmail.com,20,Alexandria,2025-01-29
2183,Thomas Gillespie,thomas.4069@hotmail.com,55,Mumbai,2026-04-17
9648,Lisa Dyer,lisa.5874@outlook.com,56,Hamburg,2025-03-14
9046,Jordan Berg,jordan.3336@hotmail.com,22,Lyon,2026-07-27
2304,Timothy Burton,timothy.5821@gmail.com,67,Osaka,2025-04-06
3828,Selena Bailey,selena.9971@yahoo.com,67,London,2023-05-12
3233,Karen Carlson,karen.1879@yahoo.com,69,Toronto,2025-11-21
2387,Adam Gomez,adam.5329@gmail.com,69,Dubai,2025-07-20
1656,Kelly Roberts,kelly.7527@outlook.com,63,Tokyo,2024-06-16
6179,Joe King,joe.8433@example.com,58,Osaka,2026-01-05
3538,Corey King,corey.4639@yahoo.com,19,Toronto,2023-03-23
4764,William Bryan,william.286@yahoo.com,23,Barcelona,2025-09-30
5175,Cassandra Stafford,cassandra.1454@hotmail.com,64,Lyon,2024-03-20
7310,Pamela Powell,pamela.6558@gmail.com,77,Mumbai,2024-07-16
4367,Bonnie Clark,bonnie.4628@example.com,42,Hamburg,2026-08-03
6414,Daniel Petersen,daniel.4687@gmail.com,47,Manchester,2025-04-14
4232,Catherine Brown,catherine.4863@yahoo.com,79,Cairo,2023-06-16
7873,Krystal Padilla,krystal.2193@gmail.com,59,Melbourne,2023-06-03
8514,David Estes,david.9752@example.com,33,Giza,2023-02-25
1157,Justin Freeman,justin.8763@gmail.com,59,Bangalore,2025-04-26
8459,Linda Bryant,linda.850@hotmail.com,65,Mumbai,2024-01-02
847,John Garcia,john.6364@hotmail.com,77,Melbourne,2023-05-30
2575,Jill Reynolds,jill.9462@yahoo.com,37,Mexico City,2023-10-06
241,Rodney Blankenship,rodney.9249@example.com,38,Tokyo,2023-12-02
8688,Patrick Stewart,patrick.3328@hotmail.com,33,Munich,2024-07-09
7629,Sarah Matthews,sarah.3059@outlook.com,20,Alexandria,2026-03-08
1790,Heather Hess,heather.1213@hotmail.com,67,Alexandria,2026-01-07
3165,,joel.6739@gmail.com,49,Bangalore,2026-02-04
7033,Mrs. Regina Taylor,mrs..3320@yahoo.com,21,Delhi,2023-03-29
8530,Tina Hunter,tina.5694@yahoo.com,22,Melbourne,2023-07-15
716,Dr. Ariel Sandoval MD,dr..7530@gmail.com,25,Sao Paulo,2025-12-22
2252,Gary Stewart,gary.5824@hotmail.com,55,Giza,2026-09-11
454,Jon Zuniga,jon.4677@gmail.com,76,Singapore,2026-07-23
1713,Antonio Malone,antonio.4820@gmail.com,41,Osaka,2025-05-08
3757,Kathryn Palmer,kathryn.3182@example.com,65,Cairo,2026-05-16
1814,Robert Harding,robert.7176@yahoo.com,26,Alexandria,2025-10-24
8171,Christopher Harris,christopher.8272@hotmail.com,74,Los Angeles,2023-08-02
240,Kristina Herman,kristina.9495@outlook.com,61,Sao Paulo,2023-08-06
9869,Michael Bennett,michael.4015@outlook.com,72,Osaka,2023-10-16
5707,Lauren Howell,lauren.8327@gmail.com,70,Melbourne,2026-04-21
8226,Daniel Conner,daniel.5015@gmail.com,52,Singapore,2025-02-11
4300,Natalie Conrad,natalie.8716@example.com,43,Singapore,2023-04-20
7189,Danielle Hunter,danielle.3685@yahoo.com,47,Delhi,2023-09-25
3112,,christina.2114@outlook.com,41,Lyon,2023-07-25
4923,Mr. Jack Moore PhD,mr..9046@example.com,37,Sao Paulo,2025-04-08
6767,Benjamin Esparza,benjamin.5788@yahoo.com,69,Dubai,2024-11-24
2029,Michael Mooney,michael.8801@gmail.com,80,Bangalore,2025-09-28
6502,Gabrielle Schmidt,gabrielle.4684@gmail.com,22,Toronto,2025-10-30
9914,Rebecca Robinson,rebecca.9360@yahoo.com,56,Melbourne,2024-07-08
6423,Wendy Stanley,wendy.3831@gmail.com,26,Cairo,2024-08-22
1545,Matthew Wright,matthew.5202@gmail.com,53,Madrid,2025-04-20
4755,Robert Sheppard,robert.6935@yahoo.com,20,Osaka,2022-10-24
9694,Robert Martinez,robert.302@yahoo.com,24,Berlin,2024-08-14
3047,Lisa Torres,lisa.5913@yahoo.com,36,Hamburg,2026-09-05
6689,Stacy Barber,stacy.1125@yahoo.com,33,Melbourne,2024-05-06
1628,Pam Baker,pam.5043@hotmail.com,50,Madrid,2023-12-18
1769,Brian Brown,brian.7354@outlook.com,61,Toronto,2024-07-27
4359,William Williams,william.287@example.com,64,Chicago,2023-06-17
6878,Veronica Atkinson,veronica.7774@yahoo.com,42,Dubai,2026-06-25
9536,Melissa Lang,melissa.9902@outlook.com,23,Birmingham,2024-01-31
7369,Anna Brooks,anna.980@yahoo.com,46,Paris,2022-12-06
9228,Katherine Mayer,katherine.5027@example.com,67,Chicago,2025-08-23
3949,Shelby Gonzalez,shelby.1214@outlook.com,75,Delhi,2024-04-27
267,Cindy Hayes,cindy.8625@gmail.com,59,Mumbai,2023-08-16
6413,Chelsea Burch,chelsea.1470@outlook.com,46,Osaka,2025-06-16
2291,Lindsay Rogers,lindsay.6396@outlook.com,71,Mexico City,2026-07-19
2863,Pamela Green,pamela.9953@gmail.com,75,Alexandria,2024-10-31
3613,Connor Benton,connor.131@yahoo.com,26,Barcelona,2023-02-07
9209,Donna Andersen,donna.2510@example.com,70,Vancouver,2023-09-27
222,James Webb,james.3771@example.com,53,Melbourne,2023-08-29
8282,Timothy Dorsey,timothy.6123@example.com,32,Paris,2026-05-20
2120,Sharon Gamble,sharon.7146@outlook.com,59,Osaka,2023-09-13
6551,Matthew Farley,matthew.5352@yahoo.com,35,London,2026-08-01
8416,Daniel Diaz,daniel.8454@outlook.com,45,Sydney,2022-11-02
8218,Tara Sweeney,tara.9163@gmail.com,61,London,2025-12-18
2580,Jessica Randolph,jessicaATyahoo.com,68,Alexandria,2025-11-20
8747,Tammy Bean,tammy.9571@gmail.com,57,Manchester,2023-04-27
8005,David Dunn,david.6642@example.com,-5,Munich,2024-08-03
4295,Edward Thomas,edward.8041@yahoo.com,68,Berlin,2023-07-30
6465,Kaitlyn Young,kaitlyn.8414@gmail.com,33,Delhi,2023-08-15
2236,Kathleen Ballard,kathleen.1575@hotmail.com,50,Houston,2023-04-13
6770,Mark Proctor,mark.7049@gmail.com,41,Riyadh,2023-08-09
9210,Sara Yates,sara.6698@outlook.com,65,Riyadh,2023-03-03
5304,Karen Hartman,karen.898@outlook.com,57,Delhi,2023-03-30
6810,Donna Bailey,donna.1964@gmail.com,66,Berlin,2023-06-12
1390,Todd Bishop,todd.5254@gmail.com,27,Alexandria,10/11/2022
8846,Nicholas Edwards,nicholas.9492@example.com,47,Los Angeles,2025-10-24
3627,Miguel Weber,miguel.7881@hotmail.com,24,London,2022-12-03
1978,Morgan Jackson,morgan.7594@yahoo.com,19,Sydney,2024-03-17
2987,Kevin Stout,kevin.257@example.com,60,Tokyo,2025-07-06
7212,Melissa Gomez,melissa.2571@hotmail.com,79,Houston,2024-06-13
9666,Stacy Reyes,stacy.6230@outlook.com,29,Lyon,2024-12-20
1063,Matthew Nelson,matthew.4558@gmail.com,50,London,2024-06-27
7057,Tabitha Clark,tabitha.7701@yahoo.com,26,Osaka,2024-06-10
9219,Brandon Gonzalez,brandon.6075@outlook.com,48,Riyadh,2025-12-24
5307,Taylor Huang,taylor.6844@gmail.com,59,Hamburg,2024-07-20
2620,Dana Smith,dana.6543@yahoo.com,43,Alexandria,2024-09-12
2071,Heidi Cook,heidi.4966@yahoo.com,49,Munich,2023-10-21
7719,Wesley Bailey,wesley.7117@outlook.com,68,Singapore,2026-06-27
2254,John Bowman,john.7584@yahoo.com,68,Chicago,2023-12-28
1955,Scott Blake,scott.9559@example.com,32,Sydney,2026-05-25
5148,Casey Smith,casey.1533@hotmail.com,34,Toronto,03-17-2025
2897,Adam Lara,adam.581@outlook.com,75,Dubai,2024-04-23
6899,Felicia Cannon,felicia.9134@gmail.com,80,Barcelona,2025-08-15
642,Nathan Fuller,nathan.8500@example.com,55,Delhi,2023-04-26
7186,Jose Jackson,jose.5732@example.com,64,Dubai,2025-09-14
2172,Charles Burton,charles.6029@yahoo.com,78,Barcelona,2022-10-06
5186,Tara Thomas,tara.8616@yahoo.com,26,Giza,2025-03-06
6256,Sara Carroll,sara.6120@example.com,40,Melbourne,2024-03-27
2125,Ann Williams,ann.907@gmail.com,38,Dubai,2024-05-04
5072,Richard Flynn,richard.9040@example.com,59,Sao Paulo,2024-09-17
8348,Shannon Gardner,shannon.8747@hotmail.com,72,New York,2025-08-14
9669,Emily Spencer,emily.30@example.com,25,Mumbai,2023-09-06
5373,Randy Chapman,randy.4666@gmail.com,33,Hamburg,2024-08-07
3641,Eric Osborne,eric.3588@hotmail.com,58,Melbourne,2023-01-15
9602,Dawn Shaw,dawn.3788@example.com,43,Barcelona,2026-04-10
9327,William Davis,william.4328@hotmail.com,42,Sao Paulo,2024-09-06
2162,Connie Adams,connie.5234@outlook.com,48,Tokyo,2025-01-13
6005,Misty Walsh,misty.9200@example.com,43,London,2023-08-07
9129,Mary Wallace MD,mary.6241@hotmail.com,45,Delhi,2024-04-23
9558,Karen Taylor,karen.3710@hotmail.com,77,Madrid,2025-11-18
3476,Tanya Sloan,tanya.7153@gmail.com,33,London,2025-02-22
6704,Tammy Fox,tammy.7852@outlook.com,65,Berlin,2022-09-22
4037,Jason Fletcher,jason.7179@hotmail.com,25,Paris,2023-03-19
3241,Barbara Fields,barbara.9860@yahoo.com,51,Houston,2026-07-09
6039,Michelle Gould,michelle.9272@hotmail.com,73,Mexico City,2023-03-01
1232,Jacob Gray,jacob.8465@outlook.com,56,Barcelona,2022-12-24
1645,Anthony Schneider,anthony.4449@outlook.com,23,Paris,2024-01-02
3135,Melissa Rogers,melissa.7397@outlook.com,51,Houston,2025-12-03
1379,Ashley Crawford,ashley.119@example.com,41,Houston,2025-11-27
9560,Erin Gonzalez,erin.7716@example.com,73,Munich,2024-05-29
8905,Jenny Moore MD,jenny.2189@example.com,39,Toronto,2023-10-14
2225,Paul Swanson,paul.5324@example.com,26,Houston,2026-08-09
9837,Raven Abbott,raven.9163@gmail.com,48,Tokyo,2023-09-05
3365,Christine Edwards,christine.7159@gmail.com,26,Lyon,2024-04-30
1594,Kaitlin Gutierrez,kaitlin.201@outlook.com,49,Tokyo,2026-01-27
5709,Breanna Young,breanna.4261@hotmail.com,52,Los Angeles,2026-07-24
9239,Crystal Banks,crystal.5013@yahoo.com,80,Singapore,2026-04-20
9370,Jeanette Wagner,jeanette.1876@example.com,46,Mumbai,2024-04-18
4843,Justin Henderson,justin.5744@outlook.com,76,Berlin,2024-09-03
6325,Robert Rose,robert.8762@example.com,48,Riyadh,2024-04-23
7825,Donna Richardson,donna.4530@gmail.com,54,Munich,2024-07-08
4104,David Bradley,david.6115@hotmail.com,57,Toronto,2023-02-14
2841,Pamela Lewis,pamela.3527@yahoo.com,56,Madrid,2024-09-19
6044,Alicia Herrera,alicia.9638@hotmail.com,46,Riyadh,2024-06-30
3886,Hannah Clark,hannah.297@hotmail.com,32,Giza,2025-09-02
8547,Billy Webb,billy.6497@yahoo.com,47,Sao Paulo,2025-07-21
5518,Traci Miller,traci.967@outlook.com,65,Cairo,2023-07-15
2811,Nichole Ferrell,nichole.9768@yahoo.com,59,Bangalore,2024-05-01
7556,Kyle Smith DDS,kyle.5762@outlook.com,30,Manchester,2025-06-05
287,Ashley Jordan,ashley.9086@gmail.com,63,Tokyo,2023-11-04
515,Charles Green,,66,Tokyo,2026-06-13
3442,April Thompson MD,april.3400@example.com,70,Paris,24-Aug-2026
4509,Mark Clark,mark.2083@hotmail.com,68,Riyadh,2026-07-02
9612,Joshua Jefferson MD,joshua.6933@hotmail.com,24,Tokyo,2022-11-24
5250,Erik Burke,erik.433@example.com,26,Singapore,2024-08-04
4392,Eric Everett,eric.6585@example.com,68,Sydney,2024-12-30
5635,Denise Combs,denise.5703@hotmail.com,36,Munich,2022-09-24
6754,Tyler Fuentes,tyler.7772@hotmail.com,26,Riyadh,2025-05-18
4165,Vanessa Bishop,vanessa.2613@outlook.com,43,Barcelona,2026-01-31
3329,Lynn King,lynn.8509@gmail.com,27,Munich,2023-10-13
7776,Andrea Brown,andrea.4500@gmail.com,18,Alexandria,2024-02-06
6835,Renee Gilbert,renee.2367@yahoo.com,66,Manchester,2026-08-16
3474,Nicole Williams,nicole.1934@example.com,80,Osaka,2024-01-15
8868,Keith Lawson,keith.4009@hotmail.com,18,Delhi,2022-10-21
38,Zachary Santos,zachary.1626@yahoo.com,58,Houston,2024-06-18
6555,Eric Mosley,eric.2801@example.com,67,Dubai,2024-10-14
1499,Scott Thomas,scott.3246@outlook.com,43,Riyadh,2023-08-14
9626,Bryan Stevens,bryan.9728@example.com,28,Vancouver,2023-01-17
6151,Andrea Decker,andrea.1213@outlook.com,37,Berlin,2024-11-09
6267,Michelle Hernandez,michelle.9948@outlook.com,68,Mexico City,2025-03-27
9206,Ryan Baker,ryan.788@hotmail.com,65,Houston,2023-02-17
8539,Eric Moore,eric.7773@outlook.com,64,Tokyo,2026-03-19
7524,Cristian Bonilla,cristian.557@hotmail.com,43,Madrid,2024-09-15
5068,Jessica Bolton,jessica.4516@outlook.com,-5,Berlin,2026-01-20
5553,Lisa Butler,lisa.8162@example.com,63,Bangalore,2023-11-29
8834,Briana Carrillo,briana.3019@hotmail.com,53,Osaka,2026-01-26
2750,Timothy Curry,timothy.1334@hotmail.com,45,Mexico City,2024-05-26
5582,Alexandra Foster,alexandra.3217@gmail.com,54,Munich,2024-12-31
6272,Mitchell Johnson,mitchell.9147@example.com,58,Mexico City,2026-03-11
8403,Robert Sanchez,robert.1689@hotmail.com,50,Riyadh,2024-09-20
8728,Ronald Gordon,ronald.2440@gmail.com,24,London,07-25-2025
3825,Theresa Martinez,theresa.4640@outlook.com,56,Berlin,2025-01-28
4006,Courtney Nichols,courtney.2673@yahoo.com,22,Singapore,2024-11-03
1286,Jennifer Gutierrez,jennifer.9161@example.com,40,Vancouver,2025-03-12
1602,Emma Mendoza,emma.903@hotmail.com,20,Los Angeles,2025-08-26
5064,Karen Fisher,karen.226@outlook.com,68,Singapore,2026-05-21
3637,Michael Montgomery,michael.5296@hotmail.com,61,Toronto,2023-11-22
5588,Raymond Johnson,raymond.7543@outlook.com,47,Singapore,2024-04-25
8982,Ralph Burns,ralph.8125@hotmail.com,68,Paris,2026-01-14
2983,Ashley Bowen,ashley.9000@hotmail.com,64,Los Angeles,2025-04-08
5289,Benjamin Sanchez,benjamin.2714@outlook.com,66,Dubai,2024-01-06
5445,Gary Chen,gary.3641@yahoo.com,52,Mexico City,2025-06-08
849,Anna Chang,anna.5211@hotmail.com,76,Barcelona,2022-11-23
3842,Gerald Johnson,gerald.9416@example.com,42,,2023-07-12
5083,Madison Mclaughlin,madison.321@hotmail.com,67,Delhi,2023-11-19
7261,Christopher Neal,christopher.4118@yahoo.com,27,Giza,06-13-2024
2187,Tasha Cochran,tasha.4199@gmail.com,24,Madrid,2025-07-22
9328,Ann Johnson,ann.6100@yahoo.com,29,Vancouver,2023-02-16
3595,Cindy Cole,cindy.4251@example.com,66,New York,2023-05-26
6490,Olivia Mcneil,olivia.7344@outlook.com,34,Dubai,2023-03-15
4650,Justin Rodriguez,,38,Vancouver,2024-05-29
6645,Timothy Davis,timothy.6568@hotmail.com,28,Birmingham,2022-11-27
4170,Erik Smith,erik.2488@yahoo.com,46,Los Angeles,2026-07-16
2981,Sarah Gates,sarah.5693@example.com,80,Vancouver,2024-01-17
469,Christian Adkins,christian.1422@outlook.com,60,New York,2025-02-17
1421,Allison Gibson,allison.6190@hotmail.com,64,Los Angeles,2025-10-18
5527,Cody Brown,cody.4353@outlook.com,26,Berlin,2026-07-19
9876,Brittney Davis,brittney.1035@yahoo.com,71,Cairo,2026-05-05
2504,Anthony Torres,anthony.2370@gmail.com,33,Lyon,16/11/2024
6048,Dustin Mendez,dustin.7598@example.com,53,Alexandria,2025-03-17
5968,Kristi Bernard,,78,Bangalore,2023-12-11
3753,Amber Lin,amber.2157@gmail.com,,Melbourne,2023-11-20
1587,Cynthia Tran,cynthia.2620@outlook.com,53,Berlin,2023-12-12
1485,Dominic Barnes,dominic.1975@yahoo.com,65,Riyadh,2026-05-11
9916,Nicholas Rasmussen,nicholas.5175@hotmail.com,22,Barcelona,2023-10-26
969,Jesse Williams,jesse.4537@hotmail.com,59,Delhi,2026-08-19
3231,Daniel White,daniel.4809@example.com,70,Osaka,2024-01-17
5535,Crystal Madden MD,crystal.3524@yahoo.com,46,Sydney,2025-05-15
7606,Laurie Johnson DVM,laurie.7962@outlook.com,44,Los Angeles,2026-08-06
7820,Casey Yates,casey.6970@hotmail.com,76,Mumbai,2025-08-09
1487,Pamela White,pamela.6267@gmail.com,37,Lyon,2023-02-02
3704,Keith Phillips,keith.7736@outlook.com,31,Sao Paulo,2025-10-19
3172,Eric Moses,eric.6485@gmail.com,78,Vancouver,2024-11-27
7402,Jennifer Hill,jennifer.8339@example.com,23,Mumbai,2023-02-14
5459,Thomas Fritz,thomas.9993@hotmail.com,66,Paris,2025-12-27
9188,Eugene Turner,eugene.1407@hotmail.com,54,Paris,2025-06-17
3121,Tara Richards,tara.1788@gmail.com,29,Bangalore,2023-06-09
4689,Amanda Brown,amanda.1095@yahoo.com,55,Munich,2024-10-31
5023,Dawn Yates,dawn.4409@gmail.com,26,Giza,2023-12-30
6687,Robin Brock,robin.497@yahoo.com,30,New York,2025-03-04
3125,Rachel Caldwell DVM,rachel.3484@outlook.com,25,Manchester,2023-12-29
220,Jeremy Reed,jeremy.127@outlook.com,65,Munich,2025-01-22
8200,Casey Roberts,casey.5686@gmail.com,70,Tokyo,2023-04-29
4345,Barbara Johnson,barbara.6077@outlook.com,65,Los Angeles,2023-11-30
1837,David Hanson,david.9068@yahoo.com,46,London,2023-09-01
9898,Ryan Reynolds,ryan.8187@outlook.com,23,Melbourne,2023-03-13
7683,Jesse Powell,jesse.6469@outlook.com,42,Dubai,2025-09-13
734,Zachary Sanford,zachary.3491@yahoo.com,76,Munich,2022-11-03
6802,Brian Diaz,brian.4559@example.com,50,Hamburg,2024-12-06
4939,George Barber,george.7911@example.com,30,Houston,2026-07-30
5396,Andrew Davis,andrew.8492@yahoo.com,73,Sydney,2025-09-08
5152,Felicia Boyd,felicia.7248@gmail.com,45,Bangalore,2025-12-29
6332,Michelle Nicholson,michelle.2043@yahoo.com,20,Chicago,2024-02-08
9865,Carla Green,carla.9187@outlook.com,48,Los Angeles,2025-11-18
4962,Christopher Gutierrez,christopher.9050@hotmail.com,67,New York,2026-07-22
5768,Paul Henderson,paul.7934@gmail.com,67,Lyon,2024-07-07
3771,Mark Murphy,markAThotmail.com,64,Giza,2023-05-07
2049,Cathy Hess,cathy.5549@yahoo.com,56,Tokyo,2022-10-15
3150,Michael Hancock,michael.3075@outlook.com,62,Madrid,2022-12-15
9661,Joshua Robertson,joshua.1452@example.com,70,Mumbai,2026-09-05
3226,Cody Williams,cody.4452@hotmail.com,57,New York,2025-12-05
4298,Sarah Fields,sarah.8518@gmail.com,60,Riyadh,2026-07-13
5949,Debbie Sherman,debbie.7553@hotmail.com,39,Lyon,2026-08-14
21,Kevin Hurst,kevin.3181@hotmail.com,32,Vancouver,2024-04-22
713,Kathryn Price,kathryn.8968@example.com,26,Barcelona,2023-06-06
9293,Brian Miller,  brian.9591@outlook.com  ,46,Berlin,2024-05-01
7375,Matthew Jones,matthew.599@yahoo.com,63,London,2022-09-28
8139,Dr. Jessica Smith,dr..7602@gmail.com,28,Sao Paulo,2024-06-21
6187,Howard Hunter,howard.4616@outlook.com,80,Mexico City,2023-09-05
9585,Daniel Bass,daniel.9751@gmail.com,68,Chicago,2024-08-19
1281,Michael Ortega,michael.5@yahoo.com,23,Manchester,2025-11-12
9140,Michael Hubbard DDS,michael.5287@yahoo.com,53,Chicago,2025-12-08
4092,Austin Morrison,austin.4927@yahoo.com,62,Giza,2023-07-31
8777,Holly Harmon,holly.8365@outlook.com,77,Cairo,2023-05-21
8691,Mrs. Michelle Pena,mrs..7927@outlook.com,25,Mumbai,2026-07-03
1629,Emily Vang,emily.5308@gmail.com,25,Mumbai,2025-10-06
1503,Bryan King,bryan.9438@gmail.com,25,Mumbai,2022-12-22
8585,Michael James,michael.9843@hotmail.com,27,Chicago,2025-09-14
2522,Bridget Williamson,bridget.5568@example.com,33,Chicago,2022-11-28
2,Megan Mcclain,megan.1420@hotmail.com,74,Hamburg,2023-01-22
9426,Kevin Tran Jr.,kevin.2658@outlook.com,21,Hamburg,2024-01-27
2523,Andrew Cohen,andrew.3212@gmail.com,29,Melbourne,2026-02-25
8640,James Swanson,james.1648@gmail.com,27,London,2022-09-25
6889,Emily Romero,emily.8799@example.com,,Melbourne,2023-08-08
8197,Robert Prince,robert.640@example.com,35,Hamburg,2023-02-22
1835,Jennifer Martin,jennifer.1979@hotmail.com,27,Singapore,2024-07-11
7084,Andrea Norris,andrea.1844@example.com,52,Tokyo,2023-11-05
615,Douglas Ryan,douglas.4041@outlook.com,56,Dubai,2024-01-02
770,Shane Buchanan,shane.9448@gmail.com,49,Hamburg,2025-03-15
272,Kristina Rivera,kristina.2539@gmail.com,36,Tokyo,2023-03-14
226,Tanner Mitchell DDS,tanner.9395@outlook.com,63,Riyadh,2025-02-19
2977,Hailey Beltran,hailey.641@yahoo.com,78,Osaka,2023-09-15
942,Kimberly Arroyo,kimberly.6672@outlook.com,66,Lyon,2023-12-06
3327,Lisa Guerrero,lisa.5468@example.com,67,Mumbai,2025-01-02
4015,David Hawkins,david.5336@example.com,80,Paris,2023-02-01
8277,Curtis Martinez,curtis.9608@yahoo.com,50,Alexandria,2023-12-17
107,Ashley Coleman,,20,Toronto,2023-05-31
4972,Sydney Smith,sydney.4732@hotmail.com,52,Delhi,2023-08-07
4980,James Rivera,james.5788@yahoo.com,42,Sydney,2023-05-25
1643,Mary Tapia,mary.3071@example.com,25,Tokyo,2024-01-04
1573,Scott Miller,scott.6522@hotmail.com,67,Melbourne,2025-02-11
1068,Allison Sanders,allison.8149@gmail.com,24,Berlin,2025-10-08
9515,Erica Burnett,erica.3542@outlook.com,52,Delhi,2023-03-29
3542,Laura Pearson,laura.4766@yahoo.com,76,Barcelona,2025-07-30
6695,Kevin Smith,kevin.9091@outlook.com,29,Toronto,2023-12-16
7420,Erica Knox,erica.2661@hotmail.com,32,Madrid,2023-04-01
4460,Theresa Martin,theresa.8881@example.com,80,Houston,2025-12-20
5345,Laurie Michael,laurie.4613@outlook.com,N/A,Alexandria,2024-11-04
4487,Jonathon Stevenson,jonathon.6411@outlook.com,27,Manchester,2026-07-01
193,Willie Durham,willie.6930@gmail.com,79,Birmingham,2024-07-22
4550,Taylor Tran,taylor.5630@gmail.com,49,Berlin,2023-05-11
6929,Tina Gregory,tina.733@outlook.com,18,Madrid,2023-05-27
2835,Tiffany Evans,tiffany.8511@hotmail.com,60,Madrid,2026-03-07
4791,Miguel Smith,miguel.1466@outlook.com,34,Vancouver,2022-12-22
7995,Maria Merritt,maria.8657@hotmail.com,50,Alexandria,2023-04-02
4880,Teresa Sutton,teresa.3588@yahoo.com,47,Osaka,2025-03-06
7708,Susan Nguyen,susan.6786@example.com,62,Mexico City,2025-10-24
6519,Philip Weaver,philip.1846@hotmail.com,52,Los Angeles,2024-09-26
732,Casey Parker,casey.9229@gmail.com,57,Riyadh,2025-06-18
2529,Martin Liu,martin.7107@gmail.com,25,Los Angeles,2023-04-14
1710,Samuel Norton,samuel.4990@outlook.com,63,Sao Paulo,2024-02-27
8836,Holly Wong,holly.1742@yahoo.com,63,Houston,2023-09-29
3483,Rebecca Bowman,rebecca.4002@hotmail.com,26,Dubai,2023-12-08
4580,Derrick Alvarez,derrick.2965@hotmail.com,31,Paris,2025-10-08
2957,Dillon Travis,dillon.718@yahoo.com,30,Munich,2024-03-27
1718,Tami Graves,tami.6272@outlook.com,42,Munich,2024-06-29
4653,Leah Brown,leah.6926@example.com,57,Osaka,2023-12-14
3000,Michelle Holden,michelle.9959@yahoo.com,22,Los Angeles,2025-12-03
3999,Catherine Bowman,catherine.8071@yahoo.com,39,Lyon,2026-04-01
3902,Larry Reese,larry.4652@example.com,65,Paris,2023-01-25
4034,,michael.7980@yahoo.com,35,Dubai,2022-12-28
4258,Joseph Stokes,joseph.8842@example.com,38,Tokyo,2025-02-15
3504,Cristina Sandoval DVM,cristina.5509@hotmail.com,69,Singapore,2024-09-08
7539,Michael Davis,michael.2939@gmail.com,27,Delhi,2026-07-27
9294,Luke Gonzalez,luke.3244@outlook.com,49,London,2026-05-24
4005,Beth Shaw,beth.5230@example.com,48,Paris,2025-01-02
1453,Gregg Watson,gregg.8711@outlook.com,30,Houston,2024-11-13
4068,Valerie Reid,valerie.3283@example.com,77,Vancouver,2024-03-08
4721,Sandra Wang,sandra.9916@example.com,60,Sydney,2024-11-10
7941,Samantha Thompson,samantha.4716@gmail.com,65,Los Angeles,2025-03-30
3227,Shelly Gonzalez,shelly.9950@outlook.com,45,Houston,2024-12-28
9502,Lindsay Shannon,lindsay.8014@hotmail.com,37,Vancouver,2023-05-14
1585,Alisha Rasmussen,alisha.7363@hotmail.com,N/A,Lyon,2025-02-18
3360,Janice Gilbert,janice.7141@hotmail.com,69,Barcelona,2024-03-25
8740,Roger Campbell,roger.1634@gmail.com,79,Paris,2026-04-03
856,Rebekah Gregory,rebekah.5436@example.com,30,Sydney,2023-06-08
1617,Frank Steele,frank.5186@hotmail.com,51,Barcelona,2025-06-16
8719,Pamela Wyatt,pamela.7525@hotmail.com,37,Riyadh,2023-06-14
4094,Rebecca Caldwell,rebecca.5297@gmail.com,27,Tokyo,2023-09-03
2022,Linda Parker,linda.480@gmail.com,27,Tokyo,2026-09-02
5101,Lisa Wise,lisa.9626@outlook.com,25,Manchester,2024-07-08
601,Ernest Hayes,ernest.5051@outlook.com,41,Singapore,2022-12-04
1368,Heather Miller,heather.8988@outlook.com,26,Mexico City,2025-03-29
9899,Connie Boone,connie.5472@hotmail.com,62,Vancouver,2024-07-19
6270,Ian Evans,ian.2043@yahoo.com,43,New York,2024-08-14
7467,Carl Douglas,carl.4812@yahoo.com,42,Toronto,2022-11-06
5815,Audrey Koch,audrey.6972@yahoo.com,72,Chicago,2024-09-18
7784,Sarah Mooney,sarah.4852@gmail.com,27,Sydney,2026-03-03
4526,Edward Bates,edward.3194@example.com,69,Lyon,2026-03-30
6047,Monica Douglas,monica.7258@yahoo.com,72,Los Angeles,2026-01-15
2961,Heidi Booth,heidi.1110@outlook.com,44,Lyon,2025-05-15
2865,Michelle Edwards,michelle.6383@yahoo.com,40,Sydney,2026-02-14
4747,Ronald Williams,ronald.8375@example.com,44,Houston,2023-06-25
7077,Andrew Garcia,andrew.5975@yahoo.com,23,Toronto,2024-05-16
5953,Andre Hubbard,andre.9866@yahoo.com,68,Giza,2023-04-03
3366,Earl Hall,earl.7241@hotmail.com,50,Sao Paulo,2025-02-10
5647,Audrey Watson,audrey.9712@gmail.com,73,Bangalore,2025-11-02
682,Ryan Wiley,ryan.3614@hotmail.com,20,Manchester,2026-07-07
7912,Michelle Carpenter,michelle.2208@example.com,38,Paris,2023-12-27
4334,Marie Shelton,marie.1889@yahoo.com,75,,2022-11-27
6569,Tony Wilson,tony.2570@yahoo.com,75,London,2024-07-20
8981,Crystal Gray DDS,crystal.9082@example.com,49,Melbourne,2025-01-14
3083,Lisa Jackson,lisa.1528@hotmail.com,18,Vancouver,2026-06-10
8299,Jonathan Ellis,jonathan.5780@yahoo.com,61,Dubai,2025-03-16
5947,Anthony Cox,anthony.1289@example.com,72,Cairo,2023-08-09
3961,Rhonda Evans,rhonda.6296@hotmail.com,58,London,2026-01-11
4581,Kevin Shea,kevin.6367@hotmail.com,47,Berlin,2022-12-17
8442,Scott Brown,scott.2061@example.com,41,Mexico City,2026-05-12
156,John Hardy,john.5877@gmail.com,43,Manchester,2026-08-13
5797,Christine Lopez,christine.9379@hotmail.com,69,Los Angeles,2024-02-19
3882,Annette Mcguire,annette.6672@yahoo.com,19,Sydney,2024-04-19
724,Thomas Harris,thomas.1560@gmail.com,31,Paris,2023-03-26
5589,Latoya Nelson,latoya.2288@gmail.com,25,Dubai,2025-01-18
4566,Mr. Matthew Henderson,mr..9114@hotmail.com,50,Berlin,2025-03-24
7335,Jason Herman,jason.3094@yahoo.com,37,Delhi,2025-10-17
1926,Daniel Kelly,daniel.362@yahoo.com,71,Mexico City,2023-05-28
7122,Diane Roth,diane.3043@outlook.com,36,Melbourne,2025-02-20
239,Ashley Hall,ashley.8096@outlook.com,66,Barcelona,2022-10-23
8690,Robert Colon,robertATexample.com,61,Riyadh,2024-11-02
7669,Christopher Garrett, christopher.5281@example.com,49,Manchester,2025-01-10
8436,John Bowman,john.71@yahoo.com,18,Los Angeles,2026-01-05
1262,Teresa Rhodes,teresa.7905@yahoo.com,41,Madrid,2023-03-29
804,Renee Lang,renee.5346@hotmail.com,46,Manchester,2025-02-09
2880,Abigail Clayton,abigail.4684@example.com,77,Paris,2022-10-14
6961,Tracey Morales,tracey.286@gmail.com,36,Giza,2023-12-07
2534,Katie Perkins,katie.5369@yahoo.com,21,Riyadh,2024-02-01
5389,Ms. Kathleen Fowler,ms..3751@example.com,66,Hamburg,2023-08-08
4267,Ashley Fisher,ashley.6348@outlook.com,42,Delhi,2026-07-11
922,Janice Fernandez,janice.1098@gmail.com,42,Madrid,2023-11-04
751,Anthony Armstrong,,55,Giza,2026-01-26
4608,John Perry,john.32@gmail.com,73,Barcelona,2025-04-13
4738,Denise Cunningham,denise.5528@yahoo.com,74,Riyadh,2023-05-08
6527,Penny Kelly,penny.2911@example.com,77,Lyon,2024-05-01
9399,Brian Beasley,brian.9878@outlook.com,24,Paris,2023-01-02
6587,Jeffrey Clements,jeffrey.6542@example.com,42,Singapore,2025-12-15
2786,Sarah Martin,sarah.3535@outlook.com,36,Delhi,2024-03-09
1685,Corey Cooper,,47,Paris,2023-08-22
8925,Barry Jenkins,barry.7488@gmail.com,44,Delhi,2024-05-15
5353,Kelsey Stout,kelsey.4318@gmail.com,43,Sao Paulo,2023-03-24
2068,Lisa Barnes,lisa.1952@outlook.com,46,Toronto,2023-04-29
1658,Sarah Mills,sarah.722@example.com,73,Giza,2023-11-22
1489,Elizabeth Jennings,elizabeth.2451@hotmail.com,50,Delhi,2025-06-18
7463,Michael Mason,michael.2993@example.com,76,Manchester,2023-01-10
9781,Stephanie Parks,stephanie.3748@outlook.com,65,Dubai,2026-01-03
8127,Ashley Mueller,ashley.3287@hotmail.com,50,Osaka,2026-05-25
4449,Brooke Lambert,brooke.5422@gmail.com,57,New York,2023-04-03
9045,Amy Shelton,amy.8142@outlook.com,150,New York,2024-04-07
266,Sarah Curtis,sarah.5382@yahoo.com,60,Delhi,2025-10-14
3253,Brandon Richardson,brandon.6600@gmail.com,75,Madrid,2025-12-29
5408,Kevin Sandoval,kevin.7483@example.com,79,Alexandria,2025-04-12
3285,Jordan Curry,jordan.3585@hotmail.com,42,Hamburg,2023-09-04
3296,Sarah Perez,sarah.8322@hotmail.com,-1,Hamburg,2024-06-27
9720,Mary Walter,mary.2569@yahoo.com,39,Los Angeles,2025-05-02
8145,Tracey Parsons,tracey.9955@yahoo.com,80,Munich,2023-03-08
1361,Jeffrey Anthony DDS,jeffrey.1703@hotmail.com,57,Los Angeles,2025-11-07
4669,Elizabeth Fernandez,elizabeth.7402@hotmail.com,72,Chicago,2025-04-08
9706,Cynthia Walker,cynthia.8127@outlook.com,58,Hamburg,2024-10-13
4803,Joshua Quinn,joshua.5106@yahoo.com,51,Giza,2023-11-29
5275,Gary Palmer,gary.2337@example.com,31,Lyon,2023-03-17
2951,Desiree Stafford,desiree.1743@yahoo.com,58,Bangalore,2023-03-16
5914,Anthony James DVM,anthony.3254@gmail.com,47,Melbourne,2025-11-12
9883,William Myers,william.9461@gmail.com,63,Barcelona,2024-03-13
91,Dawn Fletcher,dawn.3827@outlook.com,N/A,Toronto,2022-09-19
8206,Jessica Mcdowell,jessica.479@yahoo.com,77,Madrid,2025-05-03
6303,Gabriel Andrews,gabriel.4386@gmail.com,22,Barcelona,2024-01-19
8603,Jesse Garcia,jesse.7031@example.com,80,Madrid,2025-03-27
9480,Anthony Cox,anthony.7318@example.com,43,Cairo,2026-07-25
8254,Jeremy Greene,jeremy.8759@hotmail.com,38,Hamburg,2024-12-23
2142,Susan Jones,susan.6026@hotmail.com,19,Riyadh,2024-05-21
3496,Bradley Mccormick,bradley.7214@outlook.com,78,New York,2024-02-15
8003,Dawn Hill,dawn.8987@gmail.com,53,Hamburg,2026-07-20
9742,Felicia Weeks,felicia.9099@yahoo.com,34,Madrid,2023-09-04
2143,Kathy Johnson,kathy.9926@gmail.com,71,Bangalore,2025-02-08
6229,Terri Davis,terri.4256@hotmail.com,72,Mumbai,2023-08-04
9554,Megan Mcclure,megan.1808@hotmail.com,75,Berlin,2023-11-10
7464,Amy Kennedy,amy.9337@outlook.com,43,Melbourne,2023-07-17
4401,Brian Davis,brian.1082@hotmail.com,57,Sao Paulo,2025-10-15
9422,Dan Baker,dan.9612@hotmail.com,62,Tokyo,2025-08-09
4125,Sydney Evans,sydney.2158@hotmail.com,45,Vancouver,2023-01-21
1742,Lindsay Ortiz,lindsay.5120@example.com,21,Osaka,2023-03-12
4760,Rodney Stewart,rodney.4371@example.com,40,Melbourne,2026-05-26
6648,Peter Lewis,peter.5640@example.com,56,Munich,2025-10-16
1041,Michael Thompson,michaelATyahoo.com,18,Tokyo,2026-08-13
8305,Gabriela White,gabriela.9429@yahoo.com,53,Giza,2025-11-09
9384,Collin Moody,collin.8428@gmail.com,27,Tokyo,2024-09-11
5632,Christopher Powell,christopher.7397@hotmail.com,45,Osaka,2025-10-01
1483,Laura Bruce,laura.917@hotmail.com,40,Osaka,2023-05-12
985,Ronald Burke,ronald.5429@hotmail.com,34,Barcelona,2025-11-20
7803,Hector Cabrera,hector.216@hotmail.com,38,Sao Paulo,2026-02-01
4503,Jeremy Stein,jeremy.2100@hotmail.com,54,Paris,2022-10-14
1328,Debbie Haynes,debbie.3745@gmail.com,64,Manchester,2024-08-25
8880,Chad Mcguire,chad.2935@outlook.com,73,Giza,2025-05-25
5875,Allen Chandler,allen.5252@yahoo.com,59,Dubai,2024-05-01
8208,Natasha Kim,natasha.4917@gmail.com,57,Birmingham,2023-09-17
3681,,audrey.7759@example.com,64,Melbourne,2025-10-31
7475,Kevin Hayes,kevin.1948@hotmail.com,73,Delhi,2025-03-14
31,Paula Moreno,paula.879@yahoo.com,27,Sydney,2022-09-17
103,Curtis Johnson,curtis.1122@yahoo.com,58,Mumbai,2023-09-09
3295,Amanda White,amanda.2468@outlook.com,50,Munich,2024-01-26
9165,Brittany Pugh,brittany.9039@yahoo.com,48,Manchester,2022-10-10
3368,Jodi Mcbride,jodi.7644@outlook.com,79,Munich,2024-04-07
3154,Carla Reid DDS,carla.5030@example.com,70,Tokyo,2025-02-11
3299,Michael Smith,michael.6598@yahoo.com,56,Manchester,2024-10-23
6825,Shelby Fletcher,shelby.2792@yahoo.com,75,Giza,2023-08-06
148,Spencer Haynes,spencer.1593@yahoo.com,74,Madrid,2023-10-25
1375,Amanda Thomas,amanda.173@gmail.com,51,Melbourne,2025-04-29
53,Mrs. Rachel Gibson,mrs..7173@gmail.com,56,Alexandria,2024-05-27
2096,Tiffany Henderson,tiffany.1235@example.com,31,Birmingham,2024-03-23
4067,Janice Goodwin,janice.5352@example.com,47,Riyadh,2022-11-26
5924,Jordan Lynch,jordan.3684@hotmail.com,18,Sydney,2023-09-08
3864,Richard Chandler,richard.1550@yahoo.com,64,Los Angeles,2026-05-31
3767,Wendy Chavez,wendy.53@hotmail.com,35,Madrid,2025-07-05
2537,,courtney.1334@outlook.com,68,Mumbai,2025-01-03
8867,Robert Phillips,robert.505@yahoo.com,62,Manchester,2026-09-16
4552,Amy Hayes,amy.6488@yahoo.com,53,Melbourne,2024-11-05
7289,Melanie Chen,melanie.4128@yahoo.com,59,Cairo,2024-11-10
1789,Andre Collier,andre.6996@hotmail.com,34,Chicago,2025-05-25
4304,Theresa Dickson MD,theresa.6178@gmail.com,49,Cairo,2024-03-04
6045,Virginia Morales,virginia.5568@gmail.com,46,Birmingham,2022-12-04
5996,Christine Russell,christine.3496@outlook.com,40,Los Angeles,2025-06-20
7605,Stacy Pierce DDS,stacy.3996@example.com,35,Munich,2026-04-25
964,Lisa Martin,lisa.7647@hotmail.com,61,Lyon,2024-10-07
5618,William Martinez,,27,Paris,2025-01-07
9680,John Davis,john.7124@outlook.com,51,Lyon,2024-06-17
3691,Victoria Deleon,victoria.1270@outlook.com,26,Singapore,2024-01-30
2375,Debra Harris,debra.4969@hotmail.com,49,Cairo,2025-11-07
113,Mark Cannon,mark.2345@yahoo.com,47,Riyadh,2024-10-17
3597,Rebecca Houston,rebecca.8335@yahoo.com,19,Dubai,2023-06-30
8524,Dr. Elizabeth Briggs DDS,dr..6454@yahoo.com,52,Sao Paulo,2023-05-04
4561,Raven Harris,raven.6799@example.com,22,Alexandria,2023-08-12
2164,Jackie Barrera,jackie.9717@hotmail.com,69,Birmingham,2023-01-31
2634,Wesley Williams,wesley.1685@outlook.com,62,Birmingham,2024-05-28
4933,Jimmy White,jimmy.5482@yahoo.com,20,Osaka,2022-11-28
9381,Mr. Aaron Vaughn,mr..6938@example.com,65,Sao Paulo,2026-01-16
8155,Beth Robertson,beth.1351@hotmail.com,31,Toronto,2024-06-11
1372,Amanda Brown PhD,amanda.7892@example.com,32,Sydney,2022-11-18
7761,Erica Torres,erica.5318@example.com,45,Mumbai,2024-09-22
8152,Christy Valdez,christy.4691@yahoo.com,33,Riyadh,2022-11-23
1757,John Prince,john.3870@outlook.com,29,Sydney,2023-03-11
1726,Mrs. Amy Watson,mrs..1388@yahoo.com,59,Sydney,2025-03-21
7112,Mary Wells,mary.6059@hotmail.com,45,Singapore,2024-04-02
3552,Ana Gibson,ana.9947@outlook.com,60,Lyon,2023-12-03
2364,Mariah Thomas,mariah.6938@outlook.com,62,Sao Paulo,2026-03-20
6612,Bryan Frederick MD,bryan.9912@yahoo.com,60,Riyadh,2023-08-19
1046,Jacqueline Dickerson,jacqueline.6320@outlook.com,69,Munich,2023-10-30
7696,Alexandra Hernandez,alexandra.7918@hotmail.com,70,Toronto,2024-03-23
1799,Melanie Cunningham,melanie.8155@yahoo.com,59,Riyadh,2022-12-21
3581,Taylor Mullins,taylor.7817@yahoo.com,64,Chicago,2024-12-07
8023,Julie Johnson,julie.8509@yahoo.com,26,Los Angeles,2025-12-17
1781,Charles Hawkins,charles.4128@yahoo.com,20,Cairo,2023-10-30
2091,Nichole Klein,nichole.9345@outlook.com,38,Barcelona,2025-07-09
4973,Natalie Avila,natalie.8990@gmail.com,22,Los Angeles,2024-01-04
4089,Sarah Reed,sarah.6882@outlook.com,,Tokyo,2023-05-26
1258,Brian Glover,brian.9591@hotmail.com,34,Tokyo,2025-10-27
8600,Isaiah Reed,isaiah.3413@hotmail.com,59,Birmingham,2025-06-18
8938,Loretta Atkinson,loretta.3400@hotmail.com,57,Osaka,2023-12-03
3002,Howard Rubio,howard.6595@gmail.com,64,Lyon,2023-04-01
948,Nicholas Freeman,nicholas.4088@gmail.com,47,Alexandria,2024-01-13
7204,Michael Green,michael.6764@gmail.com,28,Alexandria,2026-04-11
6850,Robert Atkinson,robert.2482@gmail.com,20,Dubai,2023-12-13
9074,Mr. Michael Flores MD,mr..885@gmail.com,38,London,2023-04-25
3306,Jason Castro,jason.6629@outlook.com,43,New York,2023-08-22
4193,Kimberly Cook,kimberly.9673@gmail.com,54,New York,2025-10-09
3901,Julia Owens,julia.7071@outlook.com,66,Cairo,2025-05-08
757,Jeremy Baker,jeremy.1370@hotmail.com,23,Lyon,2024-07-27
4150,Deborah Simon,deborah.8603@gmail.com,69,Madrid,2023-10-11
8702,Michael Dickerson,  michael.1238@hotmail.com  ,46,Houston,2025-10-26
4348,Susan Gonzalez MD,susan.717@example.com,18,Mexico City,2025-03-14
6011,Tracy Gentry,tracy.6646@hotmail.com,80,Madrid,2024-07-15
8506,Joseph Turner,joseph.5537@hotmail.com,31,Melbourne,2024-05-22
5136,Ashley Brown,ashley.9934@yahoo.com,77,Bangalore,2025-02-08
7279,Thomas Russell,thomas.4361@outlook.com,48,Los Angeles,2026-06-07
5874,David Lutz,david.7379@example.com,24,Cairo,2025-08-23
4519,Miranda Beck,miranda.5961@gmail.com,48,London,2026-07-11
9421,Henry Santos,henry.4603@example.com,72,Alexandria,2024-09-27
5743,Michelle Rivas,michelle.3984@outlook.com,35,Madrid,2022-10-18
4447,Bradley Walker,bradley.5590@example.com,22,Los Angeles,2024-11-16
7206,Dillon Savage,dillon.1693@example.com,79,Melbourne,2026-07-22
6054,David Kaiser,david.9486@gmail.com,18,Manchester,2023-07-06
2985,Michael Bell,michael.939@gmail.com,70,Vancouver,2025-12-07
4066,Karen Perez,karen.5282@outlook.com,999,Manchester,2024-02-04
4913,Benjamin Alvarez,benjamin.5021@hotmail.com,59,Delhi,2024-03-02
4914,Krista Price,krista.6572@outlook.com,69,Sao Paulo,2023-11-15
2471,Michael Rodriguez,michael.3697@outlook.com,79,Giza,2024-08-05
2413,Kimberly Bennett,kimberly.1982@gmail.com,30,London,2026-03-19
6531,Adam Ponce,adam.6543@hotmail.com,67,Bangalore,2024-09-27
2479,Jordan Santos,jordan.7185@gmail.com,58,Hamburg,2024-06-08
6804,Heather Huber,heather.5745@gmail.com,72,Delhi,2022-11-02
1688,Toni Whitaker,toni.4625@hotmail.com,56,Barcelona,2025-05-27
6114,Cheryl Rhodes,cheryl.9022@gmail.com,64,Barcelona,2026-01-20
375,Jacqueline Hines,jacqueline.8235@yahoo.com,55,Mexico City,2025-01-02
6365,Tracy Bailey,tracy.5003@example.com,25,Berlin,2022-10-12
6421,Craig Romero,craig.5518@yahoo.com,30,Houston,2026-03-23
756,Joshua Lopez,joshua.8809@example.com,27,Manchester,2026-04-02
9473,Gary Johnson,gary.5933@hotmail.com,79,Birmingham,2023-09-03
3829,Gary Lamb,gary.6048@hotmail.com,39,Lyon,2025-12-12
5041,Maria Davis,maria.2043@outlook.com,34,Riyadh,2026-06-29
6726,Elizabeth Cunningham,elizabeth.1171@outlook.com,65,Barcelona,2024-05-03
5098,Jared Haynes,jared.8988@outlook.com,63,Los Angeles,2026-04-05
1349,Melissa King,melissa.9366@outlook.com,72,Sao Paulo,2024-07-30
3694,Becky Garcia,becky.1863@gmail.com,74,Munich,2024-03-11
4757,Jerry Martin,jerry.5532@example.com,64,Manchester,2023-02-23
2267,Jimmy Hernandez,jimmy.1436@yahoo.com,150,Cairo,2026-03-02
1991,Gary Garcia,gary.6874@hotmail.com,21,Birmingham,2024-07-15
8081,Chad Booth,chad.6219@gmail.com,48,Delhi,2023-03-27
1858,James Morse,james.7425@gmail.com,24,Bangalore,2025-01-17
2969,Rebecca Finley,rebecca.6568@example.com,35,Houston,2025-01-04
8114,Adam Blevins,adam.4347@gmail.com,64,Alexandria,2025-08-24
6782,Rebecca Burgess,rebecca.4086@hotmail.com,29,Lyon,2024-06-05
9714,Heather Maddox,heather.3704@gmail.com,49,Delhi,2024-08-26
3923,Johnny Brown,johnny.9328@outlook.com,61,Giza,2025-02-08
5017,Shannon Gomez,shannon.5104@example.com,66,Madrid,2023-12-25
4876,Thomas Wells,thomas.5377@example.com,37,Paris,2023-03-06
567,Leslie Gardner,leslie.7055@yahoo.com,24,Sao Paulo,2025-06-08
1750,Jerry Cole,jerry.4781@example.com,19,Birmingham,2026-03-05
1678,Amber Smith,amber.5445@yahoo.com,63,Singapore,2025-03-26
2222,William Cunningham,william.7862@outlook.com,58,Mexico City,2024-12-18
2555,Steven Villanueva,steven.4352@gmail.com,40,Osaka,2025-01-28
3780,Mary Daniels,mary.3265@yahoo.com,80,Birmingham,2026-08-11
5799,Jacob Diaz,jacob.4100@yahoo.com,21,Birmingham,2023-09-01
8227,Mrs. Kelly Roberts,mrs..4559@yahoo.com,54,Osaka,2025-08-21
2506,Susan Patrick,susan.5596@yahoo.com,60,Paris,2025-01-27
3129,Sydney Burns,sydney.6231@gmail.com,77,Sydney,2026-05-02
6948,Deborah Moore,deborah.2430@gmail.com,24,Alexandria,2025-03-21
4841,Jonathan Paul,jonathan.842@yahoo.com,78,Los Angeles,2025-03-19
9262,Jennifer Fletcher,jennifer.290@example.com,68,Mexico City,2026-03-31
2913,John Lucero,john.660@yahoo.com,43,Munich,2026-02-18
2345,Brian Morris,brian.8847@example.com,34,London,2025-06-17
2273,Alexis Cervantes,alexis.2498@outlook.com,79,Paris,2022-10-10
669,David Garcia,david.5004@gmail.com,29,Vancouver,2025-01-02
3176,David Harding,david.6793@gmail.com,18,Cairo,2025-12-04
125,Justin Johnson,justin.5773@yahoo.com,58,Houston,2025-04-13
8765,Paula Porter,paula.4947@hotmail.com,68,Berlin,2023-01-12
5207,Jared Smith,jared.3754@hotmail.com,39,Madrid,2024-09-10
32,Alec Hickman,alec.9222@hotmail.com,23,London,2026-03-23
1802,Wendy Steele,wendy.6412@example.com,18,Lyon,2024-11-03
2158,Colleen Sanford,colleen.2230@gmail.com,43,Houston,2023-06-02
8521,Paul Johnson,paul.3771@gmail.com,77,Manchester,2022-10-20
674,Nathan Nelson,nathan.8023@hotmail.com,26,Chicago,2023-01-08
5832,Alex Steele,alex.6964@gmail.com,27,Bangalore,2024-08-15
9033,Stacy Burns,stacy.8716@outlook.com,42,Alexandria,2023-12-28
3939,Kelly Burnett,kelly.9945@example.com,63,Cairo,2025-05-23
283,Glen Wood,glen.4617@outlook.com,50,Lyon,2025-08-06
5365,Steven Oconnor,steven.8123@example.com,54,Vancouver,2025-06-12
8835,John Hart,john.1094@hotmail.com,71,Paris,2025-04-10
9906,Michael Henry,michael.3857@outlook.com,28,New York,2024-10-11
1052,Justin Bradley,justin.1851@outlook.com,46,Alexandria,2024-04-21
7442,Andre Berger,andre.316@outlook.com,27,Lyon,2026-06-01
1117,Jasmine Warren,jasmine.6350@outlook.com,79,Sydney,2024-09-12
9828,Matthew Miller,matthew.9178@hotmail.com,72,Lyon,2023-09-26
8285,Adam Moore,adam.356@yahoo.com,63,Barcelona,2026-08-05
3043,Joseph Andrews,joseph.6912@example.com,54,Singapore,2024-11-02
842,Elizabeth Williams,elizabeth.4603@gmail.com,69,Paris,2024-09-11
6636,Monica Joseph,monica.7862@gmail.com,59,New York,2022-10-29
4950,Kathryn Macias,kathryn.9974@example.com,32,Sao Paulo,2024-09-16
6568,Susan Shelton,susan.3111@yahoo.com,60,Lyon,2023-04-21
4551,Robert Jackson,robert.8932@gmail.com,51,Munich,2025-10-28
3196,Robert Campbell,robert.848@hotmail.com,23,Sao Paulo,2025-11-15
8310,Michelle Dawson,michelle.394@outlook.com,58,Melbourne,2024-08-08
1763,Christopher Thomas,christopher.5654@gmail.com,59,Manchester,2023-09-25
5604,Anthony Flores,anthony.5524@gmail.com,54,Mumbai,2023-01-04
8494,Michael Peterson,michael.4648@yahoo.com,69,Los Angeles,2025-07-16
6928,Mason Moon,mason.9457@outlook.com,65,Delhi,2022-10-21
8900,Dr. Kevin Campos,dr..6078@gmail.com,78,Mexico City,2025-06-28
9545,Leslie Wilson,leslie.1149@yahoo.com,37,Riyadh,2025-04-16
5127,Natalie Ramirez,natalie.2582@yahoo.com,22,Los Angeles,2025-11-08
8453,Traci Wagner,traci.2102@outlook.com,59,Lyon,2023-10-03
1060,Christopher Morton,christopher.2572@example.com,72,Paris,2024-01-22
6706,Yvonne Roberts,yvonne.9648@gmail.com,37,London,2023-06-15
3036,Kathleen Munoz,kathleen.6309@hotmail.com,38,Paris,2026-09-13
648,Joseph Hicks,joseph.2322@hotmail.com,37,Toronto,2025-09-13
7758,Derek Brady,derek.6064@outlook.com,37,Hamburg,2025-11-05
8168,Mr. Christopher Hunter PhD,mr..502@hotmail.com,24,Barcelona,2025-03-22
5705,Jamie Robbins,jamie.368@example.com,50,Riyadh,2023-11-01
5790,Mary Sullivan,mary.1014@yahoo.com,71,Dubai,2025-02-18
6586,Johnathan Thomas,johnathan.6175@hotmail.com,62,Mexico City,2025-07-13
2452,Morgan Young,morgan.9930@yahoo.com,18,Houston,2026-04-23
4057,Kathy Frye,kathy.1841@example.com,28,Sydney,2024-11-04
7113,Deborah Harris,deborah.7579@outlook.com,27,Alexandria,2024-10-05
8731,Emily Carter,emily.1259@outlook.com,51,New York,2025-03-18
9015,Jesus Willis,jesus.1254@hotmail.com,64,Birmingham,2023-05-01
6965,William Chambers,william.6860@gmail.com,58,Chicago,2023-10-16
7076,Kent Cole,kent.1940@yahoo.com,54,Tokyo,2026-05-16
5805, Abigail Kramer,abigail.5967@outlook.com,66,Hamburg,2024-01-28
3104,Joseph White,joseph.5140@yahoo.com,77,Birmingham,2024-06-25
3111,Amy Phelps,amy.4697@outlook.com,44,Tokyo,2023-12-18
7512,Timothy Jackson,timothy.8906@outlook.com,26,Alexandria,2025-03-14
3874,Tom Duncan,tom.1299@outlook.com,79,New York,2023-10-03
3250,Michael Patrick,michael.4671@gmail.com,59,Sydney,2026-09-10
7093,Henry Dunn,henry.4765@outlook.com,63,Sydney,2022-12-03
8617,Deborah Osborne,deborah.4126@hotmail.com,33,Tokyo,2023-06-21
9829,Vanessa Wagner,vanessa.6163@hotmail.com,80,Mumbai,2023-07-31
1302,Scott Glenn,scott.5604@gmail.com,53,Sao Paulo,2023-08-26
3865,Tracy Frye,tracy.8085@outlook.com,75,Manchester,2026-06-01
9012,Eileen Daugherty,eileen.1317@gmail.com,53,New York,2025-06-24
8953,Thomas Perry,thomas.1169@outlook.com,66,Singapore,2023-04-12
4320,Jennifer Richard,jennifer.3376@gmail.com,77,Birmingham,2023-06-09
7337,Paul Olsen,paul.4703@example.com,32,Hamburg,2025-07-28
4539,Rebecca Rodriguez,rebecca.2323@hotmail.com,71,Bangalore,2025-08-22
9109,Maureen Charles,maureen.3136@example.com,47,Mexico City,2023-08-05
2995,Roy Lucero II,roy.7849@gmail.com,49,Chicago,2023-08-12
2756,Destiny Powers,destiny.8991@outlook.com,28,Osaka,2025-02-16
2063,Carl Dean,carl.8519@outlook.com,68,Hamburg,2023-01-03
2045,Katrina Johnson,katrina.8056@gmail.com,43,Hamburg,2025-01-01
378,Deborah Green,deborah.9235@gmail.com,70,Tokyo,2024-06-30
2713,Rebecca Ellis,rebecca.8203@example.com,60,Osaka,2023-05-16
207,Jennifer Pena,jennifer.5586@yahoo.com,41,Birmingham,2023-04-30
4535,Barbara Graham,barbara.9938@outlook.com,36,Chicago,2023-03-24
1529,Mark Taylor Jr.,mark.8674@hotmail.com,39,Paris,2022-12-03
6204,Jared Spence,jared.2073@gmail.com,29,Toronto,2025-01-20
8723,Cynthia Green,cynthia.1238@yahoo.com,71,Madrid,2022-09-22
9114,Timothy Roberts,timothy.8455@outlook.com,19,Sydney,2023-03-19
4313,Jacob Kennedy,jacob.5764@example.com,21,Melbourne,2026-02-20
3817,Andrew Roberson,andrew.7153@gmail.com,64,London,2023-07-21
554,Erika Cruz,erika.8006@outlook.com,47,Chicago,2023-11-17
957,Deborah Mercado,deborah.9376@yahoo.com,72,London,2023-01-06
9157,Joann Sanchez,joann.8791@gmail.com,66,Singapore,2026-05-14
1660,Brandon Guerrero,brandon.1690@example.com,67,Mumbai,2024-12-25
2638,Jacqueline Santos,jacqueline.3277@gmail.com,19,Munich,2023-04-11
8974,Maria Lopez,maria.6075@outlook.com,61,Munich,2026-06-11
9486,,cameron.6795@yahoo.com,78,Barcelona,2025-06-10
1522,Kevin Garcia,kevin.5902@gmail.com,19,Birmingham,2026-05-30
6127,Tammy Bridges,tammy.2911@example.com,0,Dubai,2026-03-04
2421,Julia Brown,julia.2058@hotmail.com,54,Munich,2022-12-05
2547,  Brenda Green  ,brenda.9362@yahoo.com,77,Melbourne,2023-11-10
2577,Bob Mcguire,bob.5811@hotmail.com,32,Munich,2025-08-14
7740,Bradley Martinez,bradley.4215@outlook.com,24,Los Angeles,2023-11-03
5133,Ashley Santos,ashley.8731@example.com,31,Mexico City,2023-09-21
4047,Renee Johnson,renee.3731@outlook.com,41,Toronto,2023-03-27
6203,Michelle Smith,michelle.7060@yahoo.com,75,Manchester,2024-03-14
6136,Michael Ellis,michael.3406@gmail.com,35,Sao Paulo,2026-02-14
1601,Pamela Bradford,pamela.3402@gmail.com,29,Los Angeles,2025-06-14
1178,Christopher Reed,christopher.4108@gmail.com,30,Bangalore,2024-02-13
4368,Michael Hernandez,michael.3894@outlook.com,57,Manchester,2026-07-09
4282,Richard Baker,richard.5657@gmail.com,73,Mumbai,2026-01-29
7518,Connie Cervantes,,71,London,2024-12-06
2462,Nicholas Bartlett,nicholas.9177@outlook.com,18,Mexico City,2025-04-12
5754,,thomas.4068@hotmail.com,60,Singapore,2025-08-08
6286,Monica Castro,monica.6089@gmail.com,75,Berlin,2026-07-07
6908,Benjamin Barnes,benjamin.641@example.com,28,New York,2023-12-12
3417,Cheyenne Hudson,cheyenne.9927@yahoo.com,54,Delhi,2024-05-19
6632,Alexandria Avery,alexandria.1591@example.com,34,Singapore,2025-07-26
2842,Joseph Garcia,joseph.3540@example.com,40,Manchester,2023-11-29
6360,Karen Thompson,karen.9338@hotmail.com,57,Berlin,2026-06-25
2313,Tammy Lee,tammy.8289@outlook.com,64,Tokyo,2022-10-30
3700,Mary Greer,mary.6089@example.com,59,Chicago,2025-04-11
3879,Joseph Jimenez,josephAThotmail.com,65,Delhi,2023-02-28
4129,Joseph Smith,joseph.559@yahoo.com,28,Berlin,2025-10-20
2963,Diana Ramsey,diana.4492@yahoo.com,36,Alexandria,2023-10-25
9496,Karen Lang,karen.8300@gmail.com,48,Cairo,2026-02-15
8770,Richard White,richard.2853@gmail.com,41,Chicago,2024-09-29
6787,Linda Keller,linda.5298@yahoo.com,39,Madrid,2025-06-27
7799,Justin Simmons,justin.9435@outlook.com,26,Melbourne,2025-05-02
7741,Catherine Coleman,catherine.1653@yahoo.com,63,Madrid,2024-02-12
5051,  Kevin Reyes  ,kevin.1815@gmail.com,44,New York,2022-09-25
9667,Danielle Watson,danielle.562@gmail.com,48,Mexico City,2025-11-24
7291,Angela Ward,angela.4026@hotmail.com,23,Birmingham,2024-08-28
3795,Michael Ware,michael.5282@gmail.com,58,Vancouver,2025-05-13
6794,Marcus Cooper,marcus.8342@gmail.com,34,Riyadh,2025-03-09
3346,Robert Brown,robert.1059@hotmail.com,18,Hamburg,2026-02-05
1333,Audrey Jackson,audrey.8471@example.com,64,Toronto,2024-04-21
2546,Joshua Frank,joshua.5014@outlook.com,74,Berlin,2024-05-04
1234,Denise Rose,denise.9938@outlook.com,73,Paris,2024-10-22
3137,Michelle Tran,michelle.1515@outlook.com,39,Mexico City,2024-08-31
8712,Robert Cisneros,robert.8100@example.com,57,Alexandria,2026-09-13
5580,Thomas Lee,thomas.1516@hotmail.com,30,Paris,2023-02-23
350,Charles Patterson,charles.4679@outlook.com,30,New York,2025-03-03
127,Gabriel Juarez,gabriel.646@hotmail.com,68,Hamburg,2024-03-23
5351,Tanya Martin,tanya.2638@example.com,62,Sao Paulo,2024-04-20
894,Melissa Morris,melissa.4613@hotmail.com,33,New York,2023-03-04
4115,Tanya Santos,tanya.7693@hotmail.com ,26,Toronto,2025-04-10
7450,William Cooper,william.255@example.com,20,Lyon,2024-07-24
4236,Heather Smith,heather.9429@outlook.com,65,Manchester,2025-10-07
6110,Dana Reyes,dana.8010@gmail.com,61,Vancouver,2024-03-27
5583,Mary Holder,mary.7703@gmail.com,31,Mumbai,2023-02-24
4636,Heather Thomas,heather.3086@gmail.com,75,Sydney,2024-06-18
5102,Jessica Robinson,jessica.9645@outlook.com,75,Houston,2025-10-01
4032,Miranda Frazier,miranda.7860@example.com,48,Mexico City,2022-12-11
1778,Sara James,sara.1114@gmail.com,44,New York,2024-02-12
760,Leah Spencer,leah.3910@gmail.com,33,Giza,2026-01-27
1869,Robert Sutton,robert.9985@outlook.com,29,Berlin,2023-10-22
9492,Kimberly Prince,kimberly.1854@outlook.com,76,Mumbai,2023-08-25
9488,Kenneth Goodman,kenneth.9272@example.com,67,Paris,2024-01-04
7771,Renee Huffman,renee.7367@example.com,44,Mexico City,2026-05-23
941,Kristen Martinez,kristen.3080@outlook.com,31,Sao Paulo,2022-09-24
792,Kenneth Hanna,kenneth.24@outlook.com,72,Bangalore,2026-02-20
8610,Angela Martinez,angela.8103@yahoo.com,45,Berlin,2025-01-21
6196,Latoya Fitzgerald,latoya.8182@hotmail.com,68,Hamburg,2026-01-16
7155,Olivia Berry,olivia.3380@yahoo.com,21,Delhi,2024-03-23
2489,Christopher Williams,christopher.7015@example.com,57,New York,2024-02-09
5646,Andrew Potter,andrew.6001@outlook.com,24,Los Angeles,2023-10-13
1239,Justin Stone,justin.1128@yahoo.com,42,Berlin,2025-03-28
8209,Joseph Thomas,joseph.5398@yahoo.com,37,Giza,2026-06-27
6243,Elizabeth Tate,elizabeth.2491@outlook.com,72,Mumbai,2023-12-28
7150,Darrell Petersen,darrell.5641@hotmail.com,,Munich,2025-09-25
3947,Jeffery Jordan,jeffery.5568@yahoo.com,76,,2023-09-22
8528,Jeffrey Murphy,jeffrey.9373@hotmail.com,67,Hamburg,2024-08-15
5204,Sarah Smith,sarah.6388@yahoo.com,40,Mexico City,2023-09-14
7449,Regina Knight,regina.7738@outlook.com,43,Los Angeles,2023-04-25
1613,Lindsay Carney,lindsay.4497@hotmail.com,51,Munich,11-04-2023
5691,Alejandro Clayton,alejandro.5281@outlook.com,29,Houston,2025-02-17
8934,Bob Bridges,bob.8277@outlook.com,78,Cairo,2025-09-09
7517,Ann Scott,ann.2480@gmail.com,51,Chicago,2025-02-03
4195,Lindsay Preston,lindsay.9893@outlook.com,70,Berlin,2023-02-09
9580,Anthony Williams,anthony.5017@yahoo.com,28,Barcelona,2025-07-01
6472,Sarah Martin,sarah.5216@gmail.com,49,New York,2022-12-01
4410,Ann Velasquez,ann.2403@outlook.com,24,Singapore,2024-04-02
254,April Garrison,april.5627@gmail.com,50,Riyadh,2023-04-16
2303,Rachel Townsend,rachel.7969@hotmail.com,39,Sydney,2025-05-07
616,Donna Adams,donna.3204@outlook.com,24,Los Angeles,2026-02-21
5249,Jesse Sutton,jesse.8682@outlook.com,39,Melbourne,2026-08-30
5721,Allison Soto,allison.9674@hotmail.com,68,Chicago,2024-08-15
2271,Jennifer Payne,jennifer.7593@yahoo.com,48,Munich,2023-05-17
7218,Daniel Perez,daniel.3707@hotmail.com,36,Toronto,2023-05-12
893,Vicki Santos,vicki.9079@example.com,34,Mumbai,2026-07-18
5944,Denise Melton,denise.5874@outlook.com,72,Mexico City,2024-04-25
1854,Brad Ruiz,brad.7773@outlook.com,29,Chicago,2025-05-13
9771,Rodney Gutierrez,rodney.1134@gmail.com,30,New York,2023-11-07
8778,James Hernandez,james.3547@outlook.com,53,Madrid,2026-08-08
2219,Sarah Johnson,sarah.1999@outlook.com,41,Barcelona,2023-11-03
4741,Brianna Christensen,brianna.7522@example.com,39,Los Angeles,2024-11-19
1204,Kelly Liu,kelly.9271@yahoo.com,65,Bangalore,2025-11-09
698,William Johnson,william.5303@hotmail.com,36,Barcelona,2024-04-29
4953,Christopher Clark,christopher.635@yahoo.com,60,Osaka,2024-04-26
55,Edward Novak,edward.1497@yahoo.com,79,Mumbai,2025-01-10
1013,Samantha Bowman,samantha.3676@yahoo.com,31,Bangalore,2024-06-19
5826,Jamie Bond,jamie.9648@example.com,80,Berlin,2023-06-28
5881,Christopher Coleman,christopher.9812@gmail.com,37,Toronto,2024-06-13
5945,Joe Baker,joe.8553@example.com,53,Melbourne,2024-11-30
1040,Karen Fernandez,karen.5124@outlook.com,65,New York,2024-09-20
7649,Jackson Lucero,jackson.7355@yahoo.com,66,Munich,2024-11-24
8798,  Charles Grant  ,charles.7354@example.com,56,Alexandria,2024-11-18
1224,Karen Ortiz,karen.1939@yahoo.com,44,Sydney,2023-01-11
5439,Mary Lawson,mary.5614@hotmail.com,35,Manchester,2024-07-11
6797,Sarah Stewart,sarah.5194@yahoo.com,77,Cairo,2024-02-04
1884,Lisa Camacho,lisa.84@outlook.com,80,Alexandria,2026-08-19
5110,Jennifer Cummings,jennifer.3758@example.com,35,Cairo,2022-10-30
9271,Nancy Myers,nancy.299@outlook.com,24,Manchester,2024-04-20
2699,Matthew Lopez,matthew.2040@outlook.com,77,Barcelona,2023-04-09
9036,Joel Cruz,joel.1480@hotmail.com,47,Bangalore,2026-07-01
8486,Christopher Castillo,christopher.5510@example.com,47,Tokyo,2025-09-18
3044,Joshua Harris,joshua.3594@gmail.com,33,Vancouver,2023-12-28
2867,Joel Cook,joel.6598@outlook.com,55,Los Angeles,2025-06-03
4220,Brianna Ward,brianna.8293@example.com,36,Singapore,2022-12-29
976,Mason Lewis,mason.9553@example.com,70,Houston,2023-06-17
7881,Jerry Wu,jerry.8379@outlook.com,60,Birmingham,2023-04-27
1544,Brent Reed,brent.2379@example.com,76,Chicago,2024-02-21
719,Casey Watkins,casey.2162@hotmail.com,28,Tokyo,2025-12-07
6288,Robert Simon,robert.4009@gmail.com,72,Riyadh,2026-07-16
9854,Joseph Parker,joseph.2845@outlook.com,21,Cairo,2025-02-25
8859,Kathleen Martinez,kathleen.8606@yahoo.com,69,Sydney,2024-01-03
8542,John Watts,john.1611@example.com,49,Paris,2025-10-07
5998,Richard Weaver,richard.7737@gmail.com,44,Melbourne,2023-02-04
2949,Dana Hartman,dana.6089@yahoo.com,59,Manchester,2025-04-17
8529,Christopher Johnson,christopher.4202@outlook.com,72,Cairo,2023-08-17
68,Teresa Taylor,teresa.889@yahoo.com,51,Vancouver,2023-03-04
1231,Kent Huynh,kent.2726@hotmail.com,77,Chicago,2023-01-31
6331,Elizabeth Berry,elizabeth.9474@hotmail.com,29,London,2023-02-20
2782,Manuel Duarte,manuel.2416@example.com,36,Los Angeles,2025-02-08
464,Tiffany Turner,tiffany.3160@gmail.com,39,Chicago,2025-08-08
2966,Kevin Wade Jr.,kevin.8724@example.com,80,Giza,2025-10-31
885,Tammy Thompson,tammy.5222@hotmail.com,78,New York,2025-01-09
1473,Thomas Perry,thomas.9350@example.com,27,New York,2024-12-07
3708,Justin Yu,justin.92@hotmail.com,62,Houston,2022-12-06
513,Brett Zavala MD,brett.9795@gmail.com,33,Bangalore,2026-01-25
3199,John Browning,john.9764@gmail.com,24,Los Angeles,2023-04-20
6934,Sara Yang,sara.7120@gmail.com,74,New York,2023-05-05
2531,Julie Beltran,julie.6197@hotmail.com,38,Dubai,2025-03-13
5074,Shane Mejia,shane.6076@example.com,34,Delhi,2024-03-10
4281,Caitlin Curry,caitlin.8163@yahoo.com,52,Houston,2024-10-31
6105,Brandi Roberson,brandi.5641@yahoo.com,32,Delhi,2026-09-02
2630,Kimberly Edwards,kimberly.184@hotmail.com,27,Hamburg,2025-04-26
7114,Brenda Tapia,brenda.5868@gmail.com,46,New York,2023-06-19
7102,Erika Wong,erika.9041@hotmail.com,38,Bangalore,2025-06-18
9894,Shaun Phillips,shaun.1851@gmail.com,22,Birmingham,2024-11-18
9815,Tracy Delacruz,tracy.6671@hotmail.com,41,Mexico City,2023-06-06
6085,William Carr,william.6911@gmail.com,40,London,2026-03-05
8016,Joseph Garcia,joseph.1566@gmail.com,36,Sydney,2026-06-13
8669,Logan Beltran,logan.7141@outlook.com,78,Alexandria,2024-11-28
2787,Casey Giles,casey.6172@gmail.com,80,Sydney,2026-05-25
1664,Jordan Santiago,jordan.5229@outlook.com,60,New York,2025-03-16
1469,Donna Shaffer,donna.9761@gmail.com,51,Los Angeles,2026-08-04
7177,Kelly Rojas,kelly.540@hotmail.com,55,Houston,2026-06-26
1213,Michelle Harris,michelle.4315@example.com,52,Barcelona,2024-07-12
2641,Michelle Phelps,michelle.1583@yahoo.com,64,Chicago,2023-04-02
1209,Louis Brown,louis.5919@outlook.com,48,Sao Paulo,2024-10-11
5873,Victoria Burgess,victoria.7785@example.com,57,Houston,2023-04-09
711,Lydia Pham,lydia.6517@yahoo.com,79,Munich,2025-11-21
7508,Alicia Hansen,alicia.3717@gmail.com,73,Birmingham,2025-08-12
1083,Jean Gray,jean.6438@yahoo.com,47,Melbourne,2023-10-06
7913,Justin Garcia,justin.3583@outlook.com,50,Mumbai,2024-11-30
8790,David Armstrong,david.8415@yahoo.com,35,Paris,2023-08-21
516,Jennifer Hernandez,jennifer.2296@example.com,36,London,2024-01-11
1296,Joseph Price,joseph.9615@gmail.com,48,New York,2025-01-08
6677,Robin Hodge,robin.1520@hotmail.com,46,Hamburg,2023-12-03
2420,Jamie Smith,jamie.1664@yahoo.com,66,Madrid,2025-12-09
5602,Troy Carrillo,troy.4661@gmail.com,68,Madrid,2023-09-28
4023,Tina Blair,tina.6698@hotmail.com,59,Sydney,2026-03-05
9187,Kimberly Doyle,kimberly.6489@yahoo.com,71,Alexandria,2024-09-10
4077,Angela Gonzales,angela.7204@gmail.com,71,Mexico City,2025-10-21
1290,Timothy Andrews,timothy.6671@example.com,24,Madrid,2024-08-27
3101,Charles Rodriguez,charles.245@yahoo.com,67,Tokyo,2025-04-26
7534,Amy Hicks,amy.5174@outlook.com,24,Cairo,2024-04-04
9649,James Nolan,james.7547@gmail.com,37,Houston,2025-09-21
1024,Robin Andrews,robin.9923@yahoo.com,44,Melbourne,2025-06-27
377,Noah Porter,noah.9915@hotmail.com,71,Sao Paulo,2024-04-04
5329,Debra Leonard,debra.2691@outlook.com,66,London,2026-03-08
7897,Dawn Allen,dawn.1715@gmail.com,37,Giza,2024-05-28
3384,Adam Foley,adam.9209@outlook.com,26,London,2025-10-10
8001,Diana Bender,diana.8764@outlook.com,28,Riyadh,2022-10-20
6780,Cody Lopez,cody.8925@example.com,44,Singapore,2025-03-03
5172,David Jacobs,david.431@gmail.com,56,Alexandria,2024-04-04
7997,Charles Wade,charles.8781@outlook.com,79,London,2026-05-31
4493,Kari Steele,kari.2619@outlook.com,80,Mumbai,2025-11-25
3277,Elizabeth Hughes,elizabeth.3972@yahoo.com,62,Giza,2023-07-18
6619,Janice Stokes,janice.4140@hotmail.com,51,New York,2025-05-19
2213,Christopher Dudley,christopher.2960@yahoo.com,65,Lyon,2024-10-17
1045,Holly Jimenez,holly.6558@outlook.com,35,Melbourne,2023-07-21
4277,Steven Davis,steven.29@example.com,18,Cairo,2024-11-09
4889,Ashley Gilbert,ashley.1938@hotmail.com,33,Paris,2026-08-12
2527,Billy Wallace,billy.4999@outlook.com,33,Vancouver,2024-10-02
6986,Natalie Caldwell,natalie.8180@yahoo.com,79,Bangalore,2023-05-17
6292,Katherine Morton,katherine.5166@yahoo.com,-5,Madrid,2023-09-25
65,Sherry Wood,sherry.1443@hotmail.com,34,Toronto,2023-05-05
7224,Paula Case,paula.4826@yahoo.com,43,Sao Paulo,2023-12-01
3269,Paul Rodriguez,paul.2258@example.com,47,New York,2025-04-09
9414,Sarah Turner,sarah.9620@outlook.com,61,Riyadh,2025-07-26
5892,Travis Hughes,travis.9007@outlook.com,19,Berlin,2024-08-22
6909,Rebecca Elliott,rebecca.3671@example.com,79,Lyon,2025-11-27
1124,Steve Miller PhD,steve.2848@example.com,25,Berlin,2022-12-14
6805,Melissa Lane,melissa.3886@hotmail.com,52,Bangalore,2023-05-17
3197,Robert Smith,robert.2356@gmail.com,58,Barcelona,2023-10-03
9111,Erica Smith,erica.1448@hotmail.com,39,Chicago,2023-11-09
8419,Charles Jones,charles.6315@outlook.com,40,Barcelona,2024-07-30
695,Michael Mckenzie,michael.2282@yahoo.com,70,Houston,2025-07-01
3180,Jaclyn Waller,jaclyn.9106@outlook.com,30,Dubai,2022-12-18
9584,Melody Cuevas,melody.1351@hotmail.com,33,Tokyo,2026-08-12
6608,Stacey Berger,stacey.9528@example.com,69,Madrid,2024-02-09
7222,Diane Douglas,diane.3411@example.com,30,Singapore,2024-07-03
1061,Laura Sweeney,laura.8124@yahoo.com,22,Singapore,2022-12-30
8225,Clayton Johnson,clayton.8078@hotmail.com,55,Barcelona,2024-04-09
5623,Christopher Morris,christopher.1399@outlook.com,45,Tokyo,2025-09-27
6409,Jamie Watson,jamie.536@example.com,68,Osaka,2023-07-27
9177,Theresa Knapp,theresa.1931@example.com,57,Paris,2023-08-12
118,Taylor Silva,taylor.6952@hotmail.com,-5,Tokyo,2025-06-29
4772,Blake Owens,blake.1645@gmail.com,44,Delhi,2025-12-25
2623,Justin Day,justin.7943@outlook.com,22,Giza,2024-01-15
4250,Annette Pope,annette.7810@yahoo.com,22,Mumbai,2025-08-12
9119,Terry Richards,terry.4318@outlook.com,79,Sydney,2024-11-16
5835,Anne Jones,anne.7844@hotmail.com,32,Munich,2025-07-18
5508,Joshua Castillo,joshua.3639@outlook.com ,46,Osaka,2023-06-07
2405,Mary Mack,mary.1879@gmail.com,52,Chicago,2023-05-01
3846,Wanda Walker,wanda.1900@example.com,69,Sydney,2024-07-03
9427,Mr. John Gay,mr..9738@example.com,75,Mexico City,2024-05-31
3284,Angela Ramsey,angela.8266@gmail.com,76,Los Angeles,2025-07-28
8628,Erin Hall,erin.5157@hotmail.com,58,Sydney,2022-11-06
8994,Angela Walker,angela.5747@yahoo.com,37,Giza,2025-01-02
1139,Elizabeth Evans MD,elizabeth.654@hotmail.com,42,Sao Paulo,2026-02-18
4059,Alexis Wells,alexis.7676@example.com,59,Houston,2024-10-10
2341,Paul Ross,paul.6390@yahoo.com,-5,Madrid,2024-12-07
3201,Donald Hill,donald.1521@gmail.com,49,Tokyo,2025-07-14
785,Sherry Johnson,sherry.7484@gmail.com,41,Houston,2023-06-25
368,Jessica Norris,jessica.908@gmail.com,51,Los Angeles,2024-02-12
1600,Christopher Black,christopher.4557@example.com,58,Madrid,2026-08-03
7454,Kathryn Clements,kathryn.4335@hotmail.com,35,Houston,2023-04-14
7748,Sarah Jennings,sarah.3164@example.com,80,Lyon,2024-06-15
7660,Justin Tyler,justin.4348@gmail.com,63,Berlin,2024-02-15
702,Lauren Green,lauren.2079@yahoo.com,33,Los Angeles,2025-12-17
4955,Tony Thomas,tony.71@example.com,32,Alexandria,2023-02-14
7324,Mary Murray,mary.3222@outlook.com,29,Hamburg,2025-08-03
8650,Alexander Hendricks,alexander.1325@example.com,32,Toronto,2025-05-25
7898,Robin Wells,robin.5056@outlook.com,78,Alexandria,2022-10-30
3721,Rhonda Garcia,rhonda.8558@example.com,59,Singapore,2026-01-12
2357,Wesley Brown,wesley.5920@outlook.com,24,Los Angeles,2022-10-06
4372,Shannon White,shannonAThotmail.com,34,Osaka,2026-07-18
9526,Maria Simmons,maria.1207@example.com,26,Alexandria,2024-04-27
6235,Vanessa Boone,vanessa.7045@outlook.com,61,Toronto,2026-01-26
8327,Lynn Bishop,lynn.9073@yahoo.com,69,Mumbai,2025-12-09
1561,Laura Lewis,laura.1084@yahoo.com,77,Mexico City,2026-07-23
2591,John Davis,john.4770@example.com,22,Hamburg,2023-02-28
1468,Nicholas Wallace,nicholas.4@gmail.com,80,Birmingham,2026-09-06
3532,Joseph Nelson,joseph.5790@example.com,63,Alexandria,2025-11-20
3630,Teresa Middleton,teresa.1898@yahoo.com,47,Mexico City,2023-06-13
5330,Peter Hunter,peter.17@gmail.com,60,Tokyo,2024-06-03
3722,Pamela Aguirre,pamela.6275@hotmail.com,54,Singapore,2023-12-19
2942,Brittany Dunlap,brittany.855@hotmail.com,31,Birmingham,2025-02-23
8844,Paul Nelson,paul.756@example.com,45,Delhi,2025-11-05
2379,Cody Yoder,cody.8009@gmail.com,25,Madrid,2023-04-12
132,Michael Elliott,michael.2696@hotmail.com,76,Melbourne,2023-08-01
5390,Albert Rogers,albert.376@outlook.com,68,Delhi,2026-01-09
9387,Steven Bowen,steven.8250@hotmail.com,30,Mumbai,2022-10-04
5449,Jacob Hicks,jacob.5536@outlook.com,29,Sao Paulo,2023-07-19
1173,Sharon Smith,sharon.3618@example.com,71,Manchester,2026-03-07
2499,William Hale,william.7141@example.com,79,Riyadh,2025-04-23
641,Brenda Moreno MD,brenda.4240@yahoo.com,50,Bangalore,2025-04-23
2247,Roberto Smith,roberto.4922@yahoo.com,51,Munich,2026-02-14
9797,Gregory Morris,gregory.9682@hotmail.com,50,Manchester,2026-07-23
9057,Catherine Short,catherine.8501@gmail.com,42,Hamburg,2024-08-15
7791,Larry Crosby,larry.3477@example.com,59,Munich,2023-08-04
3991,Brittany Barber,brittany.1197@yahoo.com,48,New York,2024-04-11
7163,Daniel Lewis,daniel.4395@example.com,43,Barcelona,2022-10-31
5357,Laura Wood,laura.5148@hotmail.com,63,Sao Paulo,2023-12-07
8575,Damon Rodriguez DDS,damon.9739@yahoo.com,51,Mexico City,2024-12-28
2854,Daniel Shaw,daniel.6665@gmail.com,39,Riyadh,2026-02-19
4476,Christopher Martin,christopher.8014@hotmail.com,52,Bangalore,2025-11-24
5224,Erica Conley,erica.2317@gmail.com,23,New York,2023-10-02
5065,Scott Clark,scott.8677@gmail.com,55,Hamburg,2023-09-18
8782,Nicholas Todd,nicholas.3720@gmail.com,66,Vancouver,2025-08-29
1806,Isaiah Blake,isaiah.8771@hotmail.com,39,Mumbai,2026-03-31
8940,Devin Williams,devin.4559@hotmail.com,66,Sao Paulo,2024-04-02
4868,Emily Douglas,emily.2714@outlook.com,25,Giza,2023-10-29
3541,Melinda Anderson,melinda.511@yahoo.com,41,Alexandria,2023-08-01
3264,Shirley Mooney,shirley.6044@example.com,18,Sao Paulo,2024-11-19
2790,Valerie Porter,valerie.862@yahoo.com,72,Paris,2023-02-26
2149,Sherry Gibbs,sherry.2626@outlook.com,58,Toronto,2024-07-13
3742,Richard Johnson,richard.5915@example.com,30,Cairo,2026-06-16
9029,Isabella Henderson,isabella.7884@yahoo.com,57,Madrid,2025-05-03
1079,John Smith,john.1742@gmail.com,75,Chicago,2026-05-26
3392,Terri Gomez,terri.1996@hotmail.com,43,Paris,2025-02-17
9413,Austin Rodriguez,austin.4585@yahoo.com,37,Toronto,2023-08-21
4109,David Small,david.2782@yahoo.com,24,Cairo,2022-10-10
2724,Rodney Bishop,rodney.1807@outlook.com,54,Melbourne,2025-09-19
7188,Gregory Scott,gregory.9890@yahoo.com,65,Dubai,2025-09-04
6649,Karen Allen,karen.7827@yahoo.com,38,Sao Paulo,2025-06-02
9541,Alicia Clark,alicia.4900@example.com,69,Hamburg,2025-10-17
4839,William Christian,william.7641@outlook.com,41,Osaka,2023-11-29
7013,Stacey Washington,stacey.4529@hotmail.com,59,Melbourne,2025-11-16
3310,Shannon Solis,shannon.51@gmail.com,29,Lyon,2023-06-19
7126,Victor Madden,victor.6463@example.com,43,Los Angeles,2023-10-04
7446,Brian Arias,brian.6865@example.com,18,Munich,2023-04-20
2887,David Clark,david.7351@yahoo.com,61,Sao Paulo,2023-12-03
7388,Michelle Santos,michelle.765@outlook.com,48,Singapore,2026-05-18
7146,Troy Baker,troy.5150@yahoo.com,61,Riyadh,2024-03-07
2160,Ashley Reese,ashley.1816@yahoo.com,33,Lyon,2024-03-28
7205,Alicia Hill,alicia.8940@gmail.com,60,Delhi,2024-10-26
4620,Melinda Nguyen,melinda.2256@hotmail.com,77,Vancouver,2025-02-05
3481,Tyler Lang,tyler.2959@hotmail.com,20,Toronto,2023-10-21
2238,Brandon Edwards,brandon.7806@hotmail.com,54,Dubai,2026-06-12
1935,Janet Davidson,janet.2635@example.com,36,Chicago,2023-08-22
4521,Maria Arnold,maria.7907@example.com,27,Sydney,2023-02-05
7137,Christian Lambert,christian.6660@gmail.com,69,Manchester,2023-06-24
6590,Nancy Powers,nancy.7344@yahoo.com,37,Dubai,2026-03-03
313,Steven Cooper,steven.6117@hotmail.com,65,Cairo,2025-07-26
2103,Steve Lopez,steve.4946@example.com,69,Birmingham,2024-02-16
838,Mary Nelson,mary.7941@hotmail.com,76,Barcelona,2025-02-17
4093,Kristen Smith,kristen.6385@outlook.com,0,Mexico City,2025-06-15
9866,Brandi Douglas,brandi.3222@yahoo.com,22,Alexandria,2024-06-27
5668,Randy Gardner,randy.4359@outlook.com,44,Munich,2023-10-28
618,Wendy Camacho,wendy.5444@example.com,42,Sydney,2023-03-21
5747,Cameron West,cameron.3735@example.com,20,Osaka,2024-05-19
4433,Steven Duncan,steven.6237@yahoo.com,75,Paris,2023-03-24
349,Linda Smith,linda.4265@outlook.com,31,Dubai,2024-10-08
3335,Heather Daniels,heather.8928@outlook.com,79,Osaka,2023-12-30
6614,Ryan Jordan,ryan.5353@yahoo.com,25,Melbourne,2025-09-09
6523,Nathaniel Burns,nathaniel.1798@example.com,38,Manchester,2023-11-25
6121,Jeffrey Stokes,jeffrey.6152@example.com,78,Los Angeles,2025-12-16
2090,Melissa Sullivan,melissa.9634@gmail.com,38,Berlin,2025-03-05
8761,Melissa Avila,melissa.8921@example.com,48,Bangalore,2025-03-05
110,Linda Dodson DVM,linda.9273@yahoo.com,28,Chicago,2025-02-28
7273,Yvonne Murray,yvonne.5465@example.com,68,Sydney,2025-10-23
4562,Annette Fernandez,annette.3279@example.com,20,Houston,2024-09-28
5645,Larry Larson,larry.8469@gmail.com,69,Bangalore,2022-11-02
7391,Kimberly Nolan,kimberly.8253@outlook.com,43,Cairo,2025-05-18
6357,Ashley Herring,ashley.6989@hotmail.com,33,Giza,2025-04-14
2246,Lisa Schneider,lisa.7826@hotmail.com,27,Los Angeles,2025-09-03
6440,Kyle Walsh,kyle.8851@hotmail.com,47,Giza,2024-04-20
8588,David Cantrell,david.1951@example.com,19,Berlin,2022-09-21
7087,Deborah Edwards,deborah.3611@gmail.com,18,Birmingham,2026-01-26
4251,Harold Lozano,harold.5807@gmail.com,79,Bangalore,2025-11-07
49,Jessica Callahan,jessica.5040@example.com,65,Melbourne,2024-11-29
3459,Teresa Clark,teresa.5401@gmail.com,33,Paris,2024-08-08
6494,Charles Jensen,charles.4392@yahoo.com,46,Sao Paulo,2026-06-05
7652,Justin French,justin.5983@gmail.com,999,Vancouver,2025-05-06
402,Elizabeth Jones,elizabeth.7711@hotmail.com,52,Cairo,2022-12-13
9747,Mary Hughes,mary.1208@gmail.com,76,Madrid,2023-04-05
1155,Kenneth Williams,kenneth.7392@outlook.com,45,Toronto,2024-04-22
8344,Brian Marshall,brian.9466@hotmail.com,63,Vancouver,2025-03-20
7725,Melissa Williams,melissa.3128@example.com,60,Vancouver,2023-10-29
1338,Marcia Blanchard,marcia.1578@outlook.com,65,Toronto,2024-06-08
2817,Heather Stevens,heather.9388@example.com,48,Manchester,2026-05-12
7903,Katelyn Anderson,katelyn.614@example.com,58,Hamburg,2022-11-14
2944,Steven Stanton,steven.1651@outlook.com,29,Manchester,2026-04-14
9722,Mrs. Mariah Jones,mrs..913@gmail.com,28,Los Angeles,2024-05-27
397,Michelle Jacobs,michelle.8164@example.com,47,Paris,2026-01-29
4486,Janice Chang,janice.3014@yahoo.com,24,Cairo,2023-11-02
3315,Sara Ward,sara.7776@outlook.com,39,Cairo,2023-08-12
6249,Ashley Barnes,ashley.3566@outlook.com,51,Sydney,2023-02-16
4676,Ashley Miller,ashley.2281@yahoo.com,65,Mexico City,2023-09-11
8478,Raymond Gallagher,raymond.5482@outlook.com,68,Riyadh,2026-06-28
5188,Sarah Harrell,sarah.2006@outlook.com,34,Melbourne,2025-08-20
3170,Kevin White,kevin.3205@outlook.com,78,New York,2023-02-02
5767,David Oconnell,david.1036@outlook.com,66,Bangalore,2024-11-18
4774,Samantha Howard,samantha.6300@example.com,66,Berlin,2024-11-14
166,Joseph Hayes,joseph.423@yahoo.com,18,Vancouver,2024-06-24
864,Ryan Grant,ryan.7983@hotmail.com,29,Delhi,2026-08-30
6681,Andrew Hahn,andrew.4847@gmail.com,71,Sydney,2026-01-22
4959,Ryan Powell,ryan.8955@outlook.com,19,Lyon,2024-12-03
5744,Charles Smith,charles.8958@yahoo.com,18,Lyon,2024-05-12
7311,Kathleen Ruiz DVM,kathleen.6849@gmail.com,48,Munich,2026-01-09
5633,Jacob Green,jacob.5051@example.com,22,Vancouver,2026-03-16
5392,Luis Nelson,luis.7024@outlook.com,61,Sao Paulo,2025-04-24
4547,Kimberly Lee,kimberly.8566@yahoo.com,78,Delhi,2024-04-17
3527,Joshua Baker,joshua.2407@example.com,59,Alexandria,2025-01-27
4916,Crystal Pierce,crystal.3450@yahoo.com,N/A,Los Angeles,2023-01-31
2793,Sharon Cowan,sharon.5529@outlook.com,61,Paris,2026-02-27
9811,Kenneth Hansen,kenneth.5844@hotmail.com,72,Barcelona,2023-11-16
6685,Bradley Baker,bradley.9881@yahoo.com,20,Toronto,2026-06-07
2331,Janice Guzman,janice.948@example.com,80,Birmingham,2024-10-26
6478,Brittany Hughes,brittany.6156@yahoo.com,42,Mumbai,2025-01-06
943,Stephanie Cooper,stephanie.6127@gmail.com,50,Sydney,2024-05-11
1812,Lori Cook,lori.4897@outlook.com,75,New York,2023-09-17
1235,Lisa Rodriguez,lisa.2795@yahoo.com,71,Munich,2025-08-18
6456,,susan.9811@gmail.com,69,Mexico City,2023-12-04
3516,Alexander Zavala,alexander.9962@gmail.com,25,Birmingham,2024-01-08
6877,Aaron Young,aaron.4999@outlook.com,69,Melbourne,2025-01-22
1112,Denise Guerra,denise.530@hotmail.com,70,Hamburg,2026-05-15
5904,Marvin Cooper,marvin.8975@gmail.com,70,Birmingham,2026-09-10
8522,Alan Taylor,alan.3615@outlook.com,44,Munich,2025-11-22
4058,Jasmine Brown,jasmine.8414@gmail.com,54,Sao Paulo,2025-10-02
6300,Tom Henderson,tom.738@hotmail.com,38,Manchester,2026-05-03
4162,Timothy Glass,timothy.9732@gmail.com,21,Singapore,2025-11-21
6108,Curtis Reyes,curtis.9962@yahoo.com,22,Vancouver,2025-03-05
4782,Paul Gonzales,paul.3394@yahoo.com,38,Vancouver,2025-05-04
2926,Candice Morris,candice.4624@outlook.com,23,SINGAPORE,2024-12-30
2659,Joseph Schmidt,joseph.218@yahoo.com,19,Dubai,2026-03-30
1492,Ashley Moore,ashley.9425@example.com,23,London,2023-08-06
7785,Dean White,dean.3305@yahoo.com,51,Munich,2022/10/05
1603,Michael Serrano,michael.532@example.com,71,Dubai,2025-11-28
7045,Elizabeth Dean,elizabeth.8584@hotmail.com,73,Vancouver,2024-10-02
4987,Linda Martin,linda.6378@outlook.com,24,Sydney,2025-10-18
7893,Alexandria Martinez,alexandria.1534@example.com,48,Dubai,2026-03-27
5567,John Fowler,john.7629@example.com,50,Lyon,2025-03-04
1885,James Ferguson,james.657@outlook.com,64,Singapore,2023-06-19
6390,Lisa Jones,lisa.1881@yahoo.com,64,,2023-06-20
5285,Alyssa Brooks,alyssa.779@example.com,41,Barcelona,2023-07-04
5821,Melissa West,melissa.2898@hotmail.com,,New York,2024-08-03
5474,Katelyn Yang,katelyn.751@gmail.com,79,Dubai,2026-05-28
1080,Karen Smith,karen.8068@yahoo.com,70,Delhi,2024-06-06
5980,Ashley Nunez,ashley.5758@example.com,59,Delhi,2024-07-31
5466,Andrew Cunningham,andrew.618@gmail.com,71,Vancouver,2023-01-24
995,Jane Chapman,jane.2955@gmail.com,49,Toronto,2025-09-04
9497,Daniel Schmidt,daniel.318@hotmail.com,23,Delhi,2023-12-30
9794,Stephanie Dunn,stephanie.4762@example.com,43,Hamburg,2025-08-05
520,Nathan Freeman,nathan.4924@hotmail.com,21,Madrid,2026-05-18
5270,James Williams,james.3582@hotmail.com,75,Toronto,2025-07-29
6812,Brenda Harrison,brenda.3413@example.com,50,Singapore,2026-01-11
8693,Pamela Garcia,pamela.2410@example.com,25,Mexico City,2023-02-27
3536,David Chase,david.5338@example.com,41,Melbourne,2023-03-18
4542,Jennifer Lynch,jennifer.5352@example.com,71,Singapore,2026-08-14
966,Nancy Webb,nancy.9199@example.com,56,Birmingham,2024-02-23
903,Rebecca Roberts,rebecca.4342@gmail.com,59,Madrid,2025-05-14
1377,Christopher Williams,christopher.8060@outlook.com,37,Cairo,2023-12-10
765,Carrie Joyce,carrie.5681@example.com,51,Sydney,2026-08-07
5520,Mr. Mark Landry,mr..4300@outlook.com,28,Houston,2022-10-08
6937,Amanda Brown,amanda.5216@gmail.com,60,Dubai,2024-12-12
2606,Joseph Heath,joseph.7477@hotmail.com,62,Melbourne,2023-08-18
3518,Heidi Davis,heidi.2930@outlook.com,47,Cairo,2023-10-07
602,Adam Taylor,adam.4420@gmail.com,26,Giza,2025-12-21
3036,Kathleen Munoz,kathleen.6309@hotmail.com,38,Paris,2026-09-13
6801,Henry Rosario,henry.2837@example.com,52,Singapore,2024-07-24
4849,Lisa Ramos,lisa.9202@hotmail.com,21,Cairo,2026-09-13
3182,Shane Edwards,shane.9468@outlook.com,26,Mexico City,2026-05-16
488,Danielle Reed,danielle.8526@outlook.com,25,Mumbai,2023-10-24
1881,Jennifer Osborne,jennifer.7015@yahoo.com,33,Toronto,2024-11-10
8228,Frank Nunez,frank.11@outlook.com,56,Mexico City,2023-01-28
269,Maurice Brooks,maurice.5941@hotmail.com,29,Mexico City,2023-04-28
5905,Samuel Russell,samuel.3103@hotmail.com,42,Sydney,2023-07-22
1076,Emily Reed,emily.5953@outlook.com,25,New York,2024-11-13
6068,Danny Neal,danny.7197@outlook.com,34,Alexandria,2026-04-29
6464,Mark Wilkinson,mark.1954@example.com,47,Mexico City,2026-01-30
8717,Raymond Marquez,raymond.779@hotmail.com,18,Dubai,2023-05-31
1486,Dylan Moreno,dylan.9869@gmail.com,58,Singapore,2026-06-15
5657,Philip Hodges,philip.7129@yahoo.com,40,Madrid,2023-02-03
560,Brian Torres,brian.3792@gmail.com,63,Los Angeles,2026-07-04
871,Justin Smith,justin.5214@example.com,32,Riyadh,2023-01-27
7665,Kristina Casey,kristina.8709@outlook.com,45,Mexico City,2024-02-19
3184,Cory Martinez,cory.5213@example.com,28,Munich,2023-12-31
7609,Patrick Moore,patrick.5953@yahoo.com,80,Cairo,2026-01-16
4432,Debra Wright,debra.175@example.com,19,Birmingham,2023-02-15
7220,Melinda Williams,melinda.9518@example.com,70,Madrid,2023-01-27
3678,Jennifer Burgess,jennifer.1371@gmail.com,53,Chicago,2026-01-11
5869,Ronald Cuevas,ronald.4164@hotmail.com,76,Mumbai,2022-11-09
1266,Emily Lane,emily.1952@yahoo.com,46,Sydney,2023-12-17
3157,Paul Brown,paul.8888@outlook.com,51,Singapore,2022-12-17
2858,Lawrence Brooks,lawrence.6180@yahoo.com,42,Mexico City,2023-02-12
4553,Rodney Avila,rodney.1466@yahoo.com,,Chicago,2026-06-11
4278,Benjamin Johnson,benjamin.5356@outlook.com,37,Cairo,2023-05-11
7963,  Seth Ballard  ,seth.2691@yahoo.com,33,Singapore,2023-11-20
4064,Robert Jones,robert.4814@gmail.com,57,Melbourne,2025-08-19
3860,Kayla Rowe,kayla.7320@hotmail.com,37,Riyadh,2025-05-22
8775,Paul Greene,paul.4101@outlook.com,38,Berlin,2023-08-21
5540,William Hogan,william.6750@yahoo.com,N/A,New York,2023-05-06
3916,Michael Carlson,michael.8728@hotmail.com,66,Hamburg,2023-03-23
1747,,seth.9792@hotmail.com,64,Sydney,2025-01-01
7317,Mrs. Lindsey Gilbert,mrs..2403@yahoo.com,61,New York,2026-05-18
8432,Cassandra Mcdaniel,cassandra.7897@hotmail.com,53,Alexandria,2023-08-25
7521,Robert Atkinson,robert.4277@example.com,75,Dubai,2023-03-03
339,Brittany Kim,brittany.9955@outlook.com,20,Los Angeles,2026-06-30
7140,Katherine Frey,katherine.5483@hotmail.com,67,London,2026-08-09
6995,Kyle Williams,kyle.6557@yahoo.com,72,Los Angeles,2024-02-29
6322,Mark Hunter,mark.9863@yahoo.com,26,Hamburg,2022-11-05
9131,Melissa Smith,melissa.860@outlook.com,59,Los Angeles,2024-06-22
345,Aaron Miller,aaron.6013@outlook.com,-5,Riyadh,2023-09-25
8899,Frances Reed,frances.3902@hotmail.com,31,Paris,2024-03-05
1337,Tonya Vega,tonya.4167@outlook.com,71,Riyadh,2022-11-15
2892,James Olsen,james.5538@yahoo.com,71,Madrid,2023-01-30
4723,Alison Faulkner,alison.1491@outlook.com,80,Toronto,2025-12-07
2290,Christian Brooks,christian.7676@yahoo.com,74,Birmingham,2025-12-23
1596,Katie Bell,katie.9962@outlook.com,33,Houston,2025-02-12
8292,Richard Ward,richard.5639@yahoo.com,26,Bangalore,2025-09-27
9400,Amber Johnson,amber.8077@gmail.com,72,Paris,2024-01-09
8503,Andrea Miller,andrea.6409@gmail.com,23,Birmingham,2026-03-31
8221,Troy Gibson,troy.7285@hotmail.com,77,Sao Paulo,2023-02-11
7602,Danielle Alvarado,danielle.2255@yahoo.com,23,Hamburg,2024-04-08
1803,Justin Gibson,justin.8040@outlook.com,45,Berlin,2026-06-18
4842,Nicholas Vasquez,nicholas.1660@hotmail.com,41,Alexandria,2023-04-22
1260,Cheryl Mclean,cheryl.4515@outlook.com,66,Houston,2025-08-22
686,Stephanie Meyer,stephanie.9384@gmail.com,35,Singapore,06-Jul-2025
8125,Brian Mcdowell,brian.9867@gmail.com,33,Birmingham,2023-10-03
4917,Robert Gilmore,robert.2544@gmail.com,23,Alexandria,2023-10-25
831,Jennifer Perez,jennifer.568@example.com,57,Dubai,2025-08-14
7059,Nicole Gardner,nicole.9636@outlook.com,34,Paris,2023-04-03
4018,Brent Stewart,brent.7733@hotmail.com,41,Los Angeles,2022-11-02
9026,Veronica Munoz,veronica.2957@example.com,63,Chicago,2024-09-12
2996,Cindy Smith,cindy.7527@yahoo.com,70,Tokyo,2023-09-08
6402,Pamela Myers,pamela.3122@outlook.com,28,Sao Paulo,2026-06-19
5861,Lindsay White,lindsay.3185@gmail.com,42,Dubai,2025-06-10
4576,Franklin Harris,franklin.4971@hotmail.com,47,Alexandria,2025-03-06
6846,Andrew Miller,andrew.6269@example.com,45,New York,2024-06-28
6154,Kimberly Savage,kimberly.8699@yahoo.com,25,Mexico City,2026-09-15
1335,Michael Wells,michael.9304@gmail.com,43,New York,2023-04-17
5793,Ms. Jenny Miller,ms..6731@yahoo.com,24,Lyon,2024-12-29
7637,Stacey Bruce,stacey.1484@gmail.com,53,Cairo,2025-08-28
4895,Holly Bell,holly.140@yahoo.com,52,Munich,2026-03-06
1210,Ronald Hayes,ronald.7449@gmail.com,20,Riyadh,2025-08-07
5000,Kimberly Brewer,kimberly.1909@example.com,26,Paris,2023-03-14
9305,Hunter Lang,hunter.6639@yahoo.com,38,Paris,2026-09-13
5260,Mr. Jerry Robinson,mr..6480@outlook.com,45,Mexico City,2024-04-06
94,Erik Charles,erik.2069@example.com,79,Barcelona,2025-08-03
4394,Maria Sullivan,maria.7678@yahoo.com,73,Bangalore,2024-12-22
9437,Sherry Kemp,sherry.406@yahoo.com,55,Cairo,2023-11-10
3957,Lauren Stephens,lauren.5025@yahoo.com,54,Riyadh,2026-06-23
630,Scott Alexander,scott.6704@outlook.com,26,Riyadh,2022-09-17
4035,Michael Brown,michael.6145@gmail.com,24,Alexandria,2026-01-15
5409,Jacqueline Holden,jacqueline.9135@example.com,52,Singapore,2024-10-29
7255,Nicole Cameron,nicole.2287@gmail.com,55,Riyadh,2022-10-17
3548,Travis Kim III,travis.1286@gmail.com,79,Sao Paulo,2024-06-11
4110,Jasmin Hamilton,jasmin.5713@yahoo.com,23,Munich,2023-03-03
668,Ian Porter,ian.2195@hotmail.com,25,London,2024-12-23
3589,Andrew Thompson,andrew.5220@yahoo.com,79,Los Angeles,2026-01-30
4361,Scott James,scott.1701@yahoo.com,18,Berlin,2023-02-08
3374,Thomas Davis,thomas.9267@hotmail.com,21,Singapore,2025-06-28
4722,Brandy Henry,brandy.9405@yahoo.com,48,Toronto,2024-07-10
9581,Matthew Murray,matthew.8827@yahoo.com,71,Sydney,2024-12-23
1824,Kurt Jones,kurt.2320@outlook.com,59,Cairo,2025-11-13
4859,Wayne Keller,wayne.7207@hotmail.com,27,Los Angeles,2023-10-25
7007,Jonathan Clark,jonathan.5034@outlook.com,74,Bangalore,2025-12-26
8302,Jessica Sutton,jessica.7013@hotmail.com,21,Vancouver,2022-09-24
6660,Allen Miller,allen.5457@hotmail.com,31,New York,2023-08-09
5504,Daniel Garrison,daniel.2985@gmail.com,36,Birmingham,2025-11-18
778,Alicia Roth,alicia.6871@yahoo.com,38,London,2023-12-03
4716,Amanda Simpson,amanda.6444@hotmail.com,47,Riyadh,2023-10-02
7987,Sarah Mosley,sarah.2439@hotmail.com,23,New York,2022-09-29
2753,Dean Turner,dean.2346@example.com,74,Barcelona,2024-10-07
2919,Brandon Powell,brandon.6552@example.com,64,Sao Paulo,2026-04-04
297,Anita Richard,anita.4701@outlook.com,62,Melbourne,2023-09-07
3062,Shawn Doyle,shawn.984@gmail.com,56,Singapore,2023-10-20
5932,Olivia Bradley,olivia.9251@example.com,43,Chicago,2025-07-01
6426,Ana Perry,ana.164@yahoo.com,19,London,2026-07-18
5124,James White,james.125@yahoo.com,41,Alexandria,2025-03-06
3287,Jason Smith,jason.3080@gmail.com,35,Munich,2023-03-23
1554,Anthony Davies,anthony.7809@yahoo.com,50,Tokyo,2024-04-26
950,Emily Hayes,emily.7606@example.com,,Riyadh,2025-03-05
4739,Richard Larsen,richard.8143@hotmail.com,33,Berlin,2025-04-13
6314,Nathan Mcintyre,nathan.1472@yahoo.com,37,Giza,2022-11-28
4655,Lori Jordan,lori.634@outlook.com,66,Osaka,2026-08-06
4978,Gregory Williams,gregory.2001@outlook.com,60,Dubai,2026-08-11
2419,Krystal Carter,krystal.4410@example.com,79,Barcelona,2025-09-24
4897,Robert Taylor,robert.2489@gmail.com,18,Paris,2026-03-20
743,Marilyn Mcdaniel,marilyn.9944@example.com,30,Bangalore,2023-05-12
6623,Dustin Webster,dustin.8862@example.com,33,Dubai,2025-08-22
5359,Alexander Shelton,alexander.6576@gmail.com,47,Madrid,2024-10-08
8368,David Crawford,david.4420@hotmail.com,22,Delhi,2023-09-17
3153,Angela Lopez,angela.6067@hotmail.com,19,Birmingham,2023-12-30
449,Timothy Johns,timothy.861@gmail.com,44,Toronto,2024-08-14
4579,Edward Taylor,edward.5078@gmail.com,31,Melbourne,2026-02-26
8716,Leslie White,leslie.6498@gmail.com,33,Riyadh,2024-12-30
759,Angelica Cooper,angelica.1084@hotmail.com,62,Munich,2024-11-16
4440,Brenda Mclaughlin,brenda.7371@gmail.com,69,Mumbai,2024-02-18
776,Melissa Williams,melissa.5964@outlook.com,76,Los Angeles,2026-04-08
8730,Joseph Thompson,joseph.9015@yahoo.com,61,Bangalore,2024-11-13
9594,Sandra Miller,sandra.8246@outlook.com,33,Melbourne,2026-01-11
6641,Mr. Tony Gray,mr..4844@hotmail.com,78,Manchester,2024-10-08
2411,Melinda Gonzalez,melinda.5244@yahoo.com,44,Osaka,2023-04-03
1511,Jonathan Zimmerman,jonathan.3983@example.com,77,Los Angeles,2024-03-05
562,Robert Villarreal,robert.6115@gmail.com,57,Riyadh,2026-08-10
8204,Marie Bryant,marie.5889@outlook.com,53,Alexandria,2026-05-31
868,Jennifer Young,jennifer.4826@yahoo.com,29,Bangalore,2024-07-18
95,Eric Ortiz,eric.5440@gmail.com,73,Tokyo,2024-04-26
4249,Krista White,krista.9159@gmail.com,75,Vancouver,2024-06-08
6471,Kimberly Ewing,kimberly.4126@hotmail.com,29,Dubai,2024-04-04
1582,Katherine Brooks,katherine.3309@outlook.com,23,Manchester,2026-07-04
3948,Bryan Smith,bryan.3443@hotmail.com,24,Toronto,2023-07-04
7001,David Thomas,david.9473@gmail.com,58,Houston,2024-06-22
6435,Carlos Olsen,carlos.6066@yahoo.com,21,Giza,2026-09-14
2775,Jack Garcia,jack.8776@yahoo.com,72,Berlin,2026-04-01
4802,Monica Singh,monica.4564@yahoo.com,32,Munich,2025-03-07
1371,Joseph Flowers,joseph.8746@hotmail.com,76,Vancouver,2024-07-04
213,Mark Brennan,mark.8395@gmail.com,40,Munich,2024-06-26
6279,Tyler Butler,tyler.2645@example.com,19,Riyadh,2023-03-22
3,Allen Robinson,allen.3996@outlook.com,54,Dubai,2024-09-24
7849,Troy Clark,troy.9048@hotmail.com,69,Hamburg,2023-12-09
8498,Brenda Sanders,brenda.8495@yahoo.com,37,Berlin,2023-09-11
2571,Toni Fernandez,toni.7560@hotmail.com,68,Giza,2025-11-27
4224,Andrew Dominguez,andrew.2389@hotmail.com,52,Vancouver,2023-09-05
1831,Jonathon Conley,jonathon.3321@outlook.com,39,Sydney,2026-02-22
6676,Charles Myers,charles.773@hotmail.com,37,Dubai,2024-01-01
823,Vincent Reyes,  vincent.358@gmail.com  ,30,Osaka,2022-11-11
11,Amber Perez,amber.1525@hotmail.com,32,Berlin,2023-11-13
3286,Mrs. Emily Waters,mrs..8413@yahoo.com,67,Berlin,2026-02-16
5420,Michele Jones,michele.587@outlook.com,23,Vancouver,2025-11-15
5859,Kim Williams,kim.6342@yahoo.com,70,Alexandria,2024-10-25
5855,Micheal Wall,micheal.9095@example.com,42,Mumbai,2023-07-07
8822,Steven Weaver,,35,Barcelona,2026-02-08
4455,Stephanie Carroll,stephanie.3233@outlook.com,56,Delhi,2023-10-31
6923,Melissa Summers,melissa.380@example.com,79,Tokyo,2024-04-23
1074,Melissa Thompson,melissa.5440@example.com,67,Dubai,2025-02-06
3055,Michelle Jones,michelle.5985@yahoo.com,23,London,2023-07-11
7731,Felicia Anderson,felicia.9351@outlook.com,65,Barcelona,2022-10-14
1761,Allison Kim,allison.6278@yahoo.com,60,Hamburg,2024-05-15
1816,Antonio Johnson,antonio.3908@outlook.com,42,Giza,2023-12-18
4934,Evelyn Townsend,evelyn.2300@yahoo.com,50,Dubai,2024-04-15
4270,Anthony Giles,anthony.2907@outlook.com,74,Manchester,2025-06-29
2572,Ronnie Johnson,ronnie.5130@yahoo.com,45,Singapore,2023-07-10
9418,Antonio Wright,antonio.6885@outlook.com,39,Sao Paulo,2023-10-11
9136,Sara Bernard,sara.7328@gmail.com,66,Barcelona,2026-06-29
6788,Susan Hale,susan.4909@outlook.com,71,Manchester,2023-05-18
6454,Shannon Chavez,shannon.7687@yahoo.com,39,Lyon,2024-09-05
348,Riley Bryant,riley.9203@gmail.com,34,Singapore,2023-02-25
364,Jasmine Beltran,jasmine.5195@gmail.com,46,Hamburg,2024-09-10
5234,Lori Steele,lori.9053@example.com,75,Cairo,2022-10-17
4613,Tanya Cardenas,tanya.7742@example.com,28,Vancouver,2024-03-16
7237,Eric Morales,eric.244@outlook.com,29,Dubai,2023-09-23
575,Angela Mack,angela.6214@outlook.com,53,Paris,2025-05-04
5751,Mary Santana,mary.6962@gmail.com,57,Melbourne,2023-06-15
8021,David Allen,david.1564@outlook.com,45,Osaka,2025-09-29
4119,Rachel Johnson,rachel.2337@yahoo.com,60,Giza,2023-07-04
5818,Bradley Jones,bradley.7838@outlook.com,37,Berlin,2026-01-07
3349,Alexandra Morgan,alexandra.84@outlook.com,40,Mumbai,2025-03-17
6461,Judith Glenn,judith.7396@example.com,67,Mexico City,2024-06-14
4516,Colleen Hernandez,colleen.7581@example.com,75,Osaka,2023-12-25
2877,Spencer Stevenson,spencer.5124@gmail.com,58,Giza,2025-04-24
8242,Danny Flores,danny.7847@outlook.com,57,Dubai,2024-12-09
8075,Alexander Lewis,alexander.8952@gmail.com,44,New York,2026-07-27
8093,Rachel Mata,rachel.3361@yahoo.com,56,New York,2026-06-01
5576,William Werner,william.3442@example.com,75,Sao Paulo,2024-04-20
7252,Arthur Parker,arthur.2724@gmail.com,N/A,Vancouver,2025-09-28
4707,Andrew Garcia,andrew.6466@gmail.com,30,Mumbai,2026-09-15
5956,Evan Alvarez,evan.9971@example.com,43,Mexico City,2026-07-25
9524,Kenneth Chambers,kenneth.9983@outlook.com,60,Los Angeles,2026-03-26
6182,Sean Fisher,sean.6678@yahoo.com,58,London,2024-02-17
8280,,michael.739@outlook.com,24,Mumbai,2025-12-23
2770,Katherine Young,katherine.1437@gmail.com,23,Toronto,2026-05-24
9052,Pamela Larson,pamela.2750@gmail.com,49,Madrid,2025-01-12
949,Matthew Garcia,matthew.5905@yahoo.com,35,Vancouver,2025-03-10
1454,Eric Knapp,eric.8622@yahoo.com,54,Riyadh,2024-04-30
7628,Chelsea Robertson,chelsea.1837@example.com,59,Melbourne,2023-04-06
665,Richard Adams,richard.6432@example.com,25,Vancouver,2026-04-04
7304,Susan Rhodes,susan.2911@yahoo.com,28,Birmingham,2024-10-12
672,Timothy Mathews,timothy.6932@yahoo.com,49,Riyadh,2024-12-02
6076,Timothy Fuentes,timothy.182@gmail.com,49,Houston,2026-09-04
5383,Margaret Colon,margaret.5573@outlook.com,68,Bangalore,2024-08-11
1004,Justin King,justin.68@yahoo.com,32,Delhi,2023-12-09
4775,Andrew Rodriguez,andrew.378@example.com,66,Manchester,2025-01-04
6019,Jeremy Cohen,jeremy.8851@gmail.com,39,Toronto,2023-03-05
7884,Edward Jones,edward.8042@hotmail.com,47,Lyon,2024-11-17
9216,Michael Collins,michael.5244@example.com,26,Giza,2023-10-04
7766,Robert Yoder,robert.1956@gmail.com,71,Madrid,2023-03-10
3616,Michael Norton,michael.8139@hotmail.com,26,Houston,2024-09-22
2127,Jordan Schneider,jordan.6669@hotmail.com,60,Mumbai,2023-12-05
3297,Susan Garcia,susan.1603@gmail.com,59,Berlin,2023-04-08
3908,Jordan Mcdowell,jordan.6572@example.com,44,Vancouver,2025-12-15
1737,Jonathan Henderson,jonathan.1312@yahoo.com,64,Bangalore,2024-06-20
481,Amanda Ortiz,amanda.8999@outlook.com,66,Madrid,2025-10-14
6574,Mrs. Rebecca Martin,mrs..8078@outlook.com,24,Riyadh,2025-01-04
4813,David Gutierrez,david.2815@hotmail.com,50,Melbourne,2022-10-30
8241,James Kim,james.336@example.com,35,Houston,2024-06-26
6,Melissa Peterson,melissa.5814@hotmail.com,39,Manchester,2023-05-02
3500,William Todd,william.9991@outlook.com,49,Cairo,2024-02-12
7977,Patrick Ortiz,patrick.5481@hotmail.com,22,Bangalore,2024-09-30
8347,Marcus Douglas,marcus.6772@example.com,26,BARCELONA,2025-08-22
5095,Amanda Lam,amanda.2245@yahoo.com,44,Tokyo,2023-08-15
9904,Joel Gilbert,joel.9456@gmail.com,62,Los Angeles,2026-01-07
9501,Jennifer Brown,jennifer.2609@gmail.com,23,Bangalore,2025-02-25
7109,Matthew Davis,matthew.748@example.com,47,Chicago,2022-12-24
8356,Susan Lewis,susan.6083@gmail.com,29,Los Angeles,2026-04-10
1717,Susan Smith,susan.9670@outlook.com,58,Toronto,2023-10-30
255,David Thompson,david.2828@gmail.com,33,Delhi,2025-05-09
4473,Thomas Sparks,thomas.9326@hotmail.com,64,Melbourne,2022-11-24
4269,Mark Smith,mark.2999@gmail.com,37,Vancouver,2022-11-08
7301,Kelly Cox,kelly.1227@gmail.com,65,Singapore,2023-07-12
8769,Catherine Mullen,catherine.6818@gmail.com,61,Birmingham,2026-04-24
3702,Ann Boyd,ann.3350@example.com,78,Delhi,2023-04-17
4133,Kristin Meyer,kristin.7426@example.com,34,Madrid,2025-04-02
1927,Eugene Price,eugene.8514@hotmail.com,44,Barcelona,2024-07-18
6739,Wendy Haley,wendy.8056@example.com,23,Manchester,2023-10-21
264,Mark Kelley,mark.5083@outlook.com,26,Dubai,2024-01-05
3186,,robert.2070@example.com,25,Riyadh,2024-08-03
2914,Brandy Morrison,brandy.5427@gmail.com,28,Mumbai,2025-04-04
5620,Angela Young,angela.2654@outlook.com,32,Madrid,2026-05-23
9445,Victoria Knox,victoria.7194@example.com,41,Hamburg,2025-09-13
6720,Mr. Eric Gonzalez,mr..7501@example.com,41,Hamburg,2023-07-09
1530,Michael Stanton,michael.302@hotmail.com,61,Vancouver,2024-03-29
919,Samantha Zavala MD,samantha.3158@yahoo.com,20,Munich,2025-05-21
9102,Tina Baker,tina.9318@yahoo.com,26,Mumbai,2025-11-18
2704,Alex Lamb,alex.3971@outlook.com,20,Sao Paulo,2024-07-14
4874,Ronald Dean,ronald.9730@yahoo.com,32,Melbourne,2026-05-12
3324,Sylvia Turner,sylvia.5748@example.com,34,Mumbai,2024-11-07
4329,Todd Short,todd.6814@outlook.com,42,Manchester,2026-05-22
2058,Kelly Patton,kelly.2206@gmail.com,24,Bangalore,2025-05-07
7409,Susan Johnson,susan.6640@example.com,36,Chicago,2026-01-08
1903,Cynthia Harrell,cynthia.5990@outlook.com,57,Alexandria,2023-10-21
6345,Carmen Harris,carmen.5417@gmail.com,19,Munich,2023-02-10
2443,Arthur Rios,arthur.8012@outlook.com ,52,Giza,2024-02-13
9482,Diane Juarez,diane.9669@yahoo.com,28,New York,2025-04-14
2173,Tina Rodriguez,tina.1923@gmail.com,63,Lyon,2025-08-27
1355,Johnathan Thomas,johnathan.7378@outlook.com,28,Chicago,2025-10-14
5242,Dr. Kyle Williams,dr..6808@gmail.com,74,Dubai,2025-06-05
4983,Nathan Wagner,nathan.1416@gmail.com,28,Los Angeles,2024-11-22
6572,Madison Boyd,madison.9832@gmail.com,51,Paris,2023-03-19
3222,Diana Hawkins,diana.1686@example.com,68,Singapore,2024-10-02
2298,Brandon Kim,brandon.298@hotmail.com,74,Manchester,2025-03-23
3195,Barbara Quinn,barbara.4019@outlook.com,67,Manchester,2025-08-26
5514,Emily Brown,emily.2833@example.com,69,Melbourne,2026-03-18
6789,Mr. Leonard Jackson,mr..703@hotmail.com,79,New York,2024-02-19
8599,Lindsay Travis,lindsay.6233@example.com,75,Paris,2022-11-01
5284,Craig Marsh,craig.7398@gmail.com,56,Melbourne,2022-12-17
7812,Mary Parker ,mary.726@yahoo.com,80,Giza,2024-11-09
7050,Andrew Schaefer,andrew.9145@example.com,61,Tokyo,2026-01-17
4191,Manuel Gomez,manuel.9268@outlook.com,56,Lyon,2024-03-02
370,William Gould,william.3695@hotmail.com,78,Mexico City,2023-01-04
1964,Katherine Barker,katherine.5048@outlook.com,73,Madrid,2025-06-30
1228,Elizabeth Knapp,elizabeth.707@yahoo.com,54,Barcelona,2022-11-27
474,Laura Hernandez,laura.9387@gmail.com,34,Riyadh,2024-01-09
2650,Diana Baker,diana.1104@yahoo.com,44,Birmingham,2023-02-13
6119,Daniel Watson,daniel.5566@yahoo.com,N/A,Madrid,2026-06-19
1293,Patricia Gray,patricia.4099@outlook.com,79,Berlin,2024-09-08
3237,Anne Richardson,anne.2004@gmail.com,38,Delhi,2025-04-17
333,Julie Conley,julie.6982@yahoo.com,62,Hamburg,2024-03-07
4124,Jennifer Davis,jennifer.9457@hotmail.com,66,Osaka,2022-10-06
1756,Laura Brown,laura.2874@hotmail.com,68,Delhi,2024-12-28
9745,Dr. Brett Welch,dr..3846@outlook.com,22,Birmingham,2024-06-20
8140,John Lawrence,john.8533@example.com,69,Riyadh,2024-04-07
4163,John Brown,john.6724@yahoo.com,27,Paris,2024-02-12
7430,Christopher Harris,christopher.8373@gmail.com,39,Cairo,2023-04-26
6713,Dylan Brown,dylan.9758@example.com,39,Paris,2024-06-22
4967,Thomas Griffin,thomas.7863@gmail.com,24,Los Angeles,2025-10-28
356,Andrew Payne,andrew.2853@hotmail.com,50,London,2025-12-18
2907,Ashley Martin,ashley.6133@hotmail.com,41,Munich,2024-09-12
2163,Nicole Moore,nicole.2188@hotmail.com,29,Mumbai,2023-08-21
6679,Danielle Stephens,danielleAThotmail.com,40,Singapore,2024-04-13
2012,Jane May,jane.2333@yahoo.com,37,Los Angeles,2024-12-15
2241,Shawn Santos,shawn.6980@gmail.com,20,Lyon,2023-04-10
8109,Garrett Oliver,garrett.4460@hotmail.com,31,Paris,2025-10-30
1937,Ellen Rojas,ellen.1916@gmail.com,38,Barcelona,2025-09-27
4117,Paul Chase,paul.9360@yahoo.com,26,London,2025-04-11
4422,Edwin Rivera,edwin.1362@hotmail.com,56,Sydney,2023-10-04
6174,Erik Williams,erik.7109@gmail.com,23,Birmingham,2025-03-02
4331,Timothy Campbell,timothy.171@outlook.com,20,Delhi,2023-05-03
4862,Julie Smith,julieATyahoo.com,18,Mexico City,2025-05-20
8110,Mikayla Shah,mikayla.6870@outlook.com,60,Sydney,2023-03-03
3626,Roberto Glover,roberto.6426@example.com,40,Madrid,2024-03-18
3682,Andrew Lee,andrew.3809@gmail.com,-1,Paris,2026-09-02
6064,Ryan Jones,ryan.6678@outlook.com,54,Mexico City,2025-03-01
2482,Melanie Rojas,melanie.1066@yahoo.com,21,Sao Paulo,2024-12-02
6545,Larry Wallace,larry.9004@gmail.com,21,London,2023-11-03
4443,Kevin Burton,kevin.1754@yahoo.com,22,Chicago,2026-01-25
3625,Darren Morris,darren.4787@outlook.com,49,Sydney,2025-05-10
1568,Jennifer Wilson,jennifer.631@example.com,24,Hamburg,2023-06-24
4532,Suzanne Jimenez,suzanne.6260@example.com,28,Dubai,2025-04-06
720,Suzanne Johnson,suzanne.4490@gmail.com,59,Vancouver,2025-07-06
2825,Kristen Davis,kristen.2034@yahoo.com,79,Mumbai,2023-06-21
8766,Philip Kelly,philip.6247@yahoo.com,49,Munich,2025-08-26
8238,Justin Young,justin.3649@outlook.com,60,Madrid,2024-01-10
2718,Susan Barnett,susan.6521@hotmail.com,18,Chicago,2026-01-13
9780,Bianca Ortega,bianca.3763@yahoo.com,56,New York,2024-11-28
246,Jason Lynn Jr.,jason.617@gmail.com,41,Melbourne,2024-03-11
4691,Garrett Suarez,garrett.3317@yahoo.com,37,Los Angeles,2023-11-28
9295,Cody Sweeney,cody.6030@hotmail.com,63,Lyon,2024-06-13
1072,Shannon Nguyen,shannon.7475@hotmail.com,41,Melbourne,2024-08-12
2668,Amanda Hill,amanda.3753@hotmail.com,39,London,2024-08-16
5829,Melanie Diaz,melanie.9758@hotmail.com,46,Sao Paulo,2025-10-31
6443,Krista Hicks,krista.2170@hotmail.com,21,Osaka,2024-03-05
7906,Benjamin Watts,benjamin.4958@hotmail.com,40,Munich,2025-12-19
6097,William Salas,william.6476@gmail.com,32,Mexico City,2023-10-17
467,Michele Collins,michele.9303@yahoo.com,29,Dubai,2023-03-07
8697,Sean Fritz,sean.7002@yahoo.com,61,Dubai,2022-09-30
6293,Kelly Briggs,kelly.9203@hotmail.com,27,Cairo,2024-10-28
9435,Marcus Kaufman Jr.,marcus.9448@yahoo.com,36,Lyon,2026-07-02
4421,James Livingston,james.5255@hotmail.com,63,Sydney,2024-05-13
1916,Daniel Johnson,daniel.1076@yahoo.com,75,Osaka,2025-05-30
5642,Ricky Martin,ricky.1645@outlook.com,43,Manchester,2023-08-18
7488,Tom Rojas,tom.182@outlook.com,44,Berlin,2026-04-28
8349,Micheal May,michealAToutlook.com,73,Munich,2023-06-05
4045,Gina Stafford,gina.5919@outlook.com,65,Osaka,2024-12-29
2089,Karen Robertson,karen.6901@hotmail.com,19,,2026-09-14
2459,Cheryl Perkins,cheryl.9338@yahoo.com,74,Lyon,2025-03-24
6844,Ruth Flores,ruth.1768@example.com,71,Dubai,2025-06-14
4708,Travis Walters,travis.6123@outlook.com,46,Dubai,2023-07-13
9020,Patricia Patel,patricia.6282@example.com,74,Los Angeles,2024-08-21
3429,Deanna Holloway,deanna.1195@outlook.com,66,Vancouver,2024-12-05
2228,Kevin Christian,kevin.9868@outlook.com,23,Berlin,2023-11-14
7713,David Guzman,david.5490@example.com,38,Chicago,2023-07-27
2023,Zachary Mccarthy,zachary.4545@example.com,40,Vancouver,2024-08-15
6674,Katherine Tran,katherine.1091@gmail.com,39,Sao Paulo,2025-10-17
4021,Nicole Barton,nicole.9229@outlook.com,66,Munich,2023-03-21
9583,Yvonne Smith,yvonne.6807@outlook.com,68,Paris,2026-06-26
7752,Holly Flynn,holly.8412@example.com,51,Los Angeles,2025-01-03
9715,Sarah Hampton,sarah.4555@gmail.com,46,Barcelona,2026-08-13
8792,Alexandra Gonzalez,alexandra.1434@example.com,25,Hamburg,2023-09-26
881,Michelle Rodriguez,michelle.8079@outlook.com,40,Madrid,2024-05-14
4582,Malik Washington,malik.9861@yahoo.com,76,Paris,2024-12-16
5231,Allison Clark,allison.1375@example.com,66,Lyon,2024-03-29
2997,Logan Massey,logan.2886@yahoo.com,54,Paris,2024-05-14
9885,Patricia Reilly,patricia.2445@outlook.com,69,Hamburg,2024-02-28
9740,Alexander Jimenez,alexander.4618@hotmail.com,37,Los Angeles,2024-12-06
9268,Joseph Beltran,joseph.1927@yahoo.com,44,Chicago,2023-01-15
9678,Michael Hayden,michael.7561@gmail.com,34,Berlin,2024-02-26
2398,Jesse Donaldson,jesse.311@hotmail.com,68,Houston,2025-11-17
8163,Sarah James,sarah.1066@outlook.com,55,Madrid,2024-09-21
793,Megan Adams,megan.5039@gmail.com,31,Lyon,2024-05-07
8406,Kevin Hall,kevin.3230@gmail.com,57,Riyadh,2025-08-08
1621,Nicole Williams,nicole.9985@yahoo.com,63,Birmingham,2023-09-22
4911,Nancy Burke,nancy.5549@yahoo.com,62,Paris,2025-12-12
191,Barbara Dudley,barbara.9609@example.com,53,Toronto,2025-02-22
5496,Christopher Sanchez,christopher.2231@gmail.com,74,Alexandria,2026-02-22
5050,Brandy Evans,brandy.9414@gmail.com,59,Houston,2024-07-25
9169,Greg Richardson,greg.3288@gmail.com,78,Paris,2024-03-28
6447,Jason West,jason.1665@outlook.com,59,Riyadh,2026-04-02
7732,Luis Patterson,luis.8875@hotmail.com,71,Dubai,2026-07-16
6513,Tiffany Rowe,tiffany.8820@gmail.com,20,Manchester,2025-05-10
3529,Laura Delacruz,laura.7215@example.com,38,Alexandria,2025-03-26
3968,Omar Rasmussen,omar.6134@outlook.com,73,Sao Paulo,2025-05-22
749,Daniel Lee,daniel.9313@outlook.com,41,Madrid,2025-07-01
9517,Paul Adams,paul.1441@hotmail.com,39,Hamburg,2024-01-21
9531,Tyler Morrison,tyler.3240@outlook.com,55,Toronto,2024-04-20
9697,Dustin Lopez,dustin.1766@hotmail.com,36,Madrid,2023-11-25
5031,Rachel Moss,rachel.276@outlook.com,31,Bangalore,2024-10-30
2928,Daniel Howell,daniel.4607@gmail.com,N/A,Manchester,2024-11-22
9311,Holly Griffin,holly.7160@hotmail.com,53,Melbourne,2024-06-26
3843,Kristi White,kristi.190@outlook.com,59,Mexico City,2023-02-10
5444,Sara Barrett,sara.9439@hotmail.com,68,Berlin,2026-03-25
1620,Yesenia Crosby,yesenia.8155@outlook.com,69,Chicago,2026-07-31
5660,Jordan Peters,jordan.487@yahoo.com,25,Madrid,2025-02-24
5145,Joshua Henderson,joshua.8330@example.com,52,Osaka,2025-01-29
8733,Kimberly Clark,kimberly.149@yahoo.com,52,Barcelona,2025-01-06
7263,Jason Brown,jason.8843@gmail.com,55,Chicago,2024-08-10
4569,Lisa Mcdonald,lisa.4266@outlook.com,25,Riyadh,2024-06-27
6298,Daniel Sanchez,daniel.7759@hotmail.com,42,Giza,2023-07-20
8631,Michelle Pierce,michelle.5490@example.com,40,New York,2024-11-27
3665,Alyssa Rodriguez PhD,alyssa.5304@outlook.com,50,Bangalore,2023-02-27
6189,Mary Henderson,mary.5975@example.com,33,London,2023-09-11
2493,Connie Marquez,connie.1107@example.com,68,Melbourne,2026-06-23
2536,Zachary Miller,zachary.9570@outlook.com,31,Bangalore,2023-01-07
8663,Nancy Lawrence,nancy.1942@example.com,80,Sydney,2025-08-16
1264,Timothy Mcdaniel,timothy.9465@hotmail.com,67,Delhi,2025-02-01
6111,Taylor Henderson,taylor.9266@gmail.com,45,New York,2023-05-28
7036,Eugene Hall,eugene.811@gmail.com,23,Sydney,2024-03-23
1703,Jeremy Hunter,jeremy.9772@outlook.com,38,Paris,2025-08-22
3624,Justin Young,justin.2951@hotmail.com,71,London,2023-04-23
9069,Sheila Thompson,sheila.5152@yahoo.com,48,Osaka,2026-06-04
9002,Michelle Spencer,michelle.8608@hotmail.com,59,Mumbai,2025-03-27
5958,Brian Mullins,brian.2666@yahoo.com,56,Mexico City,2022-10-28
5899,Stacy Bailey,stacy.8553@outlook.com,47,Munich,2024-07-24
3247,Adam Merritt,adam.6902@gmail.com,25,Hamburg,2025-05-03
3530,Daniel Erickson,daniel.9068@yahoo.com,21,Mexico City,2023-05-22
4255,Emily Brady,emily.7408@hotmail.com,52,Delhi,2025-06-21
4496,Stephanie Rodriguez,stephanie.9959@hotmail.com,27,London,2023-02-13
2477,Dr. Linda Salazar,dr..892@hotmail.com,51,Sydney,2023-01-12
8374,Neil Dunn,neil.2483@gmail.com,70,Mexico City,2024-12-20
7482,Jacob Garza,jacob.1208@yahoo.com,41,Barcelona,2024-09-15
274,Tracy Burke,tracy.8627@gmail.com,60,Toronto,2024-02-12
9773,Richard Knight,richard.7763@yahoo.com,78,Singapore,2026-02-20
9844,Robert Newton,robert.6565@yahoo.com,70,Barcelona,2022-10-13
9804,Jeffrey Ellison,jeffrey.5079@example.com,30,Sydney,2024-09-14
6529,Nathan Brown,nathan.7872@yahoo.com,71,Toronto,05-Nov-2024
42,David Caldwell,david.9730@outlook.com,36,Alexandria,2023-07-26
3207,Amy Love,amy.167@yahoo.com,60,Barcelona,2023-03-28
9868,Matthew Adams,matthew.8091@outlook.com,78,Riyadh,2025-11-03
9022,Linda Scott,linda.6044@outlook.com,39,Dubai,2024-08-04
536,Joseph Williams,joseph.9627@example.com,31,Paris,2023-07-22
4903,Holly Goodman,holly.4@yahoo.com,68,Chicago,2026-03-21
1752,James Weaver,james.1260@hotmail.com,34,Los Angeles,2026-07-17
4623,Donna Chandler,donna.2377@example.com,39,Madrid,2023-08-01
2195,Joseph Patel PhD,joseph.4265@yahoo.com,50,Paris,2024-03-31
3703,Lauren Walsh,lauren.6083@example.com,56,Manchester,2024-12-25
4137,Allison Wheeler,allison.7985@example.com,47,Mumbai,2023-03-20
2336,Christopher Murphy,christopher.2407@outlook.com,46,Riyadh,2024-03-29
1676,Michael Maynard,michael.9767@example.com,58,Melbourne,2024-08-05
5978,Brooke Zavala,brooke.2233@outlook.com,22,Berlin,23-Aug-2024
1393,Joseph Davis,joseph.3815@gmail.com,27,Cairo,2024-02-27
7738,Robert Harris,robert.7152@hotmail.com,31,Los Angeles,2024-07-19
6774,Adrian Sanchez,adrian.9308@yahoo.com,40,Vancouver,2023-08-12
8710,Michelle Watts,michelle.97@yahoo.com,67,Riyadh,2026-05-07
5897,Andrew Higgins,andrew.1917@gmail.com,29,London,2023-06-12
1679,Veronica Allison,veronica.8741@gmail.com,80,Sao Paulo,2025-08-28
3779,Gary Johnson,gary.3703@yahoo.com,35,Osaka,2025-02-17
6511,John Winters,john.9032@hotmail.com,24,Houston,2023-01-30
5381,Amanda Franklin,amanda.3169@hotmail.com,51,Sao Paulo,2026-03-14
3200,Kristi Wheeler,kristi.4628@hotmail.com,75,Chicago,2025-09-29
8455,Brandy Myers,brandy.9873@gmail.com,18,Hamburg,2025-04-11
8272,Juan Parker,juan.5885@yahoo.com,55,Chicago,2024-07-23
1375,Amanda Thomas,amanda.173@gmail.com,51,Melbourne,2025-04-29
6086,Julia Fields,julia.93@example.com,53,Sao Paulo,2026-04-12
7855,Sandra Peterson,sandra.652@outlook.com,65,Houston,2023-09-18
1815,Pamela Garrett,pamela.3164@gmail.com,64,Barcelona,2025-01-09
3081,Joseph Hawkins,joseph.9341@example.com,20,Barcelona,2023-04-14
5501,Jane Salazar,jane.5200@gmail.com,31,Cairo,2024-01-19
3115,Justin Lester,,80,Riyadh,2023-04-27
1672,Alan Waller,alan.5550@example.com,46,Alexandria,2026-02-23
3832,Christopher Vasquez,christopher.2263@outlook.com,30,Alexandria,2024-01-23
6609,Monica Collins,monica.1751@outlook.com,36,Singapore,2026-07-22
9503,Beth Ray,beth.4450@gmail.com,43,Manchester,2025/04/21
1200,Andrea Ho,andrea.9661@hotmail.com,26,Hamburg,2026-08-27
8751,Catherine Price,catherine.5545@outlook.com,70,New York,2022-09-25
129, Joshua Cooke,joshua.2154@gmail.com,76,Birmingham,2024-02-10
746,Kimberly Villanueva,kimberly.3950@outlook.com,58,Dubai,2023-01-31
9615,Jared Gibbs,jared.9340@example.com,41,Houston,2022-10-14
6049,Christopher Oneill,christopher.5798@example.com,61,Vancouver,2023-02-19
1226,Samantha Williams,samantha.7845@outlook.com,31,Barcelona,2023-04-21
439,Michael Stewart,michael.3397@outlook.com,38,Paris,2024-02-08
257,Christopher Williams,christopher.9992@yahoo.com,41,Vancouver,2025-09-04
1780,Kristine Turner,kristine.5760@yahoo.com,64,Birmingham,2024-04-16
4019,Dylan Johnson,dylan.5018@hotmail.com,64,Vancouver,2024-12-23
4207,Debbie Schultz,debbie.4312@yahoo.com,31,Madrid,2025-03-07
8803,Erin Mccann,erin.8758@gmail.com,78,Osaka,2024-03-15
3850,Kelly Trujillo,kelly.6283@gmail.com,27,Cairo,2023-05-27
611,Mrs. Hannah Montoya MD,mrs..4406@hotmail.com,35,Paris,2026-09-08
1626,Carl Savage,carl.3479@gmail.com,58,Houston,2026-01-18
3015,Melanie Edwards,melanie.1681@example.com,74,Melbourne,2022-09-26
5349,Sheri Taylor MD,sheri.1509@outlook.com,64,Riyadh,2025-01-28
9843,William Zamora,william.6079@hotmail.com,43,Birmingham,2023-04-29
6380,Brian Brady,brian.711@outlook.com,38,Birmingham,2026-06-21
3568,Heather Blake,heather.7440@gmail.com,28,New York,2024-11-02
2968,Tammy Reyes,tammy.6294@example.com,67,Berlin,2025-02-12
3398,Bridget Grimes,bridget.8957@yahoo.com,48,Paris,2025-11-14
2343,Samuel Coffey,samuel.8542@hotmail.com,66,Riyadh,2023-03-13
6096,Mariah Collins,mariah.9726@outlook.com,37,Chicago,2023-10-14
9662,Cynthia Dawson,cynthia.5788@outlook.com,77,Dubai,2025-12-11
671,Dana Ruiz,dana.9772@yahoo.com,54,Berlin,2024-03-29
2850,Wayne Gomez,wayne.6877@yahoo.com,38,Sydney,2025-12-06
4612,John Ortega,john.9799@hotmail.com,47,Melbourne,2026-07-12
4558,Susan Brady,susan.2256@example.com,38,Toronto,2025-10-12
1648,Samuel Martin,samuel.2868@gmail.com,41,Sydney,2025-10-29
9287,Kimberly Ward,kimberly.8897@outlook.com,62,Dubai,2022-10-06
2368,Katie Brown,katie.8409@example.com,25,Delhi,2023-10-20
8387,Ms. Laura Sloan,ms..852@gmail.com,73,Houston,2023-02-09
2760,Frederick Brown,frederick.479@yahoo.com,77,Sao Paulo,2023-11-11
5039,Taylor Sullivan,taylor.9680@outlook.com,-1,Barcelona,2025-09-26
2107,Clarence Cain,clarence.8458@yahoo.com,54,Paris,2023-02-22
4946,Sandra Ingram,sandra.7479@gmail.com,36,Toronto,2024-08-09
4888,Tony Rodriguez,tony.502@hotmail.com,78,Vancouver,2022-10-27
1867,Tammy Garcia,tammy.9587@outlook.com,21,Osaka,2022-12-30
8029,Richard Ward,richard.760@gmail.com,25,Singapore,2023-03-23
5544,Dennis Hunt,dennis.3875@yahoo.com,38,Riyadh,2024-06-05
4693,Rachel Crawford,rachel.8360@gmail.com,25,Lyon,2024-03-23
1687,Mary Anderson,mary.7843@outlook.com,72,Chicago,2023-11-19
9475,Jonathan Jones,jonathan.5309@yahoo.com,80,Hamburg,2024-06-10
3619,Patricia Hernandez,patricia.8040@example.com,57,Houston,2026-01-03
5547,Sharon Sanchez,sharon.5048@hotmail.com,44,New York,2025-05-10
1983,,edward.4542@outlook.com,80,Giza,2023-10-26
3281,Annette Barker,annette.5578@yahoo.com,70,Barcelona,2025-03-11
6221,Derek Duffy,derek.3605@outlook.com,32,New York,2024-05-20
4637,Natalie Oconnor,natalie.8266@gmail.com,49,Los Angeles,2023-02-27
8901,,sean.8632@outlook.com,45,Osaka,2026-03-22
9807,Jennifer Hill,jennifer.1211@outlook.com,24,Barcelona,2025-03-11
846,David Hall,david.917@yahoo.com,54,Tokyo,2026-08-31
1251,Nathaniel Stewart,nathaniel.4171@outlook.com,67,London,2024-11-07
1384,Michael Tran,michael.8465@example.com,69,Delhi,2024-06-18
3123,Victoria Tanner,victoria.3269@outlook.com,39,Giza,2022-12-26
9643,Rebecca Brown,rebecca.7088@yahoo.com,38,Los Angeles,2023-07-29
7017,David Bryant,david.4081@gmail.com,72,Mumbai,2023-02-15
7694,Ms. Michele Wright,ms..9907@example.com,51,Los Angeles,2025-12-13
2543,Shirley Cox,shirley.6570@example.com,59,Alexandria,2024-02-13
1518,Donna Wyatt,donna.8632@gmail.com,34,Chicago,2023-06-19
2744,Danielle Miller,danielle.4073@hotmail.com,46,Dubai,2023-02-02
7837,Joanne Gomez,joanne.8203@yahoo.com,36,Singapore,2024-05-19
8959,Rachel Short,rachel.1386@gmail.com,67,Giza,2026-02-01
8,Lindsey Roman,lindsey.1403@yahoo.com,64,Munich,2025-08-18
5987,Alexander Taylor,alexander.9331@yahoo.com,30,Alexandria,2024-10-06
7296,Elizabeth Richard,elizabeth.6530@gmail.com,34,Sao Paulo,2024-02-19
730,Marie Thompson,marie.4903@yahoo.com,42,Singapore,2026-08-02
8022,Nicholas Moore,nicholas.4094@yahoo.com,72,Bangalore,2026-04-06
9167,Elizabeth Sanchez,elizabeth.9419@outlook.com,39,Los Angeles,2024-05-02
2936,Kathy Sanders,kathy.6232@outlook.com,51,Birmingham,2026-06-23
4781,Kathryn Adams,kathryn.6188@yahoo.com,68,Berlin,2024-07-14
7932,Edward Perkins,edward.9991@gmail.com,45,Giza,2023-07-18
1166,Michael Rodriguez,michael.6114@gmail.com,53,Tokyo,2024-07-05
2021,Mr. Kyle Thomas DDS,mr..3278@yahoo.com,60,Vancouver,2025-11-30
3511,Russell Stewart,,26,Sao Paulo,2023-12-16
8787,Sarah Guerrero,sarah.716@hotmail.com,N/A,Berlin,2024-01-18
5559,Laura Beasley,laura.8635@outlook.com,64,New York,2025-09-13
4727,Ana Snyder,ana.3733@hotmail.com,77,Osaka,2024-11-26
4656,Leonard Andrews,leonard.1423@outlook.com,34,Madrid,2025-11-14
6790,Christian Reeves,christian.614@yahoo.com,60,Madrid,2023-10-11
2440,Terry Estes,terry.2191@gmail.com,56,Paris,2024-07-31
9775,Shelley Parker,,35,Sydney,2026-06-25
767,Zachary Burton,zachary.4404@gmail.com,67,Osaka,2026-01-17
3859,Mr. Scott Mcmahon,mr..4805@hotmail.com,44,Cairo,2024-01-05
9645,Rodney Johnson,rodney.1199@hotmail.com,20,Birmingham,2022-12-28
4049,Sarah Lopez,sarah.380@yahoo.com,25,Riyadh,2024-05-20
2439,Matthew Barry,matthew.9823@hotmail.com,19,Sao Paulo,2025-03-10
1829,Brittany Parker,brittany.1048@gmail.com,25,Paris,2024-01-30
3750,Joshua Bray,joshua.8034@yahoo.com,48,Bangalore,2024-03-19
5294,Kelly Johnston,kelly.7475@gmail.com,74,Lyon,2024-04-20
3304,Kelly Ortega,kelly.3912@gmail.com,52,New York,2024-06-29
302,Craig Morrison,craig.4721@yahoo.com,37,New York,2025-10-01
7958,Jeremy Sparks,jeremy.5867@example.com,65,Cairo,2023-06-23
5498,Brenda Lamb,brenda.6104@yahoo.com,55,Riyadh,2025-12-18
8875,John Vance,john.8834@example.com,63,Giza,2023-05-05
3317,Alyssa Powers,alyssa.2798@gmail.com,56,Vancouver,2026-06-07
8538,Kevin Johnson,kevin.2293@outlook.com,56,London,2022-12-31
5320,Mrs. Brittney Ayala,mrs..3550@gmail.com,53,Paris,2024-06-09
6033,David Edwards,david.885@yahoo.com,28,Riyadh,2024-11-11
7184,Angel Ryan,angel.9222@gmail.com,65,Berlin,2023-03-08
3559,Ashley Roach,ashley.9183@example.com,22,Sao Paulo,2023-09-20
9555,Jonathan Cruz,jonathan.5037@yahoo.com,75,Lyon,2024-08-09
3246,Andrew Reynolds,andrew.8093@outlook.com,20,Manchester,2024-07-28
96,Cameron Fisher,cameron.7214@gmail.com,51,Sao Paulo,2026-06-21
2717,Gregory Ruiz,gregory.4408@yahoo.com,77,Bangalore,2025-06-16
1047,Carlos Johnston,carlos.2733@gmail.com,26,Delhi,2023-08-16
245,Brittany Perry,brittany.1216@hotmail.com,47,Hamburg,2023-02-08
5960,Adrian Howell,adrian.1220@outlook.com,21,Sydney,2022-12-12
5612,Anita Davis,anita.280@gmail.com,32,Hamburg,2023-03-29
5579,Mackenzie Price DDS,mackenzie.9616@hotmail.com,60,Cairo,2024-02-02
8594,Christine Myers,christine.7694@hotmail.com,19,Delhi,2024-04-01
6385,Rebecca Richards,rebecca.9285@outlook.com,72,Birmingham,2024-06-28
2973,Teresa Li,teresa.8603@hotmail.com,37,Tokyo,2025-03-22
8417,Jack Lloyd,jack.8477@outlook.com,25,Giza,2023-03-07
8202,David Gibson, david.7259@yahoo.com,28,Singapore,2026-07-11
3446,Cheryl Jackson,cheryl.8475@hotmail.com,24,New York,2024-04-10
9565,Shannon Miller,shannon.2750@outlook.com,42,Delhi,2023-05-25
8501,Gregory Morrison,gregory.2106@hotmail.com,18,Alexandria,2026-01-12
4765,Richard Barrera,richard.4420@outlook.com,25,New York,2023-06-12
8912,Denise Schroeder,denise.6995@example.com,73,Mexico City,2024-12-06
3065,Jennifer Dominguez,jennifer.7444@example.com,63,Melbourne,2024-07-04
7762,Annette Lawson,annette.7272@example.com,35,Barcelona,2023-06-22
7804,Isabella Allen,isabella.693@outlook.com,31,Vancouver,2026-06-03
775,Amanda Hill,amanda.202@yahoo.com,20,Paris,2023-04-15
1352,Benjamin Waters,benjamin.4774@hotmail.com,56,Riyadh,2024-03-29
9824,Paul Rios,paul.7446@yahoo.com,79,Barcelona,2023-10-15
188,Kimberly Gutierrez,kimberly.7771@gmail.com,23,Melbourne,2023-06-18
8809,,nicole.2917@outlook.com,24,Munich,2023-07-19
8873,Emma Parker,emma.9437@hotmail.com,24,Birmingham,2024-05-24
658,Robert Herrera,robert.6371@gmail.com,63,Houston,2024-04-09
9557,David Velasquez,david.9362@gmail.com,66,Sydney,2025-08-20
5552,Christopher Cobb,christopher.4160@example.com,69,Mexico City,2026-03-14
1784,David Bird,david.1966@gmail.com,72,Dubai,2024-01-29
8720,Kevin Dillon,kevin.1128@example.com,63,Bangalore,2023-02-02
4243,Linda Henderson,linda.8772@hotmail.com,24,Sydney,2023-05-19
5507,Tracy Chan,tracy.8039@yahoo.com,49,Mexico City,2026-05-30
7767,Deborah Hayes,deborah.973@example.com,74,Los Angeles,2024-07-03
8004,Eduardo Colon,eduardo.1595@gmail.com,57,Mumbai,2026-07-22
4975,Mrs. Melissa Robinson,mrs..1082@hotmail.com,79,Chicago,2025-02-16
7457,Austin Owens,austin.7939@gmail.com,23,Chicago,2024-10-25
5027,David Jackson,david.4331@yahoo.com,55,Mexico City,2025-01-25
3743,Deborah Waller,deborah.9605@hotmail.com,39,New York,2023-07-03
4942,Jennifer Powers,jennifer.8663@example.com,57,Sao Paulo,2022-10-31
1811,Anne Castillo,anne.645@outlook.com,60,Houston,2025-12-10
312,John Hernandez,john.7703@gmail.com,58,Berlin,2022-12-16
9345,Hannah Burton,hannah.6377@gmail.com,30,Cairo,2024-01-23
9240,Christine Lopez,christine.7077@example.com,48,Mumbai,2023-06-23
9821,Julie Johnson,julie.6623@hotmail.com,31,Bangalore,2025-10-19
1749,Lisa Gill,lisa.9473@yahoo.com,54,Alexandria,2024-09-23
4556,Christina Olsen,christina.3695@outlook.com,20,Alexandria,2024-05-04
4311,Rebecca Adams,rebecca.5139@gmail.com,52,Cairo,2025-10-19
1088,Chelsea Smith,chelsea.72@example.com,65,Alexandria,2022-11-28
5946,Jamie White,jamie.3061@outlook.com,18,Birmingham,2025-05-19
2156,Kirsten Bowen,kirsten.7427@gmail.com,66,Alexandria,2024-05-05
1673,Matthew Santos,matthew.2132@gmail.com,48,Osaka,2024-06-14
5053,Mr. James Ross,mr..2020@hotmail.com,38,Munich,2026-05-28
2971,Jennifer Long,jennifer.3569@example.com,62,Cairo,2025-09-08
9031,Jasmine Zhang,jasmine.1100@hotmail.com,21,Vancouver,2026-05-18
4280,,julie.1137@yahoo.com,30,Riyadh,2025-02-21
8532,William Hansen,william.8987@yahoo.com,61,Singapore,2026-04-15
4936,Elizabeth Williams,elizabeth.2958@outlook.com,20,Singapore,2024-05-17
9448,Thomas Medina,thomas.7675@example.com,29,Osaka,2024-12-25
1624,Tara Humphrey,tara.3397@example.com,44,Munich,2023-03-28
3689,Victoria Guerra,victoria.7914@example.com,53,Tokyo,2023-11-15
6750,Annette Weaver,annette.6465@gmail.com,65,Bangalore,2024-04-16
5155,Jason Smith,jason.4528@hotmail.com,19,Alexandria,2023-01-26
1192,Stephanie Mahoney,stephanie.9939@gmail.com,71,Manchester,2023-10-22
9705,Betty Smith,betty.9021@yahoo.com,54,Tokyo,2023-05-02
1690,Diane Curry,diane.1753@hotmail.com,53,Riyadh,2025-05-18
2648,Marcus Powell,marcus.197@outlook.com,150,Hamburg,2023-09-24
247,Trevor Foley,trevor.4704@gmail.com,59,Tokyo,2023-02-09
2371,Jeffrey Maldonado DDS,jeffrey.1946@example.com,72,Munich,2026-07-19
8679,Robin Hansen,robin.3970@outlook.com,37,Vancouver,2025-02-19
1289,Kimberly Young,kimberly.9420@gmail.com,34,Chicago,2025-05-12
5479,John Hale,john.8671@gmail.com,62,Barcelona,2022-12-11
5085,James Brooks,james.24@outlook.com,30,Chicago,2024-11-17
8537,Edwin King,edwin.9577@gmail.com,65,Birmingham,2023-12-30
1823,Jordan Murphy,jordan.3818@gmail.com,20,Bangalore,2023-06-25
6485,Randall Ramos,,35,Hamburg,2024-06-21
4419,William Castaneda,william.4917@outlook.com,76,Los Angeles,2025-03-02
8181,Katherine Buchanan,katherine.4271@gmail.com,68,Delhi,2025-05-19
8279,Ashley Daniel,ashley.5871@gmail.com,29,Los Angeles,2026-09-05
7954,Trevor Espinoza,trevor.2098@yahoo.com,200,Delhi,2025-06-02
3012,Michael Bender DVM,michael.2532@yahoo.com,21,Madrid,2023-07-28
8019,Robyn Davis,robyn.1236@hotmail.com,38,Bangalore,2025-11-10
9579,Ryan Best,ryan.8643@hotmail.com,46,Sydney,2023-01-28
5662,Michelle Johnson,michelle.3283@example.com,43,Chicago,2026-09-10
8468,Shelly Schmidt,shelly.4359@gmail.com,19,Dubai,2025-10-12
7888,Whitney Levy,whitney.3869@gmail.com,67,Chicago,2023-06-23
2478,Theresa Nelson,theresa.3879@gmail.com,67,Dubai,2022-11-16
2517,Christopher Ford,christopher.5864@gmail.com,53,New York,2024-06-20
9776,Danielle Brown,danielle.7455@hotmail.com,19,London,2024-08-10
5784,Cheryl Walters,cheryl.4280@hotmail.com,69,Mumbai,2023-02-14
6916,Michael Wright,michael.3569@gmail.com,21,Cairo,2022-09-23
3028,Alexander Stein,alexander.4703@hotmail.com,74,New York,2024-12-18
2424,Megan Stevenson,megan.2333@hotmail.com,52,Chicago,2022-12-03
9800,David Kent,david.416@gmail.com,76,Osaka,2023-09-11
9504,Jerome Hancock,jerome.2253@gmail.com,21,Tokyo,2024-09-10
2678,Terry Black,terry.5104@yahoo.com,200,Houston,2026-06-22
7321,Chase Phelps,chase.7132@hotmail.com,26,Mexico City,2022-10-09
136,Jennifer Espinoza,jennifer.3697@outlook.com,79,Tokyo,2023-01-06
4427,Darrell Ibarra,darrell.2735@gmail.com,59,London,2026-03-21
3160,Anita Chapman,anita.9057@example.com,28,Madrid,2026-05-17
8968,Stacy Henderson,stacy.6922@yahoo.com,34,Birmingham,2024-08-27
4681,Charles Hensley,charles.7761@gmail.com,35,Munich,2026-05-29
3449,Mason Graves,mason.4750@hotmail.com,42,Delhi,2023-02-04
3912,Vicki Hernandez,vicki.3689@outlook.com,49,Singapore,2023-11-09
932,James Mccoy,jamesATexample.com,35,Berlin,2024-06-10
5551,Ryan Adams,ryan.321@example.com,39,Manchester,2025-10-07
5629,Mercedes Peterson MD,mercedes.4677@gmail.com,33,Alexandria,2026-06-19
6167,Deanna Romero,deanna.4174@hotmail.com,59,Alexandria,2025-02-06
3045,Craig Raymond ,craig.47@yahoo.com,72,Cairo,2024-05-31
5131,Denise Walker,denise.9695@example.com,39,Osaka,2023-03-02
5257,Mrs. Jennifer Wright DDS,mrs..8784@outlook.com,78,Bangalore,2025-01-05
5824,Michael Hamilton,michael.6362@gmail.com,18,Singapore,2025-10-18
6562,Latoya Smith,latoya.7925@outlook.com,75,Bangalore,2022-12-22
4291,Jeffrey Petty,jeffrey.2544@example.com,76,Toronto,2025-06-13
4854,Mr. Charles Young,mr..8471@example.com,25,Osaka,2026-03-02
828,Earl Luna,earl.6472@outlook.com,19,Berlin,2025-02-04
3604,Joshua Miller,joshua.1966@outlook.com,74,Munich,2024-10-23
1796,Tanner Mann,tanner.1741@outlook.com,63,Manchester,2023-07-19
3808,Connie Neal,connie.6566@example.com,19,Chicago,2024-01-31
2207,Patrick Adkins,patrick.7705@hotmail.com,28,Delhi,2025-07-03
8800,Scott Gibbs,scott.1809@hotmail.com,52,Tokyo,2025-06-04
7553,Mark Rodgers,mark.9132@hotmail.com,23,Paris,2023-10-23
9011,Mr. Christopher Thompson,mr..9693@outlook.com,71,Toronto,2026-02-21
4485,Kyle Lang,kyle.7117@yahoo.com,27,Barcelona,2025-01-18
7298,Kimberly Walker,kimberly.5920@outlook.com,30,Chicago,2025-03-11
3989,Christopher Macdonald,christopher.9524@outlook.com,47,New York,2025-05-29
5290,Derek Mckinney,derek.9385@example.com,78,Riyadh,2026-08-02
2950,Corey Flowers,corey.3442@example.com,42,Giza,2022-12-29
1048,Devin Young,devin.961@yahoo.com,24,Munich,2024-06-09
676,Vicki Finley,vicki.5883@gmail.com,49,Los Angeles,2022-12-26
6276,Justin Schmidt,justin.6596@outlook.com,30,,2026-06-01
5199,Amanda Huerta,amanda.340@yahoo.com,N/A,Munich,2024-03-10
3266,Nancy Sutton,nancy.706@gmail.com,21,Mexico City,2025-11-10
3008,Jeffrey Benton Jr.,jeffrey.1743@example.com,65,Melbourne,2024-12-13
2302,Elizabeth Nichols,elizabeth.3715@gmail.com,53,London,2023-09-10
4370,Zachary Reed,zachary.2510@outlook.com,52,Osaka,2026-09-02
1725,Daisy Schroeder,daisy.7975@outlook.com,80,Los Angeles,2025-08-13
4216,Paige Brown,paige.7954@hotmail.com,39,Sydney,2024-11-17
7843,Charles Tucker,charles.7763@gmail.com,46,Dubai,2025-09-14
7269,William Sanders,william.7046@hotmail.com,24,Vancouver,2026-09-04
4403,Mallory White,mallory.7318@outlook.com,39,Delhi,2023-03-18
5135,Anna Smith,anna.7293@hotmail.com,38,Manchester,2026-06-20
5180,Thomas Hamilton,thomas.803@hotmail.com,37,Melbourne,2023-11-30
1015,Kyle Black,kyle.2018@hotmail.com,63,Riyadh,2023-08-21
5594,Nicholas Friedman,nicholas.5619@example.com,66,Hamburg,2026-03-03
1611,Micheal Lee,micheal.9019@gmail.com,36,Paris,2026-02-27
6240,Andrew Brown,andrew.8799@gmail.com,19,Sao Paulo,2023-12-09
7266,Kyle Moore,kyle.8073@outlook.com,71,Barcelona,2023-02-14
1911,Paul Washington,paul.4541@gmail.com,22,Vancouver,2022-12-25
1566,Ronald Brown,ronald.6458@example.com,78,Bangalore,2023-07-11
1619,Anthony Cook,anthony.8133@example.com,64,Riyadh,2023-08-26
2189,Erica Myers,erica.3848@outlook.com,76,Vancouver,2025-08-05
92,Kimberly Ball,kimberly.7750@outlook.com,42,Mumbai,2025-09-04
3652,Amanda Mcdaniel,amanda.6481@yahoo.com,36,Sydney,2022-12-10
6088,Andrea Harris,andrea.229@yahoo.com,74,Osaka,2026-07-24
1675,John Johnson,john.1411@outlook.com,N/A,Chicago,2023-05-17
8345,Melissa Chavez,melissa.1972@gmail.com,37,Munich,2023-03-30
7341,Bianca Harding,bianca.5493@yahoo.com,50,Melbourne,2022-10-30
2057,Tony Smith,tony.8148@yahoo.com,58,Mexico City,2023-11-30
1701,Samantha Williams,samantha.2887@hotmail.com,79,Berlin,2023-02-18
5366,Donald Porter,donald.6161@gmail.com,30,Houston,2026-06-02
1168,Deanna Webb,deanna.83@example.com,56,Berlin,2025-08-18
2558,Donna Woods,donna.4529@yahoo.com,24,New York,2023-04-01
9510,Sydney Gamble,sydney.3766@outlook.com,21,Paris,2023-10-18
5677,John Ross,john.5162@yahoo.com,60,Delhi,2025-03-01
4451,Matthew Smith,matthew.1330@yahoo.com,23,Delhi,2023-08-21
57,Sarah Moore,sarah.4416@example.com,20,Singapore,2026-07-21
436,Michelle Schneider,michelle.4332@example.com,48,Houston,2025-06-25
8028,Brian Mclaughlin,brian.452@gmail.com,79,Mumbai,2025-04-23
5853,Sherry Horton,sherry.4809@yahoo.com,49,Chicago,2023-07-03
8933,Jasmine Atkins,jasmine.1@hotmail.com,22,Madrid,2023-04-22
6008,Adam Curry,adam.5898@outlook.com,34,Lyon,2025-01-29
6282,Karen Lawrence,karen.9275@yahoo.com,63,Melbourne,2025-05-16
9181,Austin Hines,austin.7141@hotmail.com,74,New York,2023-11-24
3863,John Brown,john.4074@yahoo.com,23,Madrid,2025-06-17
9755,Mr. Ryan Cooper,mr..2052@hotmail.com,72,Mexico City,2023-03-18
8627,Mark Johnson,mark.8029@yahoo.com,72,Barcelona,2024-03-29
6635,Daniel Fisher,daniel.9331@gmail.com,50,Singapore,2022-10-12
9062,John Steele,john.673@gmail.com,30,Mexico City,2025-09-04
290,Chad Scott,chad.8411@yahoo.com,71,Munich,2024-01-09
9171,Matthew Williams,matthew.5403@example.com,58,Chicago,2022-11-16
8739,Daniel Zamora,daniel.2121@gmail.com,34,Delhi,2023-12-16
4750,Timothy Hernandez,timothy.7163@outlook.com,38,New York,2022-11-07
7909,Gregory Mcclure,gregory.406@yahoo.com,70,Singapore,2024-06-16
2761,Samantha Matthews,samantha.5350@outlook.com,67,Manchester,2025-04-01
1526,Richard Schneider,richard.3055@yahoo.com,50,Mexico City,2024-04-23
337,Kristen Garcia,kristen.6656@hotmail.com,50,Sydney,2026-02-03
8135,Kimberly Orozco,kimberly.5308@outlook.com,24,Tokyo,2023-07-30
4074,Ashley Blackburn,ashleyAToutlook.com,30,Birmingham,2023-04-30
1795,Cynthia Snyder,cynthia.7066@yahoo.com,57,Riyadh,2024-02-29
6666,Richard Welch,richard.6974@hotmail.com,52,Riyadh,2022-12-07
9913,Heather Wilson,heather.7675@yahoo.com,64,Hamburg,2026-09-08
6824,Brenda Frye,brenda.4293@gmail.com,59,Tokyo,2022-10-31
6444,Adam Hancock,adam.6117@gmail.com,46,Melbourne,2026-06-03
7334,Lisa Johnson,lisa.8101@example.com,57,Barcelona,2023-07-03
8930,Jennifer Moore,jennifer.4272@outlook.com,24,Toronto,2024-07-15
3813,Michael Summers II,michael.5671@outlook.com,43,Chicago,2023-06-27
1892,,karen.4995@yahoo.com,63,Hamburg,2026-07-13
4257,Anthony Riddle,anthony.8323@outlook.com,27,Singapore,2024-01-26
6315,Heather Gordon,heather.3307@example.com,33,Singapore,2023-06-12
8207,Ryan Joseph,ryan.282@gmail.com,19,Osaka,2025-01-04
1306,Zachary Santiago,zachary.3848@yahoo.com,73,Manchester,2023-04-01
3279,John Johnson,john.216@yahoo.com,47,Melbourne,2023-12-27
9699,Patrick Edwards,patrick.2353@hotmail.com,60,Alexandria,2026-08-02
2908,Mario Stout,mario.2985@example.com,69,Manchester,2023-10-09
4365,Jessica Zimmerman,jessica.1212@gmail.com,59,Melbourne,2023-10-04
1225,Dana Kelley,dana.5411@gmail.com,48,Mumbai,2025-03-10
1062,Darren Stewart,darren.8056@hotmail.com,33,Toronto,2023-11-16
7706,Kelly Murphy,kelly.8074@outlook.com,47,Hamburg,2024-09-18
1779,Lauren Dixon,lauren.8606@gmail.com,61,Hamburg,2022-11-22
1889,Diane Hall,diane.1362@example.com,66,Cairo,2025-05-07
3560,Tyler Velazquez,tyler.5936@outlook.com,56,London,2026-02-18
4036,Patricia Aguirre,patricia.5615@hotmail.com,52,Vancouver,2023-07-16
1115,Cody Smith,cody.3893@example.com,68,Sydney,2026-02-19
1591,Cynthia Clark,cynthia.7312@hotmail.com,58,Chicago,2026-04-09
1712,Angela Edwards,angela.8363@outlook.com,72,Los Angeles,2026-08-21
8922,William Mckinney,william.6586@outlook.com,51,Mexico City,2024-01-28
4920,Patrick Rocha,patrick.1204@hotmail.com,67,Toronto,2023-02-26
3344,Jeffrey Holden,jeffrey.8572@hotmail.com,57,Madrid,2025-02-02
6284,Alan Murphy,alan.5796@outlook.com,21,Berlin,2025-10-01
9592,Christopher Santos,christopher.7427@outlook.com,22,Tokyo,2026-02-17
5926,,ronald.6535@example.com,70,Sao Paulo,2023-09-08
3273,Roger Weaver,roger.7831@outlook.com,80,Manchester,2023-02-05
1720,Stacy Harrington,stacy.7781@yahoo.com,30,Madrid,2024-04-29
7207,Amanda Vazquez,amandaATgmail.com,20,Chicago,2023-05-27
6868,Laura Fischer,laura.8127@gmail.com,54,Chicago,2024-08-17
6886,Christine Carr,christine.1835@outlook.com,20,Los Angeles,2024-01-11
2935,Jeffrey Joyce,jeffrey.3271@gmail.com,73,Alexandria,2023-01-16
6542,John Peterson,john.6657@example.com,57,Dubai,2023-05-10
5900,David Smith,david.6217@gmail.com,20,Sao Paulo,2023-04-11
507,Misty Hansen,misty.3763@yahoo.com,47,Vancouver,2024-08-17
203,Patrick Thornton,patrick.2973@yahoo.com,54,Mumbai,2025-12-15
4863,Darin Byrd,darin.6855@example.com,30,Munich,2025-11-12
9845,Thomas Garcia,thomas.8768@example.com,46,Cairo,2025-02-14
5185,Donna Williams,donna.5818@gmail.com,67,Dubai,2026-08-17
6227,Dr. Erin Aguirre DVM,dr..2563@yahoo.com,41,Melbourne,2026-08-08
3951,James Morrow,james.5611@hotmail.com,62,Hamburg,2023-01-10
1640,Kevin Bean,kevin.2447@hotmail.com,71,Cairo,2026-01-21
4571,Jennifer Castaneda,jennifer.9886@example.com,67,Berlin,2025-04-13
5801,James Hopkins,james.4489@example.com,57,Munich,2023-02-01
3250,Michael Patrick,michael.4671@gmail.com,59,Sydney,2026-09-10
1026,Judy Murray,judy.1929@hotmail.com,25,Sydney,2025-01-21
1001,Matthew King,matthew.6281@gmail.com,20,Madrid,2026-02-17
3016,Michelle Howard,michelle.6805@yahoo.com,18,Sao Paulo,2023-03-10
3921,Paula Johnson,paula.9349@outlook.com,78,Cairo,2026-09-02
6101,Kayla Sandoval,kayla.8531@yahoo.com,22,Manchester,2026-08-18
3275,Ricardo Jones,ricardo.4323@hotmail.com,63,Giza,2023-09-22
3810,Ashley Page,ashley.9779@example.com,30,Mexico City,2024-03-09
2227,Robert Hernandez,robert.910@gmail.com,53,Mexico City,2025-01-21
9241,Steven Dawson,steven.8072@gmail.com,39,Tokyo,2023-07-15
5303,Colton Roth,colton.7044@outlook.com,54,Madrid,2025-06-21
1202,Jared Williams,jared.2718@example.com,26,Hamburg,2025-08-26
8170,Daniel Scott,daniel.6585@yahoo.com,41,Vancouver,2024-12-30
4219,Peter Sanchez,peter.3110@example.com,37,Sao Paulo,2024-03-16
3545,Jason Keller,jason.8327@example.com,63,Vancouver,2025-06-06
7910,Virginia Watkins,virginia.6935@outlook.com,79,Birmingham,2023-07-16
2745,Mackenzie Jordan,mackenzie.7786@example.com,44,Mumbai,2023-10-23
9495,Nicole Mendoza,nicole.3190@yahoo.com,52,Madrid,2025-05-17
3122,Tracy Potts,tracy.1776@outlook.com,67,Munich,2024-12-23
6001,James Garcia,james.3313@hotmail.com,69,Madrid,2023-12-14
322,Rickey Li,rickey.6525@example.com,48,Manchester,2025-05-23
6231,Morgan Haney,morgan.3179@yahoo.com,73,Riyadh,2026-07-21
6354,Logan Merritt,logan.131@yahoo.com,41,Vancouver,2024-08-28
2113,Michelle Nguyen,michelle.4920@outlook.com,44,Toronto,2025-10-07
6718,Joy Mcdonald,joy.2789@hotmail.com,42,Manchester,2025-09-21
6352,Johnathan Rogers,johnathan.6229@yahoo.com,38,Houston,2024-05-08
9108,Sandra Harrison,sandra.8083@yahoo.com,34,Sydney,2024-03-15
3781,Melissa Romero,melissa.4250@outlook.com,34,Giza,2023-11-17
271,Parker Cain,parker.7968@yahoo.com,32,Los Angeles,2024-12-07
6218,Jennifer Collins,jennifer.6807@gmail.com,37,Singapore,2026-03-06
5864,Joseph Day,joseph.3761@hotmail.com,18,Alexandria,2024-10-03
7459,George Hall,george.2337@hotmail.com,28,Mumbai,2025-08-27
5012,Darlene Garcia,darlene.9879@example.com,72,New York,2026-05-02
83,Shane Garrison,shane.4527@outlook.com,39,Sao Paulo,2023-08-07
1979,Christina White,christina.41@yahoo.com,34,Birmingham,2026-07-03
1825,Kenneth Walsh,kenneth.7721@example.com,N/A,London,2023-09-26
3632,Ruben Martinez,ruben.6523@yahoo.com,67,Osaka,2024-12-07
8525,Sue Fisher,sue.406@example.com,68,Sydney,2023-11-08
8589,Shannon Chambers,shannon.2755@gmail.com,18,Sydney,2025-08-03
1408,Samuel Ellis,samuel.7885@hotmail.com,30,Vancouver,2023-05-25
9393,Sharon Andrews,sharon.2670@gmail.com,37,Alexandria,2024-02-23
2095,Courtney Jones,courtney.5953@outlook.com,30,Paris,2026-01-25
7406,Kristen Young,kristen.3344@yahoo.com,47,Giza,2024-05-29
5434,Mariah Freeman,mariah.4413@gmail.com,60,Osaka,2026-05-16
3187,Jorge Davis,jorge.6423@hotmail.com,71,Madrid,2025-09-17
6089,Timothy Chavez,timothy.1912@gmail.com,42,Berlin,2024-08-15
6924,Matthew Weiss,matthew.1513@outlook.com,54,Singapore,2023-04-12
1025,Kristine Carrillo,kristine.1719@example.com,64,Dubai,2025-09-27
1776,John Calderon,john.8519@hotmail.com,61,Delhi,2023-11-13
478,Miranda Foster,miranda.4834@hotmail.com,57,London,2025-12-22
1850,Kyle Rowland,kyle.8687@gmail.com,57,Vancouver,2023-09-09
5010,James Raymond,james.4672@hotmail.com,29,Delhi,2026-02-17
9039,,jared.2101@gmail.com,30,Toronto,2023-02-20
1471,Daniel Wells,daniel.3520@hotmail.com,19,Singapore,2026-03-07
3584,Christopher Wilcox,christopher.7186@yahoo.com,50,Bangalore,2023-07-02
9120,Yolanda Moore,yolanda.6540@example.com,79,Toronto,2023-06-15
500,Jason Hernandez,jason.7349@outlook.com,42,Giza,2024-03-20
9252,Robert Smith,robert.4307@yahoo.com,60,Giza,2024-03-21
6184,John Clark,john.9354@outlook.com,34,London,2025-10-26
3725,Sarah Nelson,sarah.3799@yahoo.com,23,Sao Paulo,2026-04-22
6265,Edward Lopez,edward.803@example.com,80,Hamburg,2025-07-30
2735,George Nichols,george.119@outlook.com,56,Lyon,2024-03-03
2518,Vincent Castillo,vincent.2334@hotmail.com,46,Houston,2026-02-01
1588,Heidi Burnett,heidi.720@yahoo.com,76,Toronto,2023-03-14
331,Cynthia Wallace,cynthia.1681@gmail.com,38,Mumbai,2023-11-07
6607,Laurie Richard,laurie.5626@yahoo.com,43,Bangalore,2025-12-31
7533,Cory White,cory.1189@yahoo.com,48,Mumbai,2023-12-07
7038,Daniel Gonzales,daniel.3439@hotmail.com,76,Sao Paulo,2025-05-30
29,Thomas Harrell,thomas.1870@gmail.com,43,Paris,2023-11-27
2868,Dawn Adkins,dawn.4245@gmail.com,61,Lyon,2022-10-20
4731,Ashley Lynn,ashley.4564@hotmail.com,56,Munich,2023-06-25
3905,Tammy Wolf,tammy.2024@gmail.com,43,Houston,2026-06-10
8945,Daniel Delacruz,daniel.4331@yahoo.com,68,Madrid,2024-03-01
2224,Howard Campbell,howard.5398@gmail.com,59,,2024-04-20
8817,Kevin Gilbert,kevin.3395@gmail.com,49,Giza,2025-01-05
3660,Stephen Bond,stephen.4424@gmail.com,22,Giza,2025-08-08
844,Susan Conley,susan.3814@yahoo.com,24,London,2025-05-21
4114,Donna Lowery,donna.9884@gmail.com,37,Paris,2023-08-26
1313,Joshua Richardson,joshua.9413@hotmail.com,49,Chicago,16-Aug-2026
4177,Kayla Thomas,kayla.6251@hotmail.com,25,Riyadh,2024-08-09
4900,Sarah Green,sarah.1434@gmail.com,28,Osaka,2025-05-17
8799,Jose Clark,jose.2209@gmail.com,49,New York,2025-04-08
736,Taylor Taylor,taylor.1647@yahoo.com,66,New York,2025-09-09
2263,Michael Gomez,michael.2814@outlook.com,47,Delhi,2025-06-25
5546,Jeffrey Chavez,jeffrey.8851@yahoo.com,38,Madrid,2025-05-22
2953,Paige Smith,paige.3121@yahoo.com,63,Hamburg,2023-03-07
3238,Natalie Watson,natalie.179@hotmail.com,31,Hamburg,2023-10-31
3858,Paul Cox,paul.386@example.com,35,Chicago,2025-03-22
3499,Carla Peterson DDS,carla.4922@gmail.com,21,Manchester,2025-06-20
1092,Rick Rivera,rick.2104@gmail.com,42,Mumbai,2026-01-31
3618,Michael Fernandez,michael.3510@gmail.com,45,Giza,2023-11-10
2595,Karen Ballard,karen.1127@outlook.com,79,Osaka,2024-08-31
9887,Eric Duran,eric.9872@yahoo.com,47,Barcelona,2024-01-23
2788,Edward Kline,edward.5459@yahoo.com,70,Delhi,2023-07-16
6653,James Meyers,james.4832@outlook.com,68,Cairo,2024-01-22
2204,Mary Jones,mary.2479@example.com,72,Sao Paulo,2026-01-22
7074,Tricia Rivera,tricia.7736@gmail.com,42,Sydney,2024-01-23
5515,Adrian Morris,adrian.1735@yahoo.com,,Melbourne,2023-09-08
2347,Steven Mayo,steven.983@hotmail.com,34,Riyadh,2026-06-12
6541,Aaron Adams,aaron.7316@yahoo.com,70,Singapore,2025-04-19
3890,Eric Nielsen,eric.9137@gmail.com,39,Toronto,2025-04-16
6984,Victoria Goodman,victoria.413@gmail.com,57,Giza,2023-09-23
486,Courtney Smith,courtney.8973@example.com,30,Barcelona,2022-10-20
2848,Hector Mcgee,hector.4414@yahoo.com,63,Vancouver,2024-07-05
8784,Brendan Hawkins,brendan.2376@example.com,25,Mumbai,2025-05-01
5044,Jennifer Decker,jennifer.4145@yahoo.com,54,Chicago,2024-06-25
1442,Matthew Carter,matthew.6367@outlook.com,51,Dubai,2022-12-17
5605,John Joyce,john.5352@yahoo.com,27,Dubai,2023-02-04
7651,Sarah Garcia,sarah.5789@gmail.com,41,Lyon,2024-05-31
9884,Michael Murray,michaelATexample.com,80,Toronto,2024-05-21
8821,Patricia King,patricia.3967@gmail.com,48,Dubai,2024-01-31
3607,Melissa Davis,melissa.1909@hotmail.com,69,Giza,2023-04-20
4431,Maureen Patel PhD,maureen.515@yahoo.com,73,Sao Paulo,2024-10-19
2495,Michael Gordon,michael.8338@hotmail.com,40,Munich,2022-12-04
5920,Heather Payne,heather.6389@outlook.com,35,Giza,2024-06-04
4029,Jessica Conrad,jessica.3268@yahoo.com,57,Lyon,2024-03-26
3566,Toni Cunningham,toni.6693@outlook.com,50,Los Angeles,2024-02-20
5666,Alexis Olsen,alexis.3942@yahoo.com,62,Tokyo,2024-12-02
5696,Christopher Sullivan,christopher.2287@gmail.com,31,Hamburg,2025-02-15
5509,Crystal Smith,crystal.4796@outlook.com,27,Bangalore,2024-08-01
1267,Erica Lee,erica.2651@gmail.com,31,Lyon,2023-10-26
4865,Destiny Solis,destiny.4181@yahoo.com,18,Giza,2024-11-09
2223,Amber Edwards,amber.4413@example.com,60,Cairo,2026-06-26
4134,Joseph Fleming,joseph.7207@gmail.com,65,Manchester,2025-04-10
2237,Kimberly Novak,kimberly.8022@outlook.com,74,Berlin,2025-11-01
1922,Michael Walker,michael.372@hotmail.com,44,Mumbai,2026-03-29
4218,Luis Mcclain,luis.2762@hotmail.com,19,New York,2026-07-20
8881,Michelle Reyes,michelle.1157@gmail.com,59,Houston,2024-06-14
7286,Amy Daniels,amy.6648@yahoo.com,66,Osaka,2025-01-17
8380,Micheal Nelson,micheal.8348@yahoo.com,78,Delhi,2026/07/07
288,Katelyn Estrada,katelyn.8453@gmail.com,36,Giza,2022-11-22
5787,Kelli Stewart,kelli.960@outlook.com,41,London,2023-11-02
6165,Garrett Thomas,garrett.8391@outlook.com,41,Vancouver,2026-06-29
6509,James Shelton,james.6177@gmail.com,39,Mumbai,2022-11-17
6887,Michelle Bradley,michelle.1733@gmail.com,54,Mumbai,2022-12-05
8323,Matthew Melton,matthew.4255@outlook.com,40,Dubai,2024-11-20
4086,Sierra Smith,sierra.1488@example.com,41,Paris,2026-02-21
300,Jordan Bullock,jordan.3534@yahoo.com,53,Mexico City,2024-02-09
1346,Sara Sampson,sara.4695@outlook.com,58,Mexico City,2025-04-06
1842,Craig Thompson,craig.9728@hotmail.com,44,Delhi,2026-04-02
8146,Steven Branch,steven.7806@example.com,41,Paris,2026-08-31
7695,Jeffrey Collins,jeffrey.9964@gmail.com,69,Mumbai,2023-04-15
6616,Stephanie Moran,stephanie.7516@gmail.com,0,Berlin,2023-08-29
6156,Rachel Soto,rachel.8868@hotmail.com,22,Dubai,2025-10-02
3561,Tammy Weeks,tammy.7356@outlook.com,32,Barcelona,2025-03-21
6257,Joseph Welch,joseph.3494@yahoo.com,27,Chicago,2024-09-11
5776,Justin Lewis,justin.5349@example.com,29,Sao Paulo,2022-11-28
5846,Joseph Collins,joseph.5547@yahoo.com,73,Houston,2024-11-12
7529,Miss Laura Davis,miss.7870@yahoo.com,66,Singapore,2026-08-20
3416,James Williams,james.7926@outlook.com,79,Paris,2023-12-03
6007,Todd Mendoza,todd.4863@yahoo.com,80,Osaka,2023-09-10
6159,Gregory Smith,gregory.3327@gmail.com,44,Paris,2026-01-26
9596,Bradley Stewart,bradley.861@hotmail.com,29,Riyadh,2023-09-06
5174,Benjamin Chavez,benjamin.6192@hotmail.com,58,Toronto,2026-06-08
9851,James Brown,james.9556@yahoo.com,41,Toronto,2026-01-14
498,Lori Simmons,lori.6699@yahoo.com,67,Los Angeles,2024-09-10
6363,Joseph Hutchinson,joseph.4289@hotmail.com,65,London,2024-03-16
4262,Jose Jackson,jose.6779@yahoo.com,64,Houston,2025-09-22
3993,Andrew Gomez,andrew.1637@example.com,55,Houston,2025-07-25
2015,Audrey Richardson,audrey.7935@outlook.com,20,Houston,2026-02-14
6642,Jaime Oneill,jaime.2155@example.com,56,Mexico City,2024-01-23
9404,Nicholas White,nicholas.2123@hotmail.com,76,Sao Paulo,2026-02-18
9721,Sara Powell,sara.7412@hotmail.com,58,Berlin,2024-10-26
8706,Tiffany Anderson,tiffany.9747@example.com,71,Bangalore,2023-06-25
9326,Robert Lee,robert.6461@hotmail.com,46,Mexico City,2022-09-27
4864,Sharon Drake,sharon.2485@outlook.com,53,Barcelona,2025-08-09
6138,Ryan Howell,ryan.2140@outlook.com,49,Vancouver,2026-05-05
6202,Matthew Casey,matthew.9743@example.com,,Mexico City,2024-03-30
8527,Lauren Wright,lauren.7031@example.com,22,Vancouver,2023-05-29
9107,Scott Oliver,scott.4380@example.com,39,Dubai,2026-06-03
8020,Jacob Miller,jacob.9648@example.com,27,Cairo,2025-12-23
6104,Stephanie Mcdonald,stephanie.7290@gmail.com,23,Sydney,2023-12-28
5595,Daniel Jones III,daniel.4075@yahoo.com,77,Dubai,2024-11-20
1548,Laura Valenzuela,laura.4971@outlook.com,65,Sao Paulo,2023-10-11
8248,Scott Fields,scott.4105@yahoo.com,31,Birmingham,2024-12-26
6793,Fred Phillips,fred.3417@outlook.com,26,Sao Paulo,2024-11-06
9708,Erika Bishop,erika.2214@hotmail.com,42,New York,2025-07-25
5876,Mr. Sean Hicks,mr..2021@yahoo.com,52,Hamburg,2024-08-16
6296,Mary Salas,mary.8335@hotmail.com,60,Berlin,2023-05-07
889,Jodi Anderson,jodi.7910@gmail.com,45,Mexico City,2024-05-12
1095,Barbara Tate,barbara.4068@hotmail.com,43,Mexico City,2023-09-15
4339,Brian Bartlett,brian.1957@outlook.com,70,Osaka,2025-04-17
5478,Annette French,annette.2906@outlook.com,42,Dubai,2023-11-29
6761,Michael Clements,michael.7554@yahoo.com,43,Giza,2026-05-13
6210,Shawn Patel,shawn.6082@example.com,-1,Berlin,2024-03-19
9242,Jerry Smith,jerry.6727@example.com,29,Mexico City,2023-09-07
2519,Anthony Mcmillan,anthony.9596@hotmail.com,20,Cairo,2023-10-25
3358,Linda Hughes,linda.1608@hotmail.com,76,Birmingham,2023-07-25
518,Dawn Underwood,dawn.5254@yahoo.com,37,Osaka,2026-07-30
3764,Michael Flores,michael.1376@yahoo.com,46,Alexandria,2022-10-29
2958,Ashley Owens,ashley.9020@hotmail.com,75,Osaka,2025-01-18
5297,Frank Lawson,frank.9319@yahoo.com,27,Toronto,2023-10-07
4679,Sharon Anthony,sharon.7045@gmail.com,63,Lyon,2024-12-31
6791,David Jackson,david.8960@gmail.com,150,Paris,2024-05-11
1762,Emily Scott,emily.2741@yahoo.com,54,Bangalore,2023-03-03
9888,Frederick Smith,frederick.4261@example.com,72,Dubai,2025-09-20
1666,Paul Munoz,paul.1876@gmail.com,79,Dubai,2026-03-13
6911,Matthew Davis,matthew.3072@yahoo.com,63,Tokyo,2025-04-01
5890,Kim Stewart,kim.8544@yahoo.com,33,Barcelona,2026-05-29
7460,Victor Moore,victor.6127@yahoo.com,44,Dubai,2026-08-29
8996,Michele Brown,michele.3403@yahoo.com,21,Dubai,2025-07-23
3526,Ashley Woods,ashley.2085@yahoo.com,58,Chicago,2024-08-02
4434,Ashley Mendoza,ashley.6227@outlook.com,20,Delhi,2022-11-19
1216,Joseph Cruz,joseph.1276@example.com,34,Berlin,2025-11-15
160,Sean Henry,sean.2064@example.com,31,Giza,2026-03-15
7973,Julie Jones,julie.7188@outlook.com,72,Osaka,2025-11-13
8461,Lisa Jackson,lisa.7000@gmail.com,61,Barcelona,2023-08-18
3325,Eric Fry,eric.7971@hotmail.com,41,Hamburg,2024-10-03
8319,Nicole Frazier,nicole.5105@yahoo.com,19,Alexandria,2025-11-23
3352,Juan Stewart,juan.8225@example.com,27,Mexico City,2023-08-04
5035,Carol Torres,carol.3073@outlook.com,53,London,2023-07-30
7967,Miss Bethany Hall DVM,miss.6288@yahoo.com,49,Singapore,2024-05-27
4797,Laura Osborne,laura.3746@gmail.com,63,Sao Paulo,2026-09-15
4684,Julie Curry,julie.8309@yahoo.com,76,Sao Paulo,2025-10-14
3958,Miguel Todd,miguel.4993@outlook.com,63,Hamburg,2026-02-21
3328,Brandon Burns,brandon.9761@outlook.com,25,Manchester,2024-01-30
8629,Kimberly Carney,kimberly.5659@gmail.com,33,Madrid,2024-06-18
6185,Kevin Mccormick,kevin.3294@example.com,39,Sydney,2025-04-13
1339,Shannon Rogers,shannon.4257@hotmail.com,41,Madrid,2023-10-12
4511,Kara Norton,kara.9985@yahoo.com,70,Melbourne,2023-05-08
253,Sergio Murphy,sergio.1014@outlook.com,24,Sydney,2023-04-20
6786,Jonathan Miller,jonathan.1718@example.com,62,Hamburg,2024-01-17
4546,Aaron Smith,aaron.1113@yahoo.com,27,New York,2026-06-15
6316,Jennifer Lee,jennifer.7046@example.com,43,Hamburg,2022-11-10
5957,Pamela Burgess,pamela.2258@outlook.com,35,Chicago,2025-10-02
9692,Lindsey Bennett,lindsey.3505@yahoo.com,67,Paris,2022-11-30
6152,Gary Griffin,gary.9964@gmail.com,73,Mexico City,2023-11-30
9537,Andrew Price,andrew.9856@yahoo.com,80,Cairo,2023-01-03
1285,Erika Banks,erika.9005@hotmail.com,64,Melbourne,2025-11-17
8986,Linda West,linda.5803@yahoo.com,46,Bangalore,2024-08-10
7631,Jason Rose,jason.7594@hotmail.com,76,Melbourne,2024-10-24
2739,Anthony Campbell,anthony.3926@hotmail.com,60,Berlin,2023-03-13
1414,Leslie Hernandez,leslie.2540@hotmail.com,67,Giza,2025-01-02
1985,Antonio Walton,antonio.7145@hotmail.com,58,Mumbai,2022-09-27
2791,Erin Mora,erin.6420@hotmail.com,70,Mumbai,2023-05-07
1205,Jocelyn Wilcox,jocelyn.7922@hotmail.com,20,London,2022-11-17
5182,Stephanie Li,stephanie.9053@gmail.com,58,Paris,2023-02-03
992,Larry Carey,larry.886@yahoo.com,26,Houston,2026-04-19
7270,Daniel Bruce,daniel.937@yahoo.com,39,Hamburg,2024-04-07
4592,Victoria Martin,victoria.574@gmail.com,37,Los Angeles,2023-04-08
8014,Natalie Mahoney,natalie.5491@gmail.com,61,Toronto,2025-01-01
3841,Rebecca Oneill,rebecca.201@yahoo.com,38,Los Angeles,2022-12-27
8921,Kristen Figueroa DDS,kristen.4502@hotmail.com,65,Bangalore,2026-04-13
39,Barbara Walker,barbara.4336@gmail.com,28,London,2024-01-23
3756,Joseph Pennington,joseph.8915@hotmail.com,80,Tokyo,2026-05-01
8674,Jordan Rich,jordan.3528@hotmail.com,68,London,2024-08-06
5964,Gary Gilbert,gary.744@hotmail.com,45,Singapore,2025-01-26
6872,Sierra Rhodes,sierra.3696@hotmail.com,36,Tokyo,2026-03-29
5528,George Holland,george.2536@example.com,78,Alexandria,2026-06-24
9350,Franklin Underwood,franklin.7917@outlook.com,24,Madrid,2023-02-15
2396,Jason Mcknight,jason.7797@example.com,75,Cairo,2023-12-12
3956,Becky King,becky.9234@hotmail.com,63,Birmingham,2022-10-15
5482,Beth Sullivan,beth.111@hotmail.com,41,Los Angeles,2025-05-14
5912,Pamela Torres,pamela.5069@outlook.com,73,Barcelona,2026-06-30
4072,Jessica Torres,jessica.647@yahoo.com,52,Vancouver,2024-03-06
7968,Melissa Anderson,melissa.2102@outlook.com,31,Giza,2023-01-19
1514,William Martinez,william.5438@yahoo.com,65,Madrid,2023-02-25
5820,Stephen Brandt MD,stephen.6393@gmail.com,24,Giza,2025-05-06
2757,Megan Nelson,megan.7312@gmail.com,48,Mumbai,2024-05-03
6271,Robert Schwartz,robert.5804@example.com,32,Osaka,2025-02-19
5338,Nicole Roberson,nicole.9938@gmail.com,72,Bangalore,2025-07-17
7029,Danielle Huang,danielle.1941@outlook.com,21,Birmingham,2024-10-09
4478,Sydney Green,sydney.700@hotmail.com,44,Hamburg,2026-03-30
7515,Joseph Alvarez,joseph.2219@hotmail.com,76,Cairo,2024-03-04
8343,Mr. Benjamin Mitchell,mr..2699@hotmail.com,70,Sydney,2024-09-05
5493,Jason Howard,jason.4720@yahoo.com,50,Los Angeles,2025-09-02
6305,Gregory Cobb,gregory.278@example.com,,Mumbai,2024-01-11
8546,Jonathan Johnson,jonathan.5858@gmail.com,23,Bangalore,2025-11-25
4854,Mr. Charles Young,mr..8471@example.com,25,Osaka,2026-03-02
7862,Victoria Williams,victoria.9020@example.com,46,Munich,2025-01-08
8130,Jorge Flowers,jorge.3236@gmail.com,45,Alexandria,2026-06-15
4010,Elijah Lewis,elijah.1782@yahoo.com,31,Birmingham,2026-01-11
8031,Timothy Valdez,timothy.3426@yahoo.com,54,New York,2026-06-30
7153,Natasha Hammond,natasha.2965@outlook.com,31,Tokyo,2023-12-21
2474,Morgan Glass,morgan.394@example.com,69,Riyadh,2025-05-13
6287,Elizabeth Lawrence,elizabeth.3969@outlook.com,73,Sydney,2025-09-21
5993,Emily Reed,emily.5362@hotmail.com,32,Sydney,2022-12-06
9084,Jasmine Rivera,jasmine.9792@example.com,24,Los Angeles,2026-06-15
2486,Kevin Perez,kevin.6250@outlook.com,24,Dubai,2025-09-13
6556,William Bennett,william.1024@gmail.com,46,Berlin,2024-08-13
2976,Monica Atkinson,monica.748@example.com,33,Birmingham,2023-09-22
3748,Christopher James,christopher.9375@gmail.com,73,Delhi,2023-08-02
4724,Victoria Mccormick,victoria.8729@example.com,57,Riyadh,2025-09-27
8625,Tina Sherman,tina.9888@yahoo.com,54,Alexandria,2025-09-26
8464,John Cortez,john.6534@outlook.com,67,Hamburg,2023-02-09
1976,Eric Benitez,eric.692@hotmail.com,71,Barcelona,2025-12-22
4136,Jack Anthony,jack.3053@hotmail.com,39,Sydney,2024-12-26
7015,Diane Bonilla,diane.8079@yahoo.com,52,Madrid,2023-09-25
4773,Allison Arellano,allison.7277@outlook.com,27,Bangalore,2023-03-31
845,Brandon Hunt,brandon.3952@hotmail.com,52,Melbourne,2025-08-09
7929,Natalie Ramirez,natalie.2005@hotmail.com,65,Riyadh,2023-05-25
670,Crystal Hicks,crystal.2317@example.com,42,Munich,2022-11-20
5322,Daniel Crosby,daniel.2388@yahoo.com,69,Lyon,2024-05-14
5838,Susan Harper,susan.5741@yahoo.com,41,Manchester,2026-03-01
9231,Eddie Macias,eddie.2914@example.com,66,Mumbai,2024-01-20
2086,Bobby Blair,bobbyATgmail.com,25,Toronto,2026-06-28
9911,Shane Landry,shane.2871@example.com,38,Vancouver,2024-12-27
3288,Phyllis Walls,phyllis.2691@hotmail.com,78,Tokyo,2024-06-27
9665,Michael Lynch,michael.9123@example.com,66,Chicago,2026-02-13
2464,Kristin Taylor,kristin.5293@outlook.com,72,Munich,2022-12-24
624,Raymond Oconnor,raymond.3972@hotmail.com,42,Manchester,2025-08-19
977,Mitchell Wilson,mitchell.5623@yahoo.com,61,Madrid,2023-08-19
3413,Andrea Donaldson,andrea.9227@hotmail.com,47,Delhi,2026-06-11
8446,William Miller,william.126@example.com,76,,2022-11-20
990,John Mendez,john.8200@gmail.com,73,Mumbai,2022-11-13
4726,Eric Clark,eric.4445@hotmail.com,56,Lyon,2024-09-22
9589,Sean Avery,sean.700@yahoo.com,27,Dubai,2025-06-02
3995,Andrew Lam,andrew.158@example.com,45,Tokyo,2025-04-12
17,Crystal Johnson,crystal.1977@yahoo.com,38,New York,2023-12-21
7668,Jacob Rivera,jacob.2017@example.com,33,Houston,2024-08-05
5911,Melissa Nguyen DVM,melissa.9017@yahoo.com,30,Toronto,2025-06-21
7638,Brandy Scott,brandy.9193@gmail.com,63,Madrid,2024-05-03
598,Kayla Barnes,kayla.1345@hotmail.com,27,Berlin,2023-04-06
2275,Joy Jenkins,joy.9589@yahoo.com,30,Birmingham,2024-02-13
4871,Tracy Crawford,tracy.4229@example.com,53,Madrid,2023-02-10
6475,Brian Webb,brian.4093@yahoo.com,53,Hamburg,2026-09-07
9290,Angela Perez,angela.2558@gmail.com,65,Sydney,2024-02-28
8234,Danielle White,danielle.7532@yahoo.com,32,Hamburg,2022-12-05
5531,Jason Johnson,jason.9074@yahoo.com,64,New York,2023-12-21
308,Jesse Brown,jesse.5781@yahoo.com,54,Munich,2026-01-14
7863,Ashley Lee,ashley.3365@example.com,19,Tokyo,2023-03-30
3840,Bonnie Wiley,bonnie.1662@outlook.com,69,Sydney,2026-03-30
7866,James Williams,james.9727@outlook.com,61,New York,2025-02-20
9684,Paul Underwood,paul.5806@outlook.com,20,Vancouver,2023-02-12
4299,Katherine Downs,katherine.5252@example.com,54,Barcelona,2026-07-06
9360,Dr. Selena Harrison,dr..2652@outlook.com,72,Birmingham,2024-06-09
9917,Susan White,susan.2393@hotmail.com,64,Hamburg,2023-11-20
9149,William Hardy,william.6453@outlook.com,18,Sydney,2023-05-24
5971,Scott Thomas,scott.866@outlook.com,28,Houston,2023-05-31
7238,Angela Garcia,angela.4395@gmail.com,54,Houston,2025-01-15
1065,Clinton Johnson,clinton.3851@gmail.com,47,Hamburg,2025-08-15
8661,Paul Lane,paul.1664@yahoo.com,66,Munich,2023-05-17
4241,Whitney Hawkins,whitney.4046@example.com,55,Los Angeles,2026-08-21
2799,Charles Baker,charles.4982@outlook.com,59,Chicago,2026-01-04
679,Marcus Marshall,marcus.8057@outlook.com,63,Melbourne,2025-01-28
6783,Kimberly Hunter,kimberly.1347@outlook.com,69,Manchester,2026-03-14
786,Sara Wright,sara.4778@example.com,68,Birmingham,2024-07-14
3870,Matthew Park,matthew.1657@outlook.com,50,Bangalore,2023-09-09
9079,Erica Smith,erica.6673@hotmail.com,57,Madrid,2022-09-19
7788,Peter Spence,peter.1041@outlook.com,200,Mexico City,2026-01-11
3739,Haley Peters,haley.5669@outlook.com,31,Dubai,2023-01-29
5221,Derrick Reyes,derrick.5818@yahoo.com,71,Lyon,2026-08-06
8407,Michael Anderson,michael.197@gmail.com,77,Berlin,2023-09-02
3100,Pamela Russell,pamela.9289@outlook.com,24,Sydney,2025-04-14
2669,Michael King,michael.3373@example.com,21,Sao Paulo,2025-03-18
9186,Michael Salas,michael.3010@gmail.com,71,New York,2025-08-10
3397,Craig Smith,craig.3944@yahoo.com,50,Bangalore,2024-06-14
8963,Debra Walker,debra.8253@hotmail.com,27,Sao Paulo,2024-03-02
7523,Eric Rasmussen,eric.9313@example.com,76,Melbourne,2023-12-10
396,Caroline David,caroline.5124@yahoo.com,66,Chicago,2023-04-30
1705,Jessica Perry,jessica.2277@example.com,75,Singapore,2025-10-14
9850,Maurice Davidson,maurice.1623@example.com,43,Berlin,2025-12-24
1022,Jason Rodriguez,jason.153@hotmail.com,44,Mumbai,2022-12-31
4545,Jennifer Smith,jennifer.2161@outlook.com,22,Sao Paulo,2025-06-18
4701,Ashley Roberts,ashley.8354@yahoo.com,,Singapore,2024-04-13
4030,Steven Davis,steven.7211@hotmail.com,24,Giza,2024-01-27
9839,Marissa Oliver,marissa.2053@gmail.com,74,Delhi,2025-03-13
3321,Raymond Reynolds,raymond.3741@example.com,50,Chicago,2022-11-01
7041,Shannon Barnes,shannon.7646@example.com,44,Alexandria,2026-02-26
2943,Diana Haley,diana.7735@hotmail.com,76,Dubai,2026-07-04
8768,Paul Riley,paul.1810@gmail.com,69,Hamburg,2023-05-03
3866,Christopher Ray,christopher.5659@outlook.com,62,Dubai,2024-12-23
6633,Aaron Little,aaron.9263@yahoo.com,70,Hamburg,2024-12-04
4382,Jacob Brown,jacob.5955@outlook.com,53,Tokyo,2025-08-19
5526,Cassidy Paul,cassidy.4266@hotmail.com,53,Riyadh,2022-10-04
1385,Amanda Garcia,amanda.4455@hotmail.com,59,Bangalore,2026-02-06
3960,Andrea Mueller MD,andrea.2107@yahoo.com,56,Birmingham,2025-02-25
1748,Stephanie Harrington,stephanie.4268@gmail.com,58,Paris,2024-08-11
5243,Michael Davis,michael.3502@outlook.com,41,Dubai,2026-01-24
1655,Michael Moore,,31,Bangalore,2024-09-09
4439,Brittany Carr,brittany.4615@hotmail.com,23,Sao Paulo,2024-12-22
7307,Tracey Yates,tracey.767@outlook.com,79,Cairo,2025-10-29
9732,Stacey Green,stacey.8885@gmail.com,72,Chicago,2026-05-06
7267,Mrs. Karen Bell DVM,mrs..3249@yahoo.com,74,London,2025-12-08
6449,Daniel Vaughn,daniel.6782@gmail.com,57,Sydney,2024-02-03
9511,Jerry Abbott,jerry.8759@hotmail.com,36,Bangalore,2026-06-28
6340,James Griffin,james.7132@outlook.com,43,Birmingham,2025-02-23
2873,Morgan Cunningham,morgan.5800@outlook.com,50,Birmingham,2026-08-10
5847,Stephen Valenzuela,stephen.1257@gmail.com,26,Mexico City,2026-08-31
9553,Kristin Clark,kristin.9890@outlook.com,41,Paris,2024-08-20
2009,Joseph Swanson,joseph.9792@example.com,66,Toronto,2023-01-27
9334,Sarah Spears,sarah.3377@example.com ,70,Riyadh,2026-05-09
7288,Alexandra Gonzalez,alexandra.6737@yahoo.com,55,Singapore,2023-08-23
6946,Debra Ortiz,debra.4643@example.com,74,Delhi,2026-02-02
5220,Tonya Jackson,tonya.3542@yahoo.com,80,Singapore,2024-11-11
7300,Joanna Holland,joanna.645@gmail.com,63,London,2026-09-03
5781,Monica Johnson,monica.9004@outlook.com,37,Sao Paulo,2023-09-24
8701,Mario Francis,mario.9011@yahoo.com,43,Barcelona,2026-04-23
1424,Faith Johnson,faith.8030@yahoo.com,54,Chicago,2024-05-31
2363,Donald Martin,donald.4321@example.com,49,Riyadh,2023-12-09
9308,Cody Hebert,cody.367@yahoo.com,63,Singapore,2024-10-26
7545,Victoria Mendoza,victoria.4507@outlook.com,36,Madrid,2026-01-11
5725,Thomas Miller,thomas.7818@gmail.com,35,Alexandria,2023-11-08
737,William Jackson,william.9660@outlook.com,40,Mexico City,2026-04-02
9016,Christopher Robinson,christopher.7707@outlook.com,45,Sao Paulo,2026-05-08
4583,Linda Parker,linda.7868@example.com,56,Birmingham,2025-06-06
2472,Deborah Johnson,deborah.4096@yahoo.com,-5,Toronto,2024-01-23
4639,Laura Gonzalez,laura.6654@hotmail.com,70,Houston,2023-11-13
427,Walter Patton,walter.3969@gmail.com,54,Mexico City,2025-10-24
7754,Joseph Gross,joseph.5404@example.com,80,Tokyo,2025-07-06
9709,Alan Smith,alan.6419@yahoo.com,18,Houston,2025-10-27
7160,Allen Rodriguez,allen.8058@gmail.com,45,Chicago,2025-06-08
2217,Samantha Martin,samantha.1259@yahoo.com,67,Paris,2025-12-03
7016,Diana Torres,diana.1316@example.com,27,Hamburg,2022-09-24
336,Brenda Wright,brenda.940@gmail.com,60,Riyadh,2025-04-10
1962,Janice Cunningham,janice.7007@hotmail.com,42,Vancouver,2023-06-27
6050,Douglas Nash,douglas.460@yahoo.com,,Singapore,2025-11-14
6043,Carl Moore,carl.3000@hotmail.com,79,Sydney,2024-08-18
614,Daniel Clark,daniel.1261@hotmail.com,34,Mexico City,2022-12-12
7800,Susan Torres,susan.4469@hotmail.com,27,Madrid,2022-10-28
3319,Lucas Tyler,lucas.4056@outlook.com,25,Alexandria,2026-04-07
9535,Tony Patterson,tony.1267@outlook.com,71,Houston,2024-01-17
2768,Mario Jackson,mario.9207@outlook.com,69,London,2024-02-12
5375,Susan Bolton,susan.6527@outlook.com,52,New York,2022-10-11
5213,Zachary Hill,zachary.369@yahoo.com,64,New York,2024-07-03
2326,Maria Sanford,maria.7252@yahoo.com,67,Cairo,2024-02-13
5104,Jason Torres,jason.1947@gmail.com,69,Manchester,2025-12-18
8365,Diana Jones,diana.1534@hotmail.com,46,Madrid,2025-05-15
5596,Adam Campbell,adam.3508@gmail.com,36,Barcelona,2025-04-30
1028,Megan Hall MD,megan.3273@hotmail.com,71,Lyon,2026-07-13
848,Dylan Solis,dylan.2847@yahoo.com,33,Barcelona,2023-12-17
8535,Lori Jones,lori.9907@outlook.com,57,Lyon,2025-07-15
7914,Kayla Lee,kayla.3413@gmail.com,40,Barcelona,2024-03-27
4557,Kathy Reid,kathy.3589@yahoo.com,78,Los Angeles,2026-03-30
3811,Matthew Stone,matthew.9306@yahoo.com,26,Mumbai,2026-07-15
105,Cheyenne Horton,cheyenne.7111@gmail.com,66,Riyadh,2024-09-08
3646,Susan Johnson,susan.8844@gmail.com,78,Bangalore,2023-01-18
742,Joshua Garcia,joshua.440@hotmail.com,31,Lyon,2024-08-17
435,Thomas Peterson,thomas.5609@example.com,N/A,Mumbai,2024-02-16
379,Donna Hendricks DDS,donna.465@gmail.com,20,Mexico City,2023-03-15
6982,Megan Valdez,megan.2365@outlook.com,44,London,2026-02-24
5600,Jennifer Stephens,jennifer.4940@example.com,24,Los Angeles,2022-11-04
7828,Rebecca Bradley,rebecca.7035@gmail.com,65,Riyadh,2023-10-26
5627,Larry Hunter,larry.4278@yahoo.com,70,Osaka,2026-08-21
747,Lisa Webb,lisa.1164@example.com,74,Cairo,2022-11-01
8156,Debra Wu,debra.843@outlook.com,56,Mumbai,2025-02-12
8802,Autumn Smith,autumn.8467@gmail.com,53,Dubai,2024-04-17
4965,Joshua Oneill,joshua.3282@gmail.com,61,Munich,2024-07-06
9260,Antonio Roberts,antonio.5146@yahoo.com,33,Tokyo,2023-01-08
5999,David Dunn,david.1444@example.com,68,Bangalore,2023-03-29
7451,Nicole Graham,nicole.2187@gmail.com,33,Dubai,2023-07-31
2282,Tammy Garcia,tammy.7994@yahoo.com,63,Alexandria,2024-06-26
9659,Suzanne Fields,suzanne.1866@outlook.com,79,Lyon,2023-11-11
1330,Timothy Moore,timothy.6241@yahoo.com,27,Sydney,2024-09-10
9751,Andrew Parker,andrew.9401@outlook.com,18,Berlin,2022-10-07
1868,Curtis Gonzalez,curtis.7142@yahoo.com,31,Sao Paulo,2024-01-11
4513,Bradley Pacheco,bradley.318@hotmail.com,50,Osaka,2023-03-31
1744,Elizabeth Tucker PhD,elizabeth.7682@outlook.com,50,,2023-04-12
5830,Tina White,tina.224@hotmail.com,46,Los Angeles,2026-01-23
3353,Samantha Harris,samantha.1410@hotmail.com,27,Bangalore,2025-03-05
6686,Shelley Bradley,shelley.3791@outlook.com,50,Madrid,2025-09-08
963,Jonathan Bates,jonathan.5714@outlook.com,34,Houston,2026-02-06
5523,Jesse Brown,jesse.6620@example.com,63,Giza,2025-04-12
2565,Charles Cervantes,charles.5680@outlook.com,78,Berlin,2025-08-25
1919,Anthony Smith,anthony.1261@gmail.com,28,Manchester,2025-10-19
1509,Daniel Lee,daniel.6125@yahoo.com,66,Bangalore,2023-11-02
4793,Adrian Orr,adrian.4258@outlook.com,28,Chicago,2022-09-19
2613,Benjamin Bowen,benjamin.8811@hotmail.com,60,Sao Paulo,2025-10-04
6155,Christopher Bennett,christopher.478@hotmail.com,33,Melbourne,2026-01-12
5711,Gary Roberts,gary.5834@example.com,50,Bangalore,2025-08-24
9277,Chad Chavez,chad.684@example.com,63,Houston,2025-06-05
6416,Eric Garcia,eric.5219@gmail.com,27,London,2025-10-28
5426,Ronald Clark,ronald.7560@outlook.com,57,,2023-10-07
8508,Tamara Miller,tamara.6565@yahoo.com,64,Alexandria,2024-08-05
3777,Jeffrey Lynch,jeffrey.6215@hotmail.com,29,Manchester,2023-11-12
2508,Nicholas Moss,nicholas.9477@example.com,79,Toronto,2022-12-09
9614,Chad Dudley,chad.7794@hotmail.com,19,Riyadh,2023-10-02
1677,Lauren Harris,lauren.7305@example.com,40,Birmingham,2024-12-26
3661,Tamara Carr,tamara.8266@outlook.com,19,Cairo,2024-09-23
9103,Jeanette Ellison,jeanette.5763@outlook.com,26,Singapore,2023-09-07
8633,Samuel Patterson,samuel.80@hotmail.com,39,Cairo,2023-08-04
548,Angelica Montgomery,angelica.266@hotmail.com,53,Sao Paulo,2025-11-25
7081,Jamie Smith,jamie.3565@yahoo.com,41,Alexandria,2026-07-26
5886,Kevin Stokes,kevin.9802@example.com,65,Mexico City,2024-12-21
7626,Margaret Murphy,margaret.7538@hotmail.com,54,Hamburg,2024-10-24
7274,Philip Oconnor,philip.5887@example.com,51,Houston,2023-08-14
9351,Cindy Baird,cindy.3887@outlook.com,42,Los Angeles,2026-06-04
6083,Melissa Torres,melissa.1561@gmail.com,18,Bangalore,2026-03-28
7621,Shannon Casey,shannon.3545@example.com,20,Barcelona,2022-11-03
7921,Corey Wright,corey.4986@yahoo.com,70,London,2025-07-16
3399,Mariah Turner,mariah.4752@hotmail.com,60,New York,2023-09-09
920,Tanner Austin,tanner.1284@outlook.com,30,Melbourne,2025-03-12
99,Mary Marshall,mary.4343@hotmail.com,57,Delhi,2024-06-23
7924,Stephanie Knight,stephanie.5685@hotmail.com,52,London,2025-05-06
64,Dr. Angel Lewis MD,dr..6562@example.com,20,Hamburg,2026-06-11
9055,William Steele,william.1245@yahoo.com,80,Madrid,2026-05-23
1381,Miss Erika Daugherty,miss.4095@yahoo.com,63,Bangalore,2025-01-05
2809,James Walsh,james.6620@yahoo.com,20,New York,2022-10-27
3889,Yolanda Mack,yolanda.5387@example.com,42,Paris,2023-07-09
1069,Dennis Moore,dennis.6756@gmail.com,53,Madrid,2025-04-30
3565,Robert Willis,robert.5597@hotmail.com,25,Giza,2025-03-23
6921,Jason Andersen,jason.9309@gmail.com,25,Manchester,2025-01-06
2898,Heather Bautista,heather.8000@gmail.com,40,Cairo,2026-01-21
7940,Tyler Williams,tyler.9216@yahoo.com,62,,2025-07-19
5720,Brian Mendoza,brian.8371@outlook.com,61,Melbourne,2024-11-24
5697,William Smith,william.836@example.com,47,Melbourne,2023-08-06
6903,Brittney Wheeler,brittney.715@gmail.com,43,Barcelona,2022-12-04
3900,,daniel.9584@yahoo.com,57,Vancouver,2025-06-16
5708,Dustin Chan,dustin.1157@example.com,77,Berlin,2025-08-14
6157,Matthew Berry,matthew.6343@outlook.com,28,Los Angeles,2025-09-29
6078,Kenneth Green,kenneth.6409@yahoo.com,36,New York,2023-09-29
8037,Phillip Barajas,phillip.3549@hotmail.com,29,Lyon,2023-12-23
693,Jason Herrera,jason.9633@hotmail.com,73,Delhi,2026-07-27
6843,Raymond Miller,raymond.3506@yahoo.com,44,New York,2026-05-15
8736,Daniel Sanders,daniel.8361@example.com,63,Birmingham,2023-09-08
2406,Devin Ferrell,devin.4676@yahoo.com,29,Manchester,2023-07-01
2698,Deanna Mcdonald,,44,Osaka,2022-11-01
4720,Francisco Woodward,francisco.9660@example.com,77,Mumbai,2023-02-27
3505,Jasmine Day,jasmine.9683@yahoo.com,66,Cairo,2023-07-04
9247,Sheila Savage,sheila.5666@yahoo.com,41,,2023-08-07
4671,Kevin Evans,kevin.2537@gmail.com,30,Paris,2026-07-28
4180,Justin Bishop,justin.1689@gmail.com,64,Dubai,2023-08-07
5823,Megan Aguilar,megan.4116@example.com,69,Lyon,2024-08-10
2970,Phillip Ward,phillip.3016@gmail.com,28,Barcelona,2025-05-26
4996,Kristen Castro,kristen.6104@hotmail.com,44,Bangalore,2025-06-28
2034,Doris Thomas,doris.6220@outlook.com,31,Lyon,2023-08-01
5495,Desiree Powell,desiree.1360@outlook.com,39,Cairo,2023-10-22
9075,Ashley Smith,ashley.639@yahoo.com,21,Sydney,2026-07-27
7980,Dr. Matthew Maxwell DDS,dr..2305@yahoo.com,52,Sao Paulo,2022-11-14
2830,Joshua Lewis,joshua.1439@example.com,34,Tokyo,2024-08-28
6881,Victor Hayes,victor.3681@yahoo.com,48,Munich,2025-01-13
256,Adrian Tyler,adrian.7173@outlook.com,51,Lyon,2023-08-30
556,Laura Jackson,laura.8955@outlook.com,29,Sao Paulo,2024-03-26
7593,Austin Williams PhD,austin.6543@yahoo.com,29,Mumbai,2024-04-29
7764,David Stewart,david.8874@yahoo.com,80,Cairo,2025-07-18
3094,Kimberly Perez,kimberly.8460@example.com,59,Lyon,2024-04-26
4457,Matthew Freeman,matthew.9697@gmail.com,46,Chicago,2026-04-08
4127,Robert Weaver,robert.561@outlook.com,58,Alexandria,2023-02-10
4508,Kathleen Hanson,kathleen.9458@hotmail.com,62,Houston,2026-04-29
3942,Jesse Wright,jesse.654@hotmail.com,43,Delhi,2024-07-22
316,Jason Morgan,jason.5448@yahoo.com,20,Vancouver,2025-02-06
4254,Jacob Pierce,jacob.2185@outlook.com,31,Mumbai,2023-01-14
6748,Heather Smith,heather.7614@gmail.com,67,Melbourne,2026-03-16
3097,Gabriel Ross,gabriel.7060@gmail.com,75,Delhi,2025-08-08
1141,Kristie Howe,kristie.4634@gmail.com,76,Lyon,2023-05-01
1860,Eric Oneal,eric.477@outlook.com,50,New York,2024-12-29
9386,John King,john.6031@example.com,32,Singapore,2026-05-05
5910,John Sparks,john.777@outlook.com,35,Munich,2025-04-01
6659,Diane Fox,dianeAThotmail.com,71,Giza,2025-10-19
8474,Donna Garcia,donna.4234@yahoo.com,80,Dubai,2022-10-21
482,Veronica Brewer,veronica.3579@yahoo.com,61,Singapore,2024-05-23
4238,Steven Davis,steven.5973@yahoo.com,38,Madrid,2024-04-12
3174,Caitlin Costa,caitlin.4334@hotmail.com,71,Osaka,2022-12-13
352,Andrea Fox,andrea.7293@gmail.com,69,Mumbai,2024-09-27
7389,Leslie Greer DVM,leslie.3363@example.com,44,Houston,2024-06-05
5323,Melissa Johnson,melissa.5140@example.com,39,Sao Paulo,2024-04-21
907,Michele Holland,michele.4316@yahoo.com,71,Manchester,2025-09-24
6024,Joshua Christian,joshua.2613@yahoo.com,54,Chicago,2024-08-15
3798,Steven Thompson,steven.1642@yahoo.com,76,Vancouver,2025-09-11
6400,Cynthia Blair,cynthia.8881@example.com,41,Alexandria,2025-12-13
3403,Elizabeth Brown,elizabeth.6961@yahoo.com,19,Birmingham,2024-07-27
9798,Nancy Pittman,nancy.8467@gmail.com,47,Cairo,2023-05-15
1622,Elizabeth Foster,elizabeth.3172@gmail.com,25,Cairo,2024-03-11
2060,Mrs. Kimberly Clark,mrs..439@yahoo.com,42,Dubai,2023-02-08
4376,Matthew Schmidt,matthew.6649@outlook.com,74,Munich,2023-10-18
7727,Dr. Lisa Jones,dr..1163@hotmail.com,54,Hamburg,2026-01-02
6168,Michelle Hall,michelle.7225@outlook.com,43,Houston,2024-11-09
3614,Kimberly Watson,kimberly.6164@yahoo.com,-1,Houston,2025-11-10
2455,Phillip Obrien,phillip.9041@yahoo.com,60,Bangalore,2026-01-27
8136,Benjamin Moore,benjamin.1416@outlook.com,25,Houston,2025-01-04
2494,Eileen Valdez,eileen.3173@example.com,26,Riyadh,2024-10-25
2256,Jeffrey Kennedy,jeffrey.4877@hotmail.com,55,Bangalore,2022-12-05
6778,James Morrison,james.3932@outlook.com,49,Chicago,2024-07-21
1520,Zachary Vasquez,,47,Riyadh,2023-02-17
1413,Danielle Murphy,danielle.9521@outlook.com,62,Dubai,2025-01-10
114,Denise Jones,denise.4162@outlook.com,34,Mumbai,2023-11-08
8328,Michael Moore,michael.8142@outlook.com,39,Barcelona,2026-06-07
9647,David Brown,david.9214@outlook.com,50,Sydney,2026-04-26
470,Joshua Ruiz,joshua.3028@yahoo.com,48,Toronto,2024-11-10
6947,Michael Smith,michael.4479@outlook.com,45,Hamburg,2024-06-01
6722,Kenneth Blake,kenneth.6078@outlook.com,39,Riyadh,2026-01-14
5803,Kimberly Adams,kimberly.5356@outlook.com,34,Chicago,2024-05-30
5538,Dawn Parker,dawn.2827@yahoo.com,54,Mexico City,2023-08-09
9674,John Evans,john.472@example.com,32,Alexandria,2023-07-20
5158,Michele Wright,michele.2703@example.com,23,Giza,2024-03-20
4468,Scott Thomas,scott.5640@gmail.com,57,Singapore,2024-08-15
4753,Lauren Smith,lauren.4545@gmail.com,53,Madrid,2024-07-27
3251,Justin Vincent,justin.9434@gmail.com,76,Hamburg,2024-12-11
448,Abigail Pierce,abigail.8701@yahoo.com,58,London,2026-06-05
4374,Christine Douglas DVM,christine.2360@gmail.com,47,Munich,2023-09-05
1467,Gregory Madden,gregory.7413@outlook.com,79,Berlin,2026-03-17
7407,Douglas Hutchinson,douglas.7497@gmail.com,52,Munich,2022-10-30
8190,Michael Spencer,michael.2644@yahoo.com,32,Los Angeles,2025-06-24
3793,Rachel Patel,rachel.9615@hotmail.com,41,Barcelona,2025-06-08
9077,Jamie Collins,jamie.8730@gmail.com,60,Delhi,2026-06-14
6223,Patty Diaz,patty.1999@outlook.com,78,Lyon,2023-05-20
4044,Emily Henderson,emily.1115@hotmail.com,79,Tokyo,2024-03-02
8205,Erin Novak,erin.9811@outlook.com,51,London,2026-07-13
6525,Sean Jones,sean.5068@hotmail.com,66,Los Angeles,2026-03-08
2875,Thomas Bishop,thomas.3749@hotmail.com,58,Tokyo,2026-09-06
9644,Adrian Hansen,adrian.152@gmail.com,47,Munich,2022-11-11
5745,Keith Murphy,keith.9403@yahoo.com,35,Madrid,2024-11-04
6211,Eric Dillon,eric.2978@gmail.com,72,Sao Paulo,2023-07-25
4418,Christopher Gutierrez,christopher.1129@yahoo.com,26,Dubai,2023-07-15
5568,Olivia Cobb,olivia.9322@outlook.com,40,Mumbai,2023-01-07
5599,Justin Keith,justin.2931@outlook.com,59,Osaka,2026-02-14
8950,Megan Wells,megan.3944@example.com,38,Tokyo,2024-10-30
363,Jacob Preston,jacob.6709@example.com,22,Los Angeles,2025-09-06
6549,Lauren Moore,lauren.3169@example.com,,Houston,2023-03-26
2727,Dustin Hughes,dustin.6698@outlook.com,58,Sao Paulo,2025-12-29
1464,Jorge Lee,jorge.5300@example.com,33,Barcelona,2023-12-25
1248,Rebecca Brewer,rebecca.712@example.com,45,London,2024-08-20
6145,Daniel Sheppard,daniel.9747@yahoo.com,77,Melbourne,2025-02-25
3249,Derek Lambert,derek.6273@yahoo.com,54,Cairo,2026-07-25
509,Tonya Wilson,tonya.1849@gmail.com,69,Mumbai,2026-09-16
6336,Mary Hawkins,mary.7473@hotmail.com,48,Cairo,2026-02-25
5029,Gerald Moran,gerald.2759@yahoo.com,59,Sao Paulo,2025-05-16
9017,Tommy Murphy,  tommy.1524@example.com  ,59,Singapore,2026-06-27
1938,Amy Brooks,amy.2073@outlook.com,34,Vancouver,2023-11-24
6246,Catherine Garza,catherine.3193@gmail.com,45,Cairo,2023-04-11
6785,David Jacobs,david.6754@gmail.com,20,Osaka,2024-10-15
1191,Jennifer Jenkins,jennifer.7979@example.com,24,Chicago,2024-06-25
1122,Meredith Scott,meredith.9886@yahoo.com,67,Bangalore,2024-03-05
6214,Cole Obrien,cole.9643@gmail.com,35,Chicago,2023-11-03
3510,Zachary Swanson MD,zachary.4262@yahoo.com,79,Berlin,2025-03-18
9434,Nicholas Randall III,nicholas.2486@yahoo.com,42,Mumbai,2022-12-09
1848,Sherry Jones,sherry.4935@hotmail.com,44,Cairo,2023-04-16
2921,William Barnett,william.1768@gmail.com,26,Los Angeles,2024-10-15
7200,Amy Carpenter,amy.9608@hotmail.com,19,Hamburg,2026-01-22
6060,Amy Moreno,amy.2856@example.com,40,Vancouver,2026-07-02
1303,Jennifer Flores,jennifer.2925@outlook.com,38,Vancouver,2024-03-29
4147,Leslie Case,leslie.3635@gmail.com,30,Bangalore,2024-06-14
4414,Lisa Mccarty,lisa.5938@outlook.com,55,Barcelona,2024-06-22
1818,Eric Sims,eric.7362@gmail.com,20,Toronto,2022-12-22
3568,Heather Blake,heather.7440@gmail.com,28,New York,2024-11-02
80,Rita Keith,rita.3994@outlook.com,53,Los Angeles,2022-10-23
4947,Natalie Krueger,natalie.294@outlook.com,55,Riyadh,2024-01-08
5872,Lisa Roberts,lisa.8767@hotmail.com,62,Giza,2023-04-08
4263,Anthony Arnold,anthony.4077@example.com,67,Singapore,2025-03-03
1997,Robert Nguyen,robert.5940@gmail.com,52,Barcelona,2024-06-27
612,Cynthia Cochran,cynthia.2391@gmail.com,28,Munich,2025-01-22
6548,Suzanne Evans,suzanne.5699@yahoo.com,65,Chicago,14-Dec-2025
7878,Melissa Sanders,melissa.2405@example.com,53,Los Angeles,2025-01-07
8484,Donna Ellis,donna.5713@example.com,54,Delhi,2025-01-29
2764,Christine Wolfe,christine.8061@gmail.com,68,Delhi,2025-05-27
5656,Eric Austin,eric.3221@gmail.com,19,Barcelona,2026-03-13
5455,Mark Johns,mark.8266@gmail.com,53,Delhi,2024-07-05
7494,Walter Cobb,walter.5253@example.com,65,Paris,2025-04-16
1731,Richard Espinoza,richard.3045@outlook.com,56,Cairo,2025-05-26
3736,Alan Simpson,alan.4105@gmail.com,53,Osaka,2024-06-24
9419,Ryan Edwards,ryan.8190@hotmail.com,73,Toronto,2022-11-01
633,Danielle Watson,danielle.1212@outlook.com,56,Paris,2026-04-29
2135,James Eaton,james.3572@yahoo.com,24,Chicago,2023-03-26
1448,Harry Bryant,harry.6815@hotmail.com,68,Delhi,2023-05-18
8047,Richard Carson,richard.7732@yahoo.com,40,Berlin,2026-05-11
3783,Lori Holland,lori.5716@example.com,46,Melbourne,2023-11-05
6438,Joshua Riley,joshua.2796@yahoo.com,19,Houston,2024-07-26
1610,Thomas Chavez,thomas.6209@gmail.com,66,Munich,2025-05-28
4355,Lisa Smith,lisa.9858@example.com,36,Madrid,2024-03-01
7858,Melvin Perez,melvin.9872@gmail.com,53,Barcelona,2024-04-01
7058,Jeffrey Carter,jeffrey.3323@example.com,74,Singapore,2025-11-10
4481,Richard Burke,richard.7609@outlook.com,27,Los Angeles,2026-02-27
6900,Phillip Hayden,phillip.1795@example.com,20,Paris,2026-06-06
6772,Lisa Henderson,lisa.1409@hotmail.com,73,Berlin,2023-06-20
5099,Timothy White,timothy.3617@yahoo.com,31,Vancouver,2023-06-11
9785,Terry Lin,terry.6990@outlook.com,40,London,2025-12-18
7193,Sarah Gomez MD,sarah.783@hotmail.com,80,Singapore,2024-05-28
4184,Jennifer Nelson,jennifer.4520@hotmail.com,58,Lyon,2024-11-22
6738,Jasmine Chavez,jasmine.1343@example.com,33,Dubai,2023-01-30
3857,Richard Yoder,richard.5529@hotmail.com,67,Melbourne,2024-08-18
4229,Garrett Robinson,garrett.4486@gmail.com,49,London,2025-03-29
534,Adam Jackson,adam.9912@example.com,20,Tokyo,2024-09-16
279,Sandra Adams,sandra.4669@outlook.com,32,Madrid,2023-06-07
3941,Michele Ford,michele.980@hotmail.com,69,Berlin,2023-06-29
9066,Daniel Richardson,daniel.9966@hotmail.com,54,Hamburg,2026-03-29
3155,Donna Simmons,donna.2044@outlook.com,59,Hamburg,2026-01-03
9874,Thomas Wade,thomas.1338@example.com,64,Berlin,2024-05-13
3203,Sean Tran,sean.8046@gmail.com,44,Giza,2024-03-08
8479,Rodney Sharp,rodney.9614@gmail.com,23,Sao Paulo,2024-05-18
3379,Teresa Thompson,teresa.1754@hotmail.com,56,New York,2024-11-25
8121,Jeffrey Morgan,jeffrey.2647@gmail.com,27,Lyon,2024-11-14
7019,Angela Jordan,angela.5528@example.com,68,Birmingham,2024-07-17
3854,Brandon Sanchez,brandon.4616@gmail.com,25,,2023-10-05
2705,Jessica Ross,  jessica.5922@gmail.com  ,62,Mumbai,2026-01-17
5093,Michael Santos,michael.3729@outlook.com,79,Madrid,2026-01-22
3519,Stephen White,stephen.7208@gmail.com,47,Alexandria,2023-07-24
393,Michael Reed,michael.2309@gmail.com,21,Birmingham,2026-06-22
6895,Matthew May,matthew.7596@outlook.com,21,Sao Paulo,2022-09-20
1874,Brittany Sanders,brittany.1821@outlook.com,47,Munich,2023-08-14
3467,Susan Le,susan.4972@yahoo.com,19,Sao Paulo,2024-05-19
1845,Jamie Cobb,jamie.3920@yahoo.com,57,Delhi,2023-02-26
5184,William Powell,william.6721@example.com,72,Dubai,2022/10/29
5834,Ashley Velez,ashley.8664@hotmail.com,32,Bangalore,2024-01-10
8394,Christian Harris,christian.8694@gmail.com,52,Osaka,2022-09-23
5533,Mrs. Stephanie Harris,mrs..2977@outlook.com,79,New York,2025-09-02
9860,Janet George,janet.8426@gmail.com,26,Mexico City,2023-05-24
2317,Hannah Arnold,hannah.108@yahoo.com,71,Sydney,2023-11-21
5326,Lucas Jackson,lucas.3943@example.com,68,Singapore,2024-09-21
9416,Mark Rollins,mark.7741@yahoo.com,20,London,2024-06-17
3056,Martin Smith,martin.1263@gmail.com,54,Melbourne,2026-05-26
8076,Max Anderson,max.5808@yahoo.com,61,Mexico City,2024-04-05
86,Tracy Ramirez,tracy.9502@outlook.com,73,Los Angeles,2025-04-11
5490,Samuel Anderson,samuel.5536@example.com,39,Bangalore,2025-06-06
9282,Jordan Williams,jordan.7539@hotmail.com,57,Mumbai,2024-08-11
3988,Kyle Davis,kyle.3404@yahoo.com,33,Barcelona,2025-04-20
2804,Melissa Carroll,melissaAToutlook.com,61,Sydney,2025-02-01
3158,Nicholas Harvey,nicholas.5503@gmail.com,77,Chicago,2025-12-24
4675,Christine Shaw,christine.7286@gmail.com,24,Chicago,2025-09-19
8741,Mr. Mark Hamilton DVM,mr..145@outlook.com,25,Munich,2023-09-23
8044,Gabriella Howe,gabriella.7436@outlook.com,58,Osaka,2024-09-10
5532,Parker Knight,parker.6431@gmail.com,53,Tokyo,2022-10-14
6656,Krista Clark,krista.3651@example.com,45,Toronto,2026-02-04
9847,Sandra Mcknight,sandra.5369@hotmail.com,49,Cairo,2026-07-17
3531,Sharon Hicks,sharon.4245@hotmail.com,19,Mumbai,2026-09-01
8894,Johnathan Yates,johnathan.2438@hotmail.com,18,Berlin,2023-11-13
3543,Alexis Rodriguez,alexis.419@gmail.com,56,Houston,2023-07-15
2992,Robin Clay,robin.3342@example.com,58,Sydney,2023-11-20
4091,Roger Clark,roger.1070@outlook.com,78,Tokyo,2024-11-06
3243,Nathaniel Gibson,nathaniel.9960@gmail.com,54,Osaka,2026-04-04
6896,Claudia Silva,claudia.159@example.com,51,Manchester,2023-04-22
796,Robert Torres,robert.1525@gmail.com,76,London,2026-07-30
4495,Darlene Kelly,darlene.1097@hotmail.com,63,Paris,2025-02-06
1077,Jessica Diaz,jessica.3634@gmail.com,39,Vancouver,2023-10-01
8118,Laurie Andrews MD,laurie.171@hotmail.com,55,Riyadh,2024-01-19
9461,Alicia Jones,alicia.3713@gmail.com,43,Dubai,2023-09-24
146,Leonard Gray,leonard.1912@yahoo.com,20,Mexico City,2022-10-28
5215,Tyler Perry,tyler.8208@example.com,29,Melbourne,2023-03-23
1772,Justin Glover,justin.7075@example.com,-1,Riyadh,2023-12-06
8080,Bobby Martinez,bobby.8145@yahoo.com,48,Los Angeles,2022-10-10
480,Zachary Michael,zachary.7455@example.com,41,Munich,2022-12-26
972,Holly Valdez,holly.9831@outlook.com,60,Toronto,2026-01-19
7557,Lisa Edwards,lisa.607@example.com,70,Giza,2023-08-14
3575,Anna Mclean,anna.9125@yahoo.com,63,Birmingham,2025-02-26
4061,Carrie Larson,carrie.7631@outlook.com,74,Osaka,2026-06-23
2244,Ryan Crane,ryan.8597@gmail.com,36,Hamburg,2024-03-15
4024,Juan Davis,juan.2293@outlook.com,67,Manchester,2023-01-11
6508,Tiffany Pierce,tiffany.4861@yahoo.com,20,Munich,2025-04-05
6503,Brian Nixon,brian.6726@yahoo.com,20,Los Angeles,2025-03-27
6597,Kimberly Lee,kimberly.6751@outlook.com,,Birmingham,2025-12-26
4603,Linda Newman,linda.218@example.com,75,Alexandria,2022-10-12
5659,Stephen Anderson,stephen.7037@example.com,34,Paris,2022-11-09
9546,Ryan Fisher,ryan.9423@outlook.com,64,Hamburg,2023-10-06
373,Austin Osborne,austin.9025@hotmail.com,26,Riyadh,2024-03-05
7564,Alyssa Walker,alyssa.8060@outlook.com,18,Alexandria,2023-07-19
6537,Jeffrey Lynch,jeffrey.1048@gmail.com,36,Chicago,2026-02-05
6956,Robert Thomas,robert.5680@example.com,74,Giza,2024-04-24
991,Kathy Wilson,kathy.6254@example.com,37,Munich,2024-08-21
3372,Maria George,maria.3976@example.com,50,Vancouver,2025-12-13
6212,Ann Chavez,ann.3925@gmail.com,-5,Tokyo,2025-09-03
3080,Jessica Savage,jessica.531@yahoo.com,35,Giza,2022-12-27
9603,Evan Bell,evan.315@hotmail.com,38,Tokyo,2026-01-22
7201,Alison Tyler,alison.10@example.com,72,Madrid,2023-06-26
5169,Tracy Russell,tracy.1256@yahoo.com,0,Melbourne,2025-01-19
9196,David Moore,david.3343@yahoo.com,76,Birmingham,09/02/2024
1521,Matthew Miller,matthew.1092@outlook.com,60,Manchester,2023-04-14
1259,Jill Johnson,jill.8784@outlook.com,54,Vancouver,2024-08-22
8255,Emily Contreras,emily.4617@example.com,77,Cairo,2023-01-22
8151,April Brennan,april.6209@gmail.com,68,Barcelona,2026-05-18
3209,Cynthia Fischer,cynthia.5682@outlook.com,57,Dubai,2026-08-07
428,Mikayla Silva,mikayla.1801@yahoo.com,19,Hamburg,2023-05-24
8609,Katie Lam,katie.7029@yahoo.com,72,Munich,2026-05-07
1928,Robert Santos,robert.5617@hotmail.com,49,Barcelona,2024-03-09
3424,Erin Ortega,erin.7806@hotmail.com,66,London,2024-10-25
6183,Jeremy Gonzalez,jeremy.5098@gmail.com,60,Dubai,2023-01-23
1233,Joshua Carter,joshua.306@hotmail.com,200,Giza,2023-04-01
9191,Tracy Clay,tracy.5003@example.com,28,Paris,2026-08-03
2491,Bryan Jones,bryan.5378@example.com,30,New York,2023-09-17
7525,Benjamin Haney,benjamin.2158@gmail.com,23,Paris,2025-02-15
5868,Aaron Bailey,aaron.6963@hotmail.com,29,Manchester,2025-07-31
2515,Matthew Patton,matthew.6159@yahoo.com,43,Chicago,2025-12-13
5682,Andres Miller,andres.6472@example.com,51,Paris,2025-07-19
9274,Joseph Ferguson,joseph.9665@outlook.com,64,Sydney,2024-10-29
9728,Jerry Anderson,jerry.713@hotmail.com,24,Sao Paulo,2025-03-27
951,Kevin Cunningham,kevin.501@yahoo.com,41,Paris,2024-03-02
5652,Mark Boyle,mark.3756@hotmail.com,23,Alexandria,2024-02-24
6404,Carol Baker,carol.3194@hotmail.com,47,Birmingham,2025-05-04
7779,Whitney Bennett,whitney.942@hotmail.com,22,Munich,2025-04-14
4196,Brett Maxwell,brett.654@hotmail.com,59,Sydney,2026-06-23
1256,Andres Gutierrez,andres.3366@hotmail.com,44,Vancouver,2024-09-12
8079,Jacob Miller,jacob.1449@gmail.com,33,Cairo,2024-12-02
456,William Mitchell,william.612@yahoo.com,44,Osaka,2026-09-01
7043,Katherine Boone,katherine.835@example.com,34,New York,2024-12-09
6028,Johnny Harris,johnny.9832@gmail.com,74,London,2023-08-02
4318,Elizabeth Miller,elizabeth.8115@yahoo.com,54,Riyadh,2024-01-29
4464,Chad Taylor,chad.3576@outlook.com,34,Melbourne,2024-04-25
4080,Jamie Jackson,jamie.7186@outlook.com,30,Houston,2023-01-01
376,Jennifer Banks,jennifer.9514@yahoo.com,28,Mumbai,2023-09-16
2604,Susan Wang,susan.8044@outlook.com,47,Barcelona,2024-12-02
3375,Bobby Frederick,bobby.6434@yahoo.com,43,Mumbai,2024-07-09
8703,  Dana Hanson  ,dana.7931@gmail.com,67,Cairo,2026-04-03
1836,Amanda Robinson,amanda.6802@yahoo.com,62,Vancouver,2022-09-22
495,Kyle Chambers,kyle.743@outlook.com,40,Delhi,2023-12-29
5261,Gary Hess,gary.760@example.com,62,New York,2024-04-13
586,Megan Martin,megan.6526@gmail.com,37,Chicago,2026-08-24
4761,Natalie Sparks,natalie.3873@yahoo.com,19,Madrid,2026-09-15
9668,John Bishop,john.2558@outlook.com,28,Melbourne,2022-11-30
8294,Jaclyn Miller,jaclyn.7680@outlook.com,76,Sydney,2026-09-01
1887,Brian Tran,brian.6461@outlook.com,69,Sydney,2022-11-02
8509,Amber Moore,amber.3247@yahoo.com,38,Osaka,2026-05-06
3567,Marcus Zamora,marcus.9438@outlook.com,150,Osaka,2024-01-04
186,Jordan Edwards,jordan.1558@hotmail.com,45,Toronto,2024-01-02
9363,Sarah Webb,sarah.9648@example.com,23,Berlin,2026-02-28
9019,Steven Buchanan,steven.7563@example.com,44,Berlin,2023-03-26
1134,William Nguyen,william.8799@outlook.com,150,Vancouver,2024-03-13
8626,Adrian Wilson,adrian.7659@outlook.com,32,Sao Paulo,2025-10-30
883,Matthew Blanchard,matthew.9471@yahoo.com,28,Hamburg,2023-04-01
8013,William Lang,william.7074@hotmail.com,80,Riyadh,2024-06-24
6533,Jessica Flynn,jessica.2119@yahoo.com,36,Mumbai,2026-03-02
4275,Michael Summers,michael.9932@gmail.com,80,Madrid,2024-02-02
3826,Antonio Oconnor,antonio.8751@gmail.com,40,Paris,2023-03-28
2484,Chad Kim,chad.7076@gmail.com,24,Mumbai,2026-04-19
7247,Monica Peters,monica.6976@gmail.com,46,Sydney,2022-10-31
1542,Alfred Williams,alfred.3315@yahoo.com,37,Delhi,2026-01-21
3390,Joe Lindsey,joe.7762@gmail.com,71,Lyon,2025-06-02
6432,Melinda Hall,melinda.9989@example.com,40,Singapore,2025-06-09
5259,Patrick Turner,patrick.5530@yahoo.com,49,Sao Paulo,2023-03-25
3149,William Jacobs,william.1597@gmail.com,31,Bangalore,2023-06-15
3555,Richard Brewer,richard.3999@hotmail.com,33,Sydney,2024-03-31
1149,Sheila Perez,sheila.7131@gmail.com,65,Mumbai,2025-04-27
2525,Deanna Scott,deanna.2249@outlook.com,59,Sydney,2025-06-04
8408,Nicholas Butler,nicholas.8460@hotmail.com,42,Birmingham,2024-07-11
592,Shane Lopez,shane.9759@outlook.com,80,Singapore,2024-01-06
1765,Erika Johnson,erika.6534@outlook.com,37,Paris,2022-12-11
1918,Michelle Prince,michelle.2930@hotmail.com,79,Mexico City,2024-04-09
3085,Justin Cervantes,justin.5153@outlook.com,64,Vancouver,2025-10-14
2586,April Jones,april.7398@hotmail.com,23,Chicago,2024-12-09
9487,Johnny Joseph,johnny.2159@example.com,69,Paris,2025-12-23
4949,Matthew Morris,matthew.6837@outlook.com,76,Osaka,2024-07-05
6753,Jean Brown,jean.8727@yahoo.com,72,Barcelona,2022-11-25
6224,Joshua Murphy,joshua.5838@yahoo.com,27,Sao Paulo,2026-03-21
1151,Andrew Fernandez,andrew.5435@gmail.com,23,Giza,2023-04-23
832,Nicholas Lawrence,nicholas.4027@hotmail.com,49,Munich,2023-05-21
2667,Jacob King,jacob.6798@hotmail.com,66,Cairo,2026-05-25
564,Vincent Novak,vincent.8720@example.com,44,Cairo,2023-11-16
5003,Terry Carr,terry.8800@outlook.com,36,Alexandria,2025-03-03
4752,Chad Duncan,chad.893@gmail.com,72,Giza,2023-07-01
1512,Jessica Rosario,jessica.4714@gmail.com,39,Delhi,2023-06-08
647,Melissa Abbott,melissa.6816@gmail.com,25,Melbourne,2025-05-05
3667,John Warner,john.3321@gmail.com,34,Riyadh,2023-10-07
1370,Katherine Brown,katherine.7481@example.com,45,Lyon,2024-11-14
8233,Adrian Blevins,adrian.795@outlook.com,39,Munich,2025-02-09
3340,Brianna Obrien,brianna.2015@outlook.com,68,Hamburg,2023-09-20
8544,Lisa Molina,lisa.8892@yahoo.com,44,Sao Paulo,2024-05-27
2711,William Walton,william.3094@outlook.com,28,Melbourne,2023-03-25
425,Michael Whitney,michael.8590@example.com,67,Melbourne,2025-01-16
9332,Evan Matthews,evan.6260@outlook.com,30,Lyon,2024-02-21
1909,Jane Reese,jane.3438@yahoo.com,38,Vancouver,2026-02-18
1901,Steven Quinn,steven.899@example.com,78,Sao Paulo,2024-07-16
2105,Caleb Freeman,caleb.8444@outlook.com,60,Singapore,2023-05-02
8748,Heather Gallagher,heather.4980@hotmail.com,34,Sao Paulo,2023-02-16
3920,,christy.9990@example.com,50,Giza,2026-06-23
8087,Sally Cooley,sally.2160@gmail.com,80,Birmingham,2024-07-15
3042,Annette Meyer,annette.6302@gmail.com,55,Delhi,2025-05-13
1429,Justin Jones,justin.4315@example.com,41,Hamburg,2025-07-19
9321,Eric Butler,eric.2724@gmail.com,34,Riyadh,2023-07-30
7005,Kristen Cowan,kristen.2058@yahoo.com,38,Tokyo,2023-12-30
7565,Sheri Miller,,55,London,2022-09-18
2882,Erin Ellis,erin.2236@outlook.com ,49,Lyon,2025-05-16
7085,Heather Marshall,heather.3640@example.com,26,Birmingham,2025-06-20
3512,Elaine Trevino,elaine.4599@hotmail.com,23,London,2022-12-06
3312,Kimberly Lara,kimberly.3910@yahoo.com,38,Mumbai,2023-04-18
1125,Teresa Perry,teresa.666@outlook.com,35,Madrid,2024-03-09
7750,Christopher Wolfe,christopher.2648@hotmail.com,43,,2023-01-28
6012,Derrick Diaz,derrick.7134@gmail.com,65,Munich,2025-11-20
8231,Stephanie Brown,stephanie.8517@example.com,69,Madrid,2026-03-31
4293,Matthew Bennett,matthew.1907@example.com,22,Toronto,2024-07-10
3822,Tyler Baker,tyler.6166@outlook.com,63,London,2026-02-04
4958,Brooke Ware,brooke.4484@example.com,70,Osaka,2024-03-13
3342,Timothy Reilly,timothy.137@outlook.com,77,Mumbai,2024-07-12
1866,Ryan Hunt,ryan.6153@yahoo.com,22,Paris,2025-04-14
9782,Raymond Gonzalez,raymond.4734@gmail.com,29,Melbourne,2023-02-23
1415,William Williams,william.4076@yahoo.com,49,Giza,2024-08-04
134,Ashley Weiss,ashley.5550@gmail.com,47,Mexico City,2026-07-27
6663,Jennifer Mooney,jennifer.3029@gmail.com,77,Tokyo,2024-05-12
4956,Sara Greer,sara.3634@outlook.com,33,Berlin,2025-04-25
992,Larry Carey,larry.886@yahoo.com,26,Houston,2026-04-19
9466,Rhonda Bell,rhonda.3973@outlook.com,63,Melbourne,2024-02-26
3878,Anthony Wright,anthony.7749@yahoo.com,66,Sao Paulo,2026-04-25
9266,Kristin Pacheco,kristin.6594@gmail.com,27,Sydney,2026-06-10
8564,Tara Dixon,tara.8720@gmail.com,38,Cairo,2024-03-15
4144,Michael Lambert,michael.5031@outlook.com,45,Madrid,2023-04-06
7839,Stacy Gibbs,stacy.5569@example.com,37,Munich,2026-08-13
4626,Andrea Love,andrea.6865@gmail.com,50,Madrid,2024-08-07
441,Jamie Baird,jamie.4481@hotmail.com,25,Barcelona,2025-12-25
1002,Jacob Hill,jacob.3268@hotmail.com,78,Cairo,2025-06-07
5194,Wayne Banks,wayne.3076@example.com,59,Giza,2022-12-07
7835,Wayne Moore,wayne.1417@hotmail.com,23,Sydney,2025-03-09
5794,Janice Kelly,janice.9491@hotmail.com,38,Vancouver,2025-08-27
2700,Jacqueline Gray,jacqueline.2661@yahoo.com,66,Munich,2025-01-23
5927,Jessica Harper,jessica.4406@example.com,48,Alexandria,2024-01-22
636,Casey Perez,casey.9730@gmail.com,24,Singapore,2025-06-06
1451,Andrew Stewart,andrew.1277@yahoo.com,79,Lyon,2023-03-20
2885,Alexander Guzman,alexander.8755@hotmail.com,33,Bangalore,2026-02-02
1479,John Watts,john.5320@outlook.com,29,Paris,2023-09-09
4105,Victoria Keller,victoria.467@gmail.com,39,Cairo,2024-09-16
362,Richard Glenn,richard.7843@example.com,44,Singapore,2024-01-14
4745,Charles Roberts,charles.4175@outlook.com,47,Sao Paulo,2023-10-09
3827,Devon Anderson,devon.9609@gmail.com,32,Osaka,2026-02-02
8818,Joseph Morrison,joseph.6980@outlook.com,40,Houston,2024-03-02
3282,Wesley Henry,wesley.8645@example.com,72,Toronto,2022-10-26
2833,Joy Smith,joy.8920@yahoo.com,45,Mexico City,2025-09-23
158,Christopher Smith,christopher.7451@gmail.com,60,Houston,2024-11-05
4682,Connie Mccormick,connie.9131@outlook.com,,Giza,2023-01-25
4662,Elizabeth Potter,elizabeth.1556@gmail.com,61,Los Angeles,2026-04-25
2762,James Spears,james.3611@hotmail.com,60,Paris,2022-10-05
9176,Gregory Horton,gregory.5296@gmail.com,71,Bangalore,2026-04-17
2824,Michael Bryant,michael.8502@example.com,52,Delhi,2022-11-14
3965,Jason Reyes,jason.8468@outlook.com,48,Dubai,2023-02-09
5938,Willie Johnson,willie.502@hotmail.com,69,Barcelona,2023-06-14
3090,Jordan Calhoun MD,jordan.613@hotmail.com,28,Los Angeles,2024-11-08
929,Teresa Burgess,teresa.1655@hotmail.com,73,Madrid,2023-04-29
4919,Tyler Flores,tyler.7356@yahoo.com,27,Bangalore,2023-09-12
2319,Christopher Mcdaniel,christopher.2806@gmail.com,35,Vancouver,2026-04-05
8404,Christie Obrien,christie.3560@outlook.com,37,Hamburg,2024-10-28
422,Louis Martin,louis.437@example.com,48,Manchester,2026-09-03
3318,Larry Camacho,larry.7764@example.com,18,Paris,2025-09-14
7590,Michael Graves,michael.6203@gmail.com,24,Toronto,2026-07-29
4294,Christopher Taylor,christopher.4035@hotmail.com,27,London,2026-03-28
6320,James Tran,james.2703@outlook.com,49,Osaka,2024-12-24
7760,Andrew Jones,andrew.4441@outlook.com,19,Singapore,2025-10-23
2221,Juan Little,juan.1329@outlook.com,71,Delhi,2022-11-03
9766,Victoria Brown,victoria.5075@hotmail.com,46,Alexandria,2024-02-25
3351,Debra Tran,debra.5738@hotmail.com,68,Tokyo,2026-01-27
984,Jerry Haney,jerry.5032@outlook.com,68,Osaka,2026-03-07
2441,Destiny Holden,destiny.71@gmail.com,61,Chicago,2024-02-21
5238,Nathan Anderson,nathan.2096@example.com,51,Sao Paulo,2022-12-07
4848,Christian Anderson,christian.2719@gmail.com,24,Los Angeles,2026-08-23
4840,Allison Howell,allison.3354@outlook.com,26,Munich,2024-01-16
8052,Jeanette Payne,jeanette.6392@yahoo.com,41,Sydney,2023-03-19
6132,Gina Taylor,gina.8600@gmail.com,22,Munich,2024-09-29
9835,Christian Rosario,christian.6399@outlook.com,77,Alexandria,2024-09-10
1517,Emily Cherry,emily.2316@gmail.com,42,Barcelona,2024-06-26
3031,Linda Berry,linda.2436@yahoo.com,38,Los Angeles,2026-04-11
9396,Daniel Richards,daniel.5414@hotmail.com,50,Mexico City,2024-07-11
1578,Stephen Young,stephen.1855@yahoo.com,67,Barcelona,2023-03-14
5134,Tammy Barrett,tammy.7358@outlook.com,29,Dubai,2026-04-25
6462,James Walker,james.1251@yahoo.com,24,Los Angeles,2024-01-04
8622,Lauren Davis,lauren.8717@hotmail.com,43,Hamburg,2024-03-06
2688,Maria Valenzuela,maria.4919@example.com,52,Los Angeles,2023-06-23
8203,Benjamin Chavez,benjamin.126@outlook.com,36,New York,2024-12-30
7425,Linda Welch,linda.92@outlook.com,58,Berlin,2025-11-08
1011,Andrew Cruz,andrew.8032@hotmail.com,66,Houston,2026-08-25
2350,Debra Jackson,debra.86@outlook.com,39,London,2023-04-06
6013,Megan Massey,megan.7337@yahoo.com,55,Madrid,2023-12-29
2147,Janet Chan,janet.6439@hotmail.com,37,Giza,2024-04-24
5128,Melissa Patton,melissa.6801@gmail.com,45,London,2025-06-26
2629,Aaron Vaughn,aaron.6404@yahoo.com,22,Mumbai,2025-09-24
5653,William George MD,william.4715@hotmail.com,80,Lyon,2023-09-03
3675,Lisa Wagner,lisa.408@outlook.com,67,London,2023-01-02
1218,Susan Cunningham,susan.5654@outlook.com,68,Paris,2025-05-07
4690,Rebecca Foley,rebecca.1899@example.com,20,London,2025-07-30
5973,Jessica Owens,jessica.7701@yahoo.com,50,Chicago,2025-02-18
9276,Teresa Hernandez,teresa.5723@hotmail.com,54,Toronto,2025-11-06
4922,Brandi Vargas,brandi.7133@outlook.com,25,Sao Paulo,2025-10-08
9882,Devin Nelson,devin.3995@yahoo.com,32,Sydney,2022-09-19
7260,Stacy Robertson,stacy.2079@hotmail.com,62,Bangalore,2023-10-20
1360,Laura Robertson,laura.6505@example.com,66,Giza,2026-06-21
2196,Jennifer Lane,jennifer.5558@outlook.com,26,Giza,2025-06-26
6337,Jordan Baxter,jordan.819@gmail.com,26,Munich,2024-11-27
8924,Amanda Lopez,amanda.8830@example.com,55,Manchester,2023-02-18
5312,Ana Jensen MD,ana.4665@gmail.com,75,Vancouver,2025-11-26
9303,Steven Smith,steven.5078@yahoo.com,49,Riyadh,2026-01-28
417,William Becker,william.4903@example.com,39,Lyon,2023-03-09
6027,Benjamin Phillips,benjamin.8084@hotmail.com,64,Cairo,2024-04-10
6077,Jennifer Johnson,jennifer.6218@hotmail.com,34,Los Angeles,2025-06-30
5624,Eric Jones Jr.,eric.9680@gmail.com,44,London,2024-02-29
5581,Timothy Valencia,timothy.4542@example.com,30,Alexandria,2025-01-23
8105,Matthew Woods,matthew.5733@example.com,19,New York,2026-03-13
5791,Maria Harris,maria.8812@example.com,69,Berlin,2025-07-08
4847,Jasmine Bell,jasmine.3170@hotmail.com,77,Lyon,2025-07-03
7581,Michael Kennedy,michael.7675@hotmail.com,34,Tokyo,2025-01-26
6031,Edward Perez,edward.313@yahoo.com,39,Sydney,2025-02-11
7070,Kevin Robinson,kevin.1992@outlook.com,55,Alexandria,2026-06-23
5994,Kathryn Chavez,kathryn.2308@example.com,51,Hamburg,2024-04-18
6242,Lisa Barron,lisa.748@gmail.com,19,Sao Paulo,2024-05-04
5223,Gregory Harmon,gregory.2002@outlook.com,64,London,2025-08-16
1162,Lisa Branch MD,lisa.6250@outlook.com,70,Mumbai,2023-04-18
7550,Shane Baker,shane.85@outlook.com,44,Toronto,2024-01-19
8381,Michelle Murray,michelle.8172@gmail.com,62,Houston,2025-05-20
2715,David Harris,david.6744@gmail.com,24,Riyadh,2023-01-26
9342,Maria Kline,maria.3981@hotmail.com,35,Alexandria,2026-03-29
9754,James Wilson,james.2034@gmail.com,70,Barcelona,2025-03-02
2119,Christian Dixon,christian.5088@outlook.com,49,Madrid,2023-09-16
347,Dwayne Turner,dwayne.8177@example.com,42,Sao Paulo,2022-11-25
7511,William Tran,william.9420@outlook.com,38,Los Angeles,2025-03-18
6615,Samuel Powers,samuel.515@yahoo.com,43,Los Angeles,2026-03-14
9656,Jasmine Adams,jasmine.8814@example.com,31,Alexandria,2025-02-27
3240,Jesus Randolph,jesus.9202@gmail.com,42,Birmingham,2026-08-23
4591,Sheri Murphy,sheri.6841@gmail.com,37,Singapore,2023-05-24
7489,James Ford,james.1191@outlook.com,78,Sao Paulo,2024-07-19
3387,Sandra Berry,sandra.3289@gmail.com,22,Cairo,2023-10-30
3580,Crystal Johnston,crystal.7369@outlook.com,36,Singapore,2022-09-17
5997,Elizabeth Jones,elizabeth.9752@hotmail.com,35,Mexico City,2025-07-21
1917,Michael Copeland,michael.7502@gmail.com,23,Berlin,2025-12-15
278,Lisa Day,lisa.5969@yahoo.com,80,Hamburg,2022-10-25
626,Claudia Jordan,claudia.9239@yahoo.com,55,Madrid,2023-07-23
1241,Alexander Garrett,alexander.8565@example.com,61,Munich,2023-03-08
5251,John Nelson,john.6673@yahoo.com,28,Melbourne,2025-07-22
874,Daniel Gibson,daniel.3900@hotmail.com,80,Toronto,2024-12-13
9053,,jessica.9869@hotmail.com,39,Osaka,2022-12-15
5831,Paige Sanchez,paige.6694@hotmail.com,72,Chicago,2025-03-16
4060,Michael Frey,michael.1198@outlook.com,70,Manchester,2023-03-22
3668,William Wilson,william.9441@outlook.com,42,Birmingham,2025-08-10
2356,Mary Moss,mary.8462@example.com,30,Melbourne,2023-07-14
9691,Keith Hernandez,keith.5671@outlook.com,39,Singapore,2024-03-10
1493,Steven Austin,steven.7077@hotmail.com,68,Berlin,2026-01-13
8173,Barbara Hart,barbara.1416@outlook.com,27,Berlin,2022-10-21
8267,Mr. Thomas Lopez,mr..3012@example.com,56,Giza,2025-09-17
9748,Mr. Vincent King,mr..518@yahoo.com,42,Mumbai,2023-06-30
1923,Sandra Jackson,sandra.8871@yahoo.com,48,Vancouver,2023-05-19
475,Audrey Harris,audrey.5891@yahoo.com,21,Mumbai,2025-01-15
8383,Jordan Sullivan,jordan.4149@example.com,76,Birmingham,2023-06-29
4014,Stephanie Peterson,stephanie.2588@example.com,60,Chicago,2026-08-20
3693,Jennifer Lewis,jennifer.1991@yahoo.com,30,Hamburg,2025-04-16
774,Jason Reyes,jason.8337@gmail.com,20,Tokyo,2024-08-26
2110,Andrew Foster,andrew.7107@example.com,64,Riyadh,2025-09-07
1395,Destiny Lee,destiny.5105@outlook.com,41,Hamburg,2025-11-23
970,Michael Boyd,michael.4896@yahoo.com,27,Lyon,2026-01-11
9863,Patricia White,patricia.3166@example.com,72,Birmingham,2026-05-09
5293,Barbara Mahoney,barbara.9907@example.com,65,Bangalore,2023-01-11
394,Sarah King,sarah.6294@example.com,44,London,2025-04-01
6760,Mary Bennett,mary.2223@hotmail.com,31,Delhi,2025-01-01
7999,Calvin Thompson,calvin.1382@hotmail.com,23,Mexico City,2024-04-27
521,Maria Brown,maria.9694@yahoo.com,58,mumbai,2022-11-05
4499,Brittany Rodriguez,brittany.5047@yahoo.com,39,Riyadh,2023-06-01
6910,Ashley Moore,ashley.6722@hotmail.com,35,Munich,2024-11-30
9362,Russell Cox,russell.7036@outlook.com,37,New York,2023-09-04
4572,Elizabeth Guerrero,elizabeth.3353@yahoo.com,25,Alexandria,2023-06-04
5125,Jessica Smith,jessica.8734@yahoo.com,61,Melbourne,2023-09-29
4289,Jennifer Ward,jennifer.2956@example.com,51,Chicago,2023-12-03
3919,Gabriel Richardson,gabriel.476@example.com,32,Los Angeles,2023-12-09
2649,Mary Jones,mary.4563@example.com,41,Alexandria,2023-04-27
6935,Rachel Lynch,rachel.4003@outlook.com,23,Sao Paulo,2023-02-28
9243,Daniel Becker,daniel.2308@gmail.com,71,Barcelona,2023-08-06
476,Jordan Stokes,jordan.1937@outlook.com,37,Chicago,2024-07-10
7172,Kelly Martin,kelly.993@outlook.com,52,Cairo,2025-09-18
7623,Michelle Robinson,michelle.3888@gmail.com,27,Vancouver,2024-10-10
5772,Dawn Lowery,dawn.47@outlook.com,47,Melbourne,2026-04-10
5412,Erik Dean,erik.265@yahoo.com,26,Osaka,2025-01-31
4644,John Nichols,john.1949@outlook.com,78,Vancouver,2023-05-30
2672,Rhonda Johnson,rhonda.7248@gmail.com,22,Tokyo,2022-10-29
1156,Jonathan Ayala,jonathan.277@outlook.com,61,New York,2023-03-26
2922,Sophia Wolf,sophia.5639@example.com,18,Singapore,2023-03-28
3071,Kristen Jimenez,kristen.9164@example.com,71,Giza,2023-03-21
3396,Jennifer Bennett,jennifer.2397@gmail.com,29,Los Angeles,2024-03-15
3740,Molly Mckenzie,molly.9172@yahoo.com,42,Vancouver,2026-05-27
8184,Justin Martinez,justin.6748@outlook.com,52,Dubai,2024-09-16
7066,Tina Padilla,tina.7628@example.com,20,Cairo,2024-08-18
4335,Marvin Martin DDS,marvin.1090@yahoo.com,52,Toronto,2025-12-21
8437,Christopher Harris,christopher.8445@hotmail.com,31,Chicago,2022-11-25
4564,Amy Woods,amyAToutlook.com,75,Melbourne,2025-07-17
4867,Wendy White,wendy.7908@gmail.com,32,Hamburg,2023-05-10
167,Wanda Torres,wanda.3899@example.com,38,Cairo,2025-03-12
6228,Joe Chang,joe.4578@yahoo.com,45,Osaka,2023/06/03
5625,Dr. Timothy Owens,dr..2130@yahoo.com,73,Birmingham,2024-11-18
9095,William Ortiz,william.2490@gmail.com,58,Sydney,2022-10-10
8645,Walter Owen,walter.5636@gmail.com,62,Alexandria,2024-05-26
3815,Tammy Wilson,tammy.3284@yahoo.com,,Birmingham,2024-08-20
7541,Abigail Burch,abigail.9566@example.com,64,Giza,2024-05-28
6550,Kelly Gardner,kelly.64@hotmail.com,58,Alexandria,2025-06-25
4678,Stacy Johnson,stacy.8129@hotmail.com,68,Delhi,2025-11-21
6904,Carl Adams,carl.8669@yahoo.com,43,Dubai,2024-08-28
5894,Shari Dillon,shari.8472@example.com,77,Alexandria,2024-02-11
1133,Zachary Ramos,zachary.8277@yahoo.com,44,Madrid,2024-02-13
7810,Deborah Cole,deborah.7082@gmail.com,28,Delhi,2026-08-19
9875,Matthew Brown,matthew.4710@gmail.com,48,Berlin,2025-05-28
1704,Matthew Cook,matthew.1008@gmail.com,31,Melbourne,2023-04-06
1709,Robert Gutierrez,robert.5188@hotmail.com,54,Sydney,2024-05-07
9292,Peter Nunez,peter.3873@example.com,67,Sydney,2025-01-12
9392,Courtney Kane,courtney.3567@hotmail.com,25,Cairo,2025-04-10
9281,Katie Morales,katie.6362@gmail.com,19,Giza,2023-12-15
7371,Laura Lopez,laura.182@example.com,37,Toronto,2024-04-25
3653,Cynthia Hendricks,cynthia.2645@hotmail.com,999,Munich,2023-07-19
8540,Kelsey Simpson,kelsey.5833@gmail.com,66,Bangalore,2024-03-03
6727,Grace Bentley,grace.7582@example.com,56,Mumbai,2023-08-17
4758,Jamie Williams,jamie.4657@outlook.com,33,London,2024-09-30
5534,Chad Taylor,chad.7681@yahoo.com,22,Hamburg,2022-11-10
5607,Bobby Cobb,bobby.9690@yahoo.com,62,Tokyo,2023-02-08
5425,William Gill,william.1278@example.com,22,Bangalore,2025-03-21
2497,Chad Daugherty,chad.3984@yahoo.com,69,Alexandria,2023-08-19
685,Zachary Dawson,zachary.8116@example.com,50,New York,2023-01-30
4171,Michael Travis,michael.4514@hotmail.com,18,Riyadh,2023-01-21
2675,Amy Davis,amy.2058@gmail.com,29,Barcelona,2024-11-19
5115,Kimberly Moore,kimberly.3155@yahoo.com,70,Chicago,2023-03-11
372,Brenda Lawson,brenda.4106@yahoo.com,58,Mexico City,2025-11-01
7343,Joshua Shannon,joshua.9344@gmail.com,28,Vancouver,2025-09-02
5643,Catherine Hawkins,catherine.1475@outlook.com,28,Munich,2023-11-05
2789,David Morrison,david.3451@yahoo.com,62,Bangalore,2026-09-01
2074,Nicholas Parker,nicholas.8038@example.com,61,Madrid,2025-12-29
3615,Lisa Ball,lisa.2482@outlook.com,70,Chicago,2026-08-31
7575,Amy Davis,amy.2484@outlook.com,38,Chicago,2023-06-05
2062,Tina Guzman,tina.1579@gmail.com,60,Singapore,2023-07-29
998,Jennifer Lopez,jennifer.2763@example.com,66,Chicago,2025-07-19
3578,Peter Chandler,peter.1766@gmail.com,22,Bangalore,2026-06-01
7698,Debra Friedman,debra.5605@yahoo.com,75,Berlin,2024-04-06
5841,Kelly Kennedy,kelly.3811@example.com,38,Osaka,2023-01-28
8696,Willie Banks,willie.3501@yahoo.com,50,New York,2022-12-14
5565,Kathryn Patterson,kathryn.2839@gmail.com,74,Alexandria,2025-05-21
3490,Christopher Davis,christopher.8249@gmail.com,21,Vancouver,2026-06-09
5417,Pamela Patterson,pamela.5534@example.com,50,Madrid,2026-01-02
4173,Robert Thomas,robert.1682@example.com,48,London,2024-12-24
917,Daniel Lewis,daniel.2416@gmail.com,78,,2024-01-14
599,Cody Reid,cody.2528@outlook.com,38,Vancouver,2025-06-26
9438,Kelly Williams,kelly.9976@example.com,34,Mexico City,2023-04-15
7421,Melissa Anderson,melissa.8399@hotmail.com,60,Sydney,2025-12-08
2115,Brian Rodriguez,brian.4374@hotmail.com,59,Chicago,2022-10-17
3161,Michael Gregory,michael.7142@outlook.com,36,Tokyo,2022-12-22
2843,Laura Moore,laura.2106@example.com,45,Giza,2023-05-03
6968,Timothy Wilson,timothy.997@outlook.com,56,Chicago,2022-09-18
5606,Tanya Garcia,tanya.4698@outlook.com,26,Cairo,2026-05-24
9639,Michael Williams,,44,London,2025-01-30
7870,Todd Mcbride,todd.8960@gmail.com,27,Sao Paulo,2022-12-24
6034,Leslie Barrera,leslie.390@outlook.com,63,Dubai,2026-06-02
5685,Tyler Hebert,tyler.6793@outlook.com,56,Madrid,2024-03-31
4358,Valerie Harrison,valerie.1068@outlook.com,51,Madrid,2023-01-28
3636,Amy Adams,amy.6702@gmail.com,53,Singapore,2023-05-01
3729,  Jasmine Harris  ,jasmine.7204@outlook.com,60,Paris,2023-01-13
8952,James James,james.6167@hotmail.com,50,Sydney,2023-06-30
6664,Jose Crawford,jose.1114@outlook.com,33,Sao Paulo,2023-06-28
119,Pamela James,pamela.6303@outlook.com,24,London,2022-09-25
1311,Henry Lopez,henry.8872@gmail.com,72,Paris,2025-02-16
7171,Tina Harrington,tina.4402@outlook.com,71,Giza,2026-07-26
4402,Colin Mckay,colin.5170@example.com,75,Melbourne,2025-05-25
3711,Carrie Lewis,carrie.7680@example.com,28,Giza,2024-12-15
7354,Gary Collins,gary.9667@example.com,19,Melbourne,2025-03-13
7916,Jessica Smith,jessica.2625@example.com,76,Delhi,2026-04-01
8288,Crystal Sanders,crystal.6170@hotmail.com,62,Paris,2022-11-21
104,Samuel Jones,samuel.4709@yahoo.com,65,Giza,2024-05-14
2451,Karen Wolf,karen.5948@gmail.com,35,Paris,2026-08-20
3985,Adam Thompson,adam.4355@example.com,35,Giza,2025-12-16
477,Joyce Brown,joyce.5096@gmail.com,58,Sao Paulo,2024-07-23
6205,Martin Jones,martin.4679@hotmail.com,19,Madrid,2025-08-01
7582,Allison Stokes,allison.339@example.com,76,Lyon,2024-02-01
8671,Brett Gonzalez,brett.8845@yahoo.com,76,Melbourne,2023-08-31
2360,Emily Gibson,emily.7803@yahoo.com,46,Giza,2023-04-29
9867,Corey Davis,corey.4321@hotmail.com,51,New York,2026-02-26
3050,Kimberly Davidson,kimberly.3680@gmail.com,65,Los Angeles,2025-09-01
5537,Lisa Williams,lisa.3050@gmail.com,38,Chicago,2023-01-05
7004,Joseph Jenkins,joseph.9268@outlook.com,37,Los Angeles,2024-05-28
8958,Samantha Maxwell,samantha.5748@yahoo.com,19,Bangalore,2022-11-03
6377,Jacqueline Wang,jacqueline.1698@gmail.com,75,Singapore,2022-11-10
7874,Leslie Jackson,leslie.8003@gmail.com,76,Berlin,2025-12-19
7251,Willie Calderon,willie.2252@hotmail.com,21,Houston,2025-04-18
2078,Linda Atkinson,linda.5780@hotmail.com,38,Alexandria,2024-08-13
4801,Natalie Perkins,natalie.4804@yahoo.com,72,Munich,2024-11-02
7152,Kathy Jones,kathy.8634@hotmail.com,27,Tokyo,2025-04-27
8569,Lori Mooney,lori.5776@outlook.com,40,Sydney,2025-09-01
6253,Patrick Sullivan,patrickATgmail.com,67,Berlin,2023-04-11
7088,Diana Moore,diana.1756@outlook.com,56,Sydney,2023-10-23
9907,Jodi Hart,jodi.6758@yahoo.com,74,Bangalore,2024-09-28
275,Christy Douglas,christy.2148@example.com,42,Los Angeles,2023-08-10
2611,Dominic Martinez,dominic.716@yahoo.com,74,Tokyo,2025-11-05
9042,Fernando Soto,fernando.7879@yahoo.com,71,Vancouver,2026-01-21
8829,Jasmine Hunter,jasmine.9601@example.com,66,Melbourne,2023-06-08
1494,Kim Arnold,kim.2426@yahoo.com,39,Giza,2025-09-25
7542,Jordan Watts,jordan.9680@yahoo.com,150,Paris,2026-03-07
2746,Melissa Sanchez,melissa.3080@gmail.com,58,Mexico City,2026-01-05
3609,Julia Maldonado,julia.8308@hotmail.com ,35,Hamburg,2026-09-06
1299,Mrs. Ann Smith,mrs..6758@hotmail.com,51,Madrid,2026-08-28
3974,Maurice Johnson,maurice.9972@gmail.com,59,Houston,2025-12-03
729,Christopher Fry,christopher.1679@gmail.com,38,Vancouver,2025-11-16
2526,Heather Higgins,heather.1819@hotmail.com,77,Houston,2025-02-10
9663,Tina Avila,tina.750@hotmail.com,58,Alexandria,2023-10-26
590,Kevin Price,kevin.5667@gmail.com,24,Munich,2025-07-12
7357,Lauren Sandoval,lauren.7002@gmail.com,37,Paris,2026-03-27
4695,Linda Carroll,linda.4970@yahoo.com,38,Sao Paulo,2023-07-19
8727,Nicole Bean,nicole.1648@example.com,37,Chicago,2024-02-25
2562,Theresa Davis,theresa.4497@yahoo.com,63,Dubai,2023-11-25
8217,Amber Hess,amber.3638@hotmail.com,49,Sao Paulo,2022-09-22
8796,Aaron Taylor,aaron.8531@hotmail.com,71,Barcelona,2024-04-14
9155,James Rogers,james.6023@example.com,60,Chicago,2024-05-13
5082,Deborah Simmons,deborah.8657@gmail.com,27,Mexico City,2023-12-06
8618,Robin Yang,robin.7056@example.com,62,Toronto,2023-12-28
6392,Lucas Reynolds,lucas.8664@example.com,43,Houston,2026-02-11
4465,Cindy Rich MD,cindy.5649@yahoo.com,51,Cairo,2023-08-03
8915,Morgan Wilson,morgan.7706@outlook.com,39,Alexandria,2023-04-03
680,Raymond Gonzalez DVM,raymond.7273@outlook.com,28,Giza,2025-10-02
7091,Alyssa Wilson,alyssa.6035@gmail.com,42,Paris,2025-08-05
6247,Shannon Harper,shannon.9900@hotmail.com,32,Mexico City,2024-01-28
8574,Kevin Higgins,kevin.9888@yahoo.com,34,Manchester,2022-10-01
2808,Patrick Neal,patrick.5546@example.com,45,Los Angeles,2023-04-19
1246,Nathaniel Gilbert,nathaniel.9888@example.com,70,Cairo,2022-10-29
2286,Robert Padilla,robert.5682@outlook.com,62,Munich,2025-09-03
5548,Lori Thompson,lori.8014@outlook.com,65,Bangalore,2024-08-06
2884,Brittany Mejia,brittany.3116@gmail.com,63,Munich,2023-07-15
8557,Patrick Rodriguez,patrick.9564@yahoo.com,69,Toronto,2024-01-04
2708,Katie Fisher,katie.2645@gmail.com,25,Singapore,2025-10-21
471,Colleen Wright,colleen.4065@gmail.com,34,Berlin,2025-09-23
8567,Kristin Wolf,kristin.9035@example.com,30,Barcelona,2026-03-21
1310,Christopher Hicks,christopher.8072@example.com,18,Singapore,2024-12-01
9023,Mark Jennings,mark.9604@hotmail.com,19,Lyon,2023-06-10
5343,Daniel Anderson,daniel.3613@hotmail.com,35,Cairo,2023-08-07
7095,Theresa Diaz,theresa.5407@yahoo.com,37,Madrid,2023-08-02
5795,Mary Moore,,42,Paris,2022-12-21
3796,Nicole Price,nicole.130@yahoo.com,44,Paris,2025-08-15
6172,Hunter Murray,hunter.6176@yahoo.com,47,Houston,2024-06-03
6576,Jason Perry,jason.6066@example.com,28,Cairo,2025-06-26
8415,Christopher Melton,christopher.7143@gmail.com,24,Vancouver,2024-12-08
9718,Jonathan Mccoy,jonathan.8136@yahoo.com,40,New York,2024-07-29
8367,Carla Carter,carla.2557@gmail.com,77,Barcelona,2026-06-05
5681,Stephanie Thompson,stephanie.4877@example.com,70,Paris,2023-12-01
4896,Alexis Curtis,alexis.8072@gmail.com,77,Sydney,2025-05-21
5226,Tammy Williams,tammy.2028@example.com,21,Dubai,2024-09-04
1271,Diane Sanchez,diane.9835@outlook.com,23,Giza,2022-12-30
6819,Alexandria Barnes,alexandria.139@example.com,18,Dubai,2026-09-11
6474,Stacy Lang,stacy.8065@outlook.com,65,Manchester,2024-05-13
779,John Horton,john.6820@hotmail.com,35,Melbourne,2023-02-07
8841,Isabella Powell,isabella.3566@gmail.com,56,London,2024-09-07
8000,Holly Vasquez,holly.1064@hotmail.com,32,,2025-06-25
3048,Patricia Hale,patricia.2362@example.com,80,Sao Paulo,2024-10-26
8054,Kevin Glover PhD,kevin.6825@outlook.com,37,New York,2024-12-16
235,Vincent Dalton,vincent.5725@hotmail.com,64,Mexico City,2025-08-10
3436,David Koch,david.3151@gmail.com,55,Cairo,2024-09-04
1254,Miss Sarah Duncan,miss.90@gmail.com,54,Lyon,2024-04-08
2131,Cody Vaughan,cody.9510@example.com,34,Paris,2024-03-01
9664,Michael Edwards,michael.9687@outlook.com,39,Berlin,2025-04-23
1027,Brian Jones,brian.1742@outlook.com,30,Dubai,2025-03-30
3082,Amy Cohen,amy.7927@gmail.com,21,Toronto,2024-05-07
9903,Andrew Conrad,andrew.855@yahoo.com,77,Vancouver,2024-04-04
5770,Kimberly Sullivan,kimberly.9392@example.com,58,Alexandria,2025-08-09
7481,Travis Ferrell,travis.8667@outlook.com,36,Barcelona,2025-12-11
9096,Natalie Stewart,natalie.8180@hotmail.com,77,Riyadh,2023-03-03
4658,Kenneth Schmidt,kenneth.1541@outlook.com,42,Bangalore,2023-08-24
2654,Virginia Davis,virginia.6367@yahoo.com,39,Chicago,2025-12-03
6781,Deanna Sutton,deanna.6197@outlook.com,18,Toronto,2023-10-28
8797,Patricia York,patricia.7817@hotmail.com,55,Dubai,2025-11-21
9746,Diane Jackson,diane.6013@gmail.com,32,Mexico City,2026-08-04
8062,Stephanie Garcia,stephanie.9447@example.com,74,Toronto,2024-08-13
2888,Devin Mayer,devin.8578@yahoo.com,29,Giza,2023-07-31
9211,Nicholas Ford,nicholas.2516@example.com,41,Bangalore,2022-11-21
3493,Rebecca Blackburn,rebecca.8536@yahoo.com,37,Bangalore,07-28-2026
9280,Katherine Ware,katherine.417@yahoo.com,56,Melbourne,2023-11-17
4065,Amy Rice,amy.6389@gmail.com,18,London,2023-08-17
3954,Eric Rivera,eric.2295@yahoo.com,51,Birmingham,2025-01-24
4908,Samuel Warner,samuel.4260@yahoo.com,59,Singapore,2025-06-28
7365,Emily Smith,emily.6353@yahoo.com,43,Madrid,2026-02-28
2139,Christina Le MD,christina.1851@hotmail.com,52,Munich,2023-06-24
2152,Andrew Hernandez,andrew.6766@hotmail.com,63,Munich,2026-03-30
576,Matthew Williams,matthew.920@gmail.com,62,Chicago,2026-08-24
6206,Melissa Smith,melissa.130@example.com,39,Sao Paulo,2023-06-07
1674,Rachel Lee,rachel.827@gmail.com,42,Alexandria,2023-11-30
9432,Victoria Higgins, victoria.5025@outlook.com,41,Birmingham,2025-07-01
5179,Jose Mckinney,jose.8384@yahoo.com,38,Vancouver,2024-07-06
496,Charles Keller,charles.1045@example.com,21,Sao Paulo,2023-08-05
8977,  Karen Carrillo  ,karen.2033@outlook.com,37,Manchester,2024-07-14
4135,Angel Johnson,angel.8430@hotmail.com,39,Osaka,2025-12-02
5494,Sean Mendez,sean.4990@example.com,76,New York,2024-01-08
6864,Denise Reynolds,denise.8345@outlook.com,74,Giza,2025-09-14
463,David Green,david.2199@example.com,47,Manchester,2023-08-27
7625,Kelly Goodman,kelly.5554@yahoo.com,62,Houston,2023-10-17
1018,Kevin Holmes,kevin.9731@gmail.com,60,New York,2025-08-28
3933,Christopher Sanchez,christopher.1822@example.com,71,Toronto,2024-08-17
2168,David Stout,  david.377@example.com  ,59,Dubai,2026-08-04
2230,Stacey Aguirre,stacey.6536@gmail.com,19,Tokyo,2025-04-29
6588,Kenneth Howell,kenneth.2799@example.com,73,Vancouver,2023-12-07
6711,Joseph Sullivan,joseph.9423@example.com,68,Cairo,2024-01-15
5901,Caleb Simon,caleb.489@example.com,71,Riyadh,2023-04-24
1146,Susan Larson,susan.8815@example.com,18,Riyadh,2023-11-29
1947,Mark Thomas,mark.4843@outlook.com,75,Birmingham,2023-07-12
6671,Sarah Martin,sarah.2293@hotmail.com,24,Berlin,2026-02-27
5726,Eric Smith,eric.9648@hotmail.com,32,Delhi,2022-10-29
6913,Jeffrey Sullivan,jeffrey.3266@outlook.com,N/A,Mexico City,2026-05-02
3972,John Robertson,john.1061@hotmail.com,32,Birmingham,2025-12-27
9283,Sandra Thompson,sandra.512@gmail.com,66,New York,2026-08-22
4827,Lori Hartman,lori.9462@outlook.com,66,Manchester,2026-08-10
4692,Christine Jones,christine.6402@gmail.com,41,Alexandria,2024-01-31
8651,Tammy Hayes,tammy.1537@gmail.com,48,Mumbai,2024-10-14
8969,Julie Brewer,julie.4609@yahoo.com,58,Dubai,2023-04-03
9273,Dustin Bryan,dustin.1574@hotmail.com,64,Paris,2026-04-13
1817,Ana Anderson,ana.8857@hotmail.com,49,Madrid,2026-05-21
446,Michael Schmidt,michael.9209@hotmail.com,26,New York,2025-04-06
9251,John Green,john.3748@hotmail.com,57,Mexico City,2023-01-21
4083,Gary Reid,gary.9475@example.com,150,Chicago,2022-11-04
6175,Suzanne Jacobs,suzanne.2407@hotmail.com,31,Sydney,2025-12-18
4116,Jordan Williams,jordan.1580@outlook.com,49,Bangalore,2024-08-22
9389,Jacob Romero,jacob.7351@yahoo.com,74,Sydney,2022-12-21
1049,Charles Haley,charles.9679@outlook.com,69,Barcelona,2023-04-23
9441,Isaac Clarke,isaacAToutlook.com,64,Dubai,2023-12-30
7434,Raymond Smith,,46,Osaka,2024-02-24
2982,Natalie Huff,natalie.5318@gmail.com,78,Delhi,2023-08-15
7127,Holly Jones,holly.7388@yahoo.com,53,Lyon,2023-07-27
5379,,kayla.2646@gmail.com,74,Paris,2023-05-28
54,Whitney Peters,,56,Manchester,2025-08-01
6815,Nicholas Murphy,nicholas.5885@example.com,32,Bangalore,2024-01-15
3491,Joshua Dunn,joshua.6732@example.com,49,Manchester,2022-12-26
2232,Marisa Conrad,marisa.6593@hotmail.com,59,Singapore,2024-01-28
1894,Karen Munoz,karen.7599@yahoo.com,73,Delhi,2026-06-20
70,Christina Walters,christina.3336@hotmail.com,53,Los Angeles,2023-10-07
4549,David Moreno,david.5851@hotmail.com,23,Munich,2023-08-26
3861,Steven Spencer,steven.584@example.com,25,Vancouver,2025-08-17
1135,Jessica Swanson,jessica.5438@hotmail.com,41,Birmingham,2025-02-21
4832,Nichole Thompson,nichole.6757@outlook.com,42,Birmingham,2026-08-24
9608,Ashley Wilson,ashley.8372@gmail.com,75,London,2024-12-15
4227,Tracey Brooks,tracey.1347@hotmail.com,32,Hamburg,2023-08-11
8401,Cindy Hardy,cindy.5570@gmail.com,61,Houston,2025-07-06
9595,Amanda Hartman,amanda.5323@hotmail.com,34,Mumbai,2026-07-15
4568,Ashlee Pena,ashlee.4199@hotmail.com,30,Toronto,2023-10-11
4804,,tiffany.3799@gmail.com,57,Alexandria,2024-11-25
5418,Michelle Burton,michelle.1082@gmail.com,36,Vancouver,2024-07-02
7711,Stephen Rogers,stephen.7258@gmail.com,31,Madrid,2026-02-09
9300,Jerry Guzman,jerry.5660@gmail.com,66,Houston,2025-01-14
4741,Brianna Christensen,brianna.7522@example.com,39,Los Angeles,2024-11-19
8877,Ashley Mckinney,ashley.5097@yahoo.com,37,Melbourne,2025-07-09
7455,Wendy Holloway,  wendy.5343@example.com  ,42,Riyadh,2023-04-22
8495,Todd Harrell,todd.376@yahoo.com,23,Mexico City,2024-03-18
8249,John Bond,john.8394@gmail.com,67,Alexandria,2024-11-13
7011,Kathleen Randolph,kathleen.5838@yahoo.com,40,Manchester,2022-09-29
7308,Monica Anderson,monica.8666@yahoo.com,47,Paris,2022-10-04
6944,Kenneth Brown,kenneth.7316@hotmail.com,42,Mexico City,2023-11-16
2965,Mrs. Ashley Shaffer,mrs..3117@outlook.com,49,Mumbai,2023-09-06
2361,Suzanne Robinson,suzanne.6051@example.com,43,Barcelona,2024-03-01
5639,Jennifer Greene,jennifer.974@gmail.com,69,Sydney,2025-05-26
4448,Stephen Phillips,stephen.9548@outlook.com,58,Tokyo,2023-06-12
777,David Reese,david.2933@gmail.com,53,Sydney,2026-05-24
8771,Melanie Taylor,melanie.4842@example.com,32,New York,2026-02-02
5505,Erica Kaufman,erica.4660@example.com,51,Dubai,2025-09-06
8177,Mr. Ronald Adams,mr..7806@gmail.com,60,Alexandria,2025-08-24
3001,Jacob Mccullough,jacob.1181@outlook.com,33,Hamburg,2026-06-16
7505,Ellen Dalton,ellen.1090@hotmail.com,37,Alexandria,2024-06-10
1287,Valerie Reyes,valerie.4531@yahoo.com,56,Mexico City,2024-01-27
7042,Ashley Garrett,ashleyAThotmail.com,74,Sao Paulo,2023-07-20
4297,Melissa Adams,melissa.7872@example.com,24,Tokyo,2023-04-26
1321, Rebecca Roberts,rebecca.6217@example.com,24,Toronto,2022-11-07
2954,Brian Fuller,brian.1617@gmail.com,78,Madrid,2024-08-05
7774,Jeremy Johnson,jeremy.5874@outlook.com,40,New York,2025-02-15
4130,Jessica Kelley,jessica.5285@gmail.com,54,Paris,2023-11-20
8973,Jillian Dawson,jillian.1179@yahoo.com,30,London,2025-11-08
7894,Tammy Foster,tammy.9888@yahoo.com,51,Manchester,2026-06-25
1699,Jessica Bryant,jessica.9703@example.com,47,Toronto,2026-01-28
7466,Colton Watson,colton.7355@gmail.com,26,Sao Paulo,2025-09-16
4062,Richard Smith, richard.2494@hotmail.com,22,Chicago,2025-12-01
2860,Chad Brady,chad.5023@example.com,70,Sydney,2024-01-04
4829,Andres Marshall,andres.8188@yahoo.com,69,Alexandria,2023-05-27
81,Evelyn Galvan,evelyn.6285@yahoo.com,76,Dubai,2025-12-02
6334,Andrew Zavala,andrew.386@hotmail.com,49,Sydney,2026-03-24
4998,Samuel Long,samuel.1397@yahoo.com,71,New York,2023-05-13
7322,Robert Mcdonald,robert.3278@gmail.com,42,Vancouver,2023-07-12
4589,Ricardo Ferguson,ricardo.6031@yahoo.com,59,Houston,2023-10-09
8845,Andrew Allen,andrew.5012@hotmail.com,74,Sydney,2026-02-26
4185,Jeffrey Lee,jeffrey.5388@outlook.com,60,Melbourne,2024-11-25
7709,Marissa Wade,marissa.554@outlook.com,43,Sao Paulo,2025-11-15
4619,Jonathan Castillo,jonathan.7074@gmail.com,56,Manchester,2024-04-07
1053,Amy Cervantes,,59,Toronto,2024-08-13
2309,Jaime Edwards,jaime.9989@gmail.com,70,Madrid,2026-05-06
1671,Eric Martinez,eric.1168@hotmail.com,57,Osaka,2022-10-07
8980,Timothy Campbell,timothy.5131@gmail.com,50,Dubai,2023-12-12
7935,Vanessa Roman,vanessa.1541@outlook.com,54,Madrid,2024-06-04
8472,Rebecca Miller,rebecca.3282@yahoo.com,26,Melbourne,2023-01-24
2687,Brad Ramsey,brad.7003@gmail.com,66,Sao Paulo,2023-09-12
8957,Haley Morgan,haley.6314@yahoo.com,38,Lyon,2026-09-02
4858,Heather Kelly,heather.2513@outlook.com,39,Mumbai,2025-01-03
5438,Donald Mccarthy,donald.8877@yahoo.com,67,Bangalore,2025-05-12
5488,April Bright,april.7370@example.com,46,Manchester,2025-09-11
142,Jessica Gross,jessica.7725@gmail.com,57,Osaka,2026-07-28
2200,Elizabeth Thomas,elizabeth.4604@hotmail.com,77,Munich,2026-02-14
8116,Jenny Banks,jenny.3548@gmail.com,22,Manchester,2024-10-09
5672,Anthony Rivera,anthony.7957@outlook.com,25,Sao Paulo,2024-07-19
2538,Jennifer Quinn,jennifer.1063@yahoo.com,50,Berlin,2026-02-06
4337,Courtney Wallace,courtney.6525@hotmail.com,52,Birmingham,2024-07-09
6859,James Dunn,james.7560@yahoo.com,57,Hamburg,2026-08-17
2422,Marie Cook,marie.7307@gmail.com,72,Riyadh,2023-02-06
2560,Steven Watkins,steven.3282@hotmail.com,30,Mumbai,2024-03-10
654,Dennis Williams,dennis.9043@yahoo.com,39,Madrid,2022-12-14
137,Lori Garcia,lori.9132@hotmail.com,23,Sydney,2025-10-19
8715,Brendan Ritter,brendan.8242@outlook.com,46,Singapore,2023-06-20
4506,Lisa Gray,lisa.5345@yahoo.com,76,Tokyo,2024-09-27
3254,Jacqueline Winters,jacqueline.8643@gmail.com,39,Riyadh,2025-08-12
7438,Chase Swanson,chase.2462@example.com,28,Dubai,2025-07-21
858,Valerie Anderson,valerie.5302@gmail.com,19,Los Angeles,2026-05-23
3435,John Johnson,john.2656@outlook.com,70,Lyon,2026-06-17
8194,Tyler Harris,tyler.2549@example.com,30,Vancouver,2022-11-10
1930,Mrs. Kimberly Mooney,mrs..4983@example.com,26,Osaka,2026-02-10
6752,Sarah Brown,sarah.9577@gmail.com,18,London,2022-10-21
9833,Jeremy White,jeremy.3956@hotmail.com,54,Houston,2023-09-25
3978,Joan Thomas,joan.6529@gmail.com,78,Toronto,2023-02-27
1252,Michael Marsh,michael.1374@hotmail.com,56,Osaka,2026-04-06
2719,Pamela Davis,pamela.8057@gmail.com,24,Giza,2023-03-23
3644,Amanda Powell,amanda.8783@yahoo.com,67,Riyadh,2023-08-17
5268,Julia Watson,julia.7466@gmail.com,38,Mexico City,2024-07-31
8384,Carla Moses,carla.7125@example.com,26,Cairo,2025-11-18
6952,Denise Stewart,denise.2494@yahoo.com,59,London,2024-07-31
6724,Tony Patrick,tony.2072@example.com,65,New York,2024-01-18
4101,Brandon Daniel,brandon.2976@hotmail.com,74,Sao Paulo,2025-02-06
8753,Christina Calderon,christina.1283@yahoo.com,46,Hamburg,2025-03-17
1161,Kirk Johnson,kirk.4938@example.com,23,,2023-12-06
6094,Jennifer Gaines,jennifer.7392@hotmail.com,72,Barcelona,2023-06-14
8489,Shane Clements,shane.1463@example.com,29,New York,2024-12-18
930,Gary Miller,gary.5634@outlook.com,34,Berlin,2022-12-05
1484,Francisco Johns,francisco.7116@outlook.com,77,Tokyo,2023-04-02
1910,Adam Wilson,adam.4381@example.com,61,Munich,2026-05-18
1593,Andrew Delacruz,andrew.58@example.com,66,Manchester,2026-01-01
1791,Christopher Tate,christopher.6272@outlook.com,-1,Alexandria,2025-07-01
939,Brianna Byrd,brianna.7260@hotmail.com,35,Bangalore,2026-05-14
2382,Tracy Aguilar,tracy.9270@outlook.com,75,Toronto,2024-08-30
5200,Sherry Miller,sherry.2139@hotmail.com,64,Bangalore,2025-05-06
3990,Rebecca Greene,rebecca.8798@gmail.com,38,Sydney,2024-05-27
6126,Renee Hinton,renee.7812@yahoo.com,18,Alexandria,2025-02-22
4235,Andrew Jacobson,andrew.3049@example.com,55,Berlin,2024-05-25
2993,Angela Key,angela.6480@yahoo.com,46,London,2024-06-24
3426,Paula Sanchez,paula.2851@outlook.com,66,Munich,2025-12-20
7156,Amy Ross,amy.2885@yahoo.com,78,Riyadh,2024-07-22
9257,Tina Garcia,tina.4430@outlook.com,37,New York,2025-11-02
5419,Kristen Patrick,kristen.7404@example.com,50,Hamburg,2026-08-25
4351,Rachel Cooper,rachel.925@outlook.com,42,Los Angeles,2025-08-02
4186,Whitney Macdonald DVM,whitney.4117@hotmail.com,23,Cairo,2024-09-21
7278,Mrs. Rebecca Pittman,mrs..2817@gmail.com,65,Lyon,2026-03-25
5825,Jesse Phillips,jesse.8796@gmail.com,24,Paris,2025-02-20
740,Brian Smith,brian.4066@example.com,56,Dubai,2024-04-02
4641,Courtney Martinez,courtney.3130@gmail.com,19,Cairo,2023-08-01
2801,Thomas Pope,thomas.7905@hotmail.com,75,Los Angeles,2023-07-20
6567,Michelle Adams,michelle.4993@gmail.com,18,Giza,2026-01-11
8247,Anthony May,anthony.3018@yahoo.com,65,Los Angeles,2023-07-17
5529,Alicia Nguyen,alicia.5332@yahoo.com,57,Giza,2026-01-13
3465,Tiffany Perry,tiffany.1705@gmail.com,49,Lyon,2024-08-28
956,Sarah Trevino,sarah.6334@gmail.com,28,Tokyo,2023-04-09
8447,Pam Lopez,pam.2050@gmail.com,58,Hamburg,2026-08-22
572,William Mendoza,william.7521@example.com,33,Delhi,2024-04-24
4471,Carrie Hall,carrie.1446@hotmail.com,55,Singapore,2025-01-13
4507,Logan Golden,logan.5121@outlook.com,68,Manchester,20-Jun-2023
1292,,tyler.8410@hotmail.com,74,Madrid,2023-02-22
8342,Daniel Shields,daniel.4809@example.com,45,Chicago,2026-05-08
9679,Jacob Brown,jacob.7878@hotmail.com,54,Alexandria,2023-06-19
9852,Shannon Gray,shannon.2067@example.com,71,Tokyo,2025-03-26
4887,John Hodges,john.7081@yahoo.com,44,Paris,2025-07-27
8536,Emily Velasquez,emily.4755@yahoo.com,24,Madrid,2025-05-03
5951,Blake Wade,blake.7487@hotmail.com,63,Giza,2026-05-27
761,Jennifer Nichols,jennifer.7119@gmail.com,47,Dubai,2026-03-06
4935,Vicki Barry,vicki.8116@hotmail.com,76,Houston,2023-06-15
7501,Vincent Johnson,vincent.1568@hotmail.com,30,Dubai,2023-10-21
1449,Michelle Mitchell,michelle.956@example.com,35,Lyon,2026-08-08
9632,Dr. Jeffrey Freeman,dr..5723@yahoo.com,64,Delhi,2025-06-18
5628,Veronica Johnson,veronica.125@yahoo.com,62,Delhi,2023-02-18
5247,Anthony Martin,anthony.9422@hotmail.com,24,Madrid,2024-04-22
8687,Jennifer Gould,jennifer.3180@gmail.com,51,Tokyo,2025-07-02
79,Brittany Spears,brittany.6808@outlook.com,80,Paris,2026-03-03
6173,Stefanie Hughes,stefanie.2122@yahoo.com,42,Los Angeles,2026-06-26
1888,Katherine Lopez,katherine.1606@outlook.com,49,London,2022-12-27
8743,Amy Sampson,amy.452@example.com,71,Dubai,2023-02-07
9185,Daniel Meadows,daniel.3385@hotmail.com,65,Lyon,2025-07-20
7329,Monica Adkins,monica.2951@example.com,80,Alexandria,2023-07-17
6480,Lauren Lynch,lauren.6267@yahoo.com,76,Houston,2023-09-28
6943,Allison Miller,allison.4551@outlook.com,44,Cairo,2026-09-12
9407,Pamela Johnston,pamela.3799@example.com,55,Toronto,2023-07-16
3765,Paul Moyer,paul.4515@example.com,30,Delhi,2022-10-20
9617,Crystal Caldwell,crystal.3771@hotmail.com,20,Toronto,2025-05-05
3906,Marcus Blair,marcus.3463@gmail.com,54,Birmingham,2022-11-10
3075,Timothy Wang,timothy.1777@gmail.com,22,Vancouver,2023-06-20
1523,Amy Hester,amy.6333@yahoo.com,80,Berlin,2024-01-24
6003,David Johnson,david.1159@gmail.com,34,Toronto,2024-11-28
4717,Sylvia Dalton,sylvia.5595@hotmail.com,71,Madrid,2025-03-20
4780,Miss Beth Ford,miss.2368@gmail.com,56,Melbourne,2026-09-15
7223,Nancy Allen,nancy.4024@yahoo.com,74,Chicago,2026-02-19
3461,Samuel King,samuel.580@hotmail.com,80,Giza,2023-06-16
5722,George Taylor,george.9829@outlook.com,53,Osaka,2023-07-03
1852,Erin Brown,erin.3410@hotmail.com,21,Houston,2025-11-22
4657,Ashley Patel,ashley.1509@gmail.com,33,Bangalore,2024-12-04
6627,David Mills,david.209@gmail.com,18,Houston,2024-05-04
1367,Connor Dominguez,connor.7655@example.com,77,Manchester,2026-04-18
4609,Brian Christensen,brian.7133@example.com,78,Delhi,2024-06-02
921,Melanie Flores,melanie.2423@example.com,34,Toronto,2026-05-17
2716,Michael Singleton,michael.9382@hotmail.com,70,Los Angeles,2024-03-16
4226,Mary Hudson,mary.1698@hotmail.com,57,Barcelona,2023-11-13
6285,Shannon Meyer,shannon.2999@example.com,39,Houston,2025-11-25
2480,Samuel Mata,samuel.9486@gmail.com,23,Alexandria,2022-10-18
5678,Sarah Phillips,sarah.1078@hotmail.com,68,Chicago,2023-12-01
2737,Brittany Rogers,brittany.5522@example.com,45,Toronto,2026-06-12
4169,Christina Johnson,christina.2023@example.com,78,Mumbai,2022-12-29
5067,Benjamin Murphy,benjamin.7363@yahoo.com,62,Tokyo,2024-01-27
7395,Nathan Taylor MD,nathan.9192@outlook.com,66,Delhi,2023-04-25
5265,Scott Willis,scott.5920@outlook.com,43,Osaka,2025-01-29
6919,Jonathan Freeman,jonathan.1823@example.com,18,Cairo,2024-11-12
3770,Joshua Miller,joshua.7586@gmail.com,25,Sao Paulo,2026-01-27
5469,Andrea Reed,andrea.5354@hotmail.com,30,New York,2025-08-31
7549,Stacey Hubbard,stacey.3695@hotmail.com,22,Sao Paulo,2024-02-11
4408,Eric Ortega,eric.9203@example.com,58,Paris,2024-06-13
7756,Jeremy Phillips,jeremy.811@outlook.com,62,Giza,2023-04-17
9738,Nicholas Evans,nicholas.2303@outlook.com,43,Dubai,2023-12-28
7712,James Goodman,,33,Berlin,2025-04-26
2821,Kimberly Figueroa,kimberly.8807@yahoo.com,43,Melbourne,2026-03-14
196,Juan Reyes,juan.7901@yahoo.com,72,New York,2026-05-25
1342,Michael White,michael.9922@yahoo.com,54,Barcelona,2024-11-25
537,Stacy Alvarez,stacy.3423@hotmail.com,37,Mexico City,2022-11-24
2878,Matthew Morgan,matthew.1257@yahoo.com,78,Giza,2024-10-26
3763,Kimberly Mcdowell,kimberly.8217@yahoo.com,64,Manchester,2026-02-07
2679,Ryan Caldwell,ryan.2891@example.com,33,Birmingham,2022-12-20
7759,Melinda Stevenson,melinda.9421@example.com,52,Tokyo,2025-01-01
4736,Joel Smith,joel.2842@gmail.com,64,Bangalore,2025-09-28
5702,Christine Montgomery,christine.9365@example.com,56,Lyon,2024-09-01
9552,Brittany Berry,brittany.7577@example.com,49,Chicago,2026-06-02
788,Madison Martinez,madison.8084@yahoo.com,64,Osaka,2022-10-31
6099,Nicole Smith,nicole.2936@gmail.com,74,Delhi,2025-02-10
194,Ronnie Jimenez,ronnie.9838@hotmail.com,40,New York,2025-07-29
2894,Barbara Burns,barbara.4810@hotmail.com,31,Cairo,2025-02-16
461,Stephanie Wilcox,stephanie.5490@hotmail.com,47,Riyadh,2024-10-08
5933,Thomas Burns,thomas.6364@example.com,47,Sydney,2023-04-12
9098,Jeffrey Harris,jeffrey.6243@example.com,54,Singapore,2024-06-22
8133,Jessica Davidson,jessica.9695@gmail.com,31,Sao Paulo,2026-08-16
1739,Cameron Dawson,cameron.1282@example.com,74,Dubai,2023-03-25
836,James Kelley,james.8908@gmail.com,42,Sydney,2024-08-10
7684,Ryan Taylor,ryan.9728@yahoo.com,34,Chicago,2022-09-28
840,Brian Rodriguez,brian.2947@gmail.com,38,Dubai,2023-07-04
9,Valerie Gray,valerie.8005@example.com,66,London,2024-12-01
574,Heather Woodard,heather.1321@gmail.com,23,Berlin,2024-11-09
1501,Angela Hampton,angela.8590@yahoo.com,33,Giza,2025-09-27
1104,Kyle Watson,kyle.9213@outlook.com,55,Barcelona,2023-01-25
5367,Erica Walton,erica.7332@gmail.com,75,Mumbai,2024-02-22
880,Timothy Long,timothy.6876@yahoo.com,74,Munich,2024-07-15
9221,Sharon Ward,sharon.6479@gmail.com,46,Madrid,2022-12-31
6755,Angela Murphy,angela.5164@hotmail.com,25,London,2023-01-02
4812,Ryan Smith,ryan.4025@gmail.com,38,Tokyo,2024-02-29
2485,Mrs. Cheryl Kim,mrs..915@example.com,21,Birmingham,2022-12-10
9298,Bruce Davis,bruce.8821@yahoo.com,35,Singapore,2022-12-02
6215,Steven Russo,steven.6305@gmail.com,77,Melbourne,2023-05-18
7253,Brandi Rodriguez,brandi.3773@hotmail.com,40,Cairo,2025-07-30
6112,Gregory Hall,gregory.1837@example.com,45,Houston,2024-03-30
8978,Jeremy Morgan,jeremyAToutlook.com,61,Munich,2023-05-15
6958,Aaron Gonzalez,aaron.2228@outlook.com,32,Sydney,2024-09-05
3686,Daniel Merritt,daniel.4394@yahoo.com,66,Madrid,2024-02-18
3705,Laura Sparks,laura.5410@yahoo.com,28,Lyon,2026-02-19
4670,Jodi Miller,jodi.653@hotmail.com,56,TORONTO,2022-10-08
954,Nicholas Humphrey,nicholas.5641@yahoo.com,71,Osaka,2024-07-24
4674,Joseph Miller, joseph.2993@yahoo.com,39,Tokyo,2025-08-12
9208,Mackenzie Greene,mackenzie.1032@gmail.com,56,Delhi,2025-11-16
899,Dustin King,dustin.422@yahoo.com,28,Riyadh,2026-01-25
1696,David Peterson,david.9294@hotmail.com,52,Delhi,2024-02-18
7657,Craig Brown,craig.1014@hotmail.com,26,Chicago,2023-11-04
7857,April Copeland,april.9555@gmail.com,38,Paris,2023-01-16
646,Juan Greene,juan.403@outlook.com,24,Birmingham,2025-02-20
2795,Ricardo Holland,ricardo.8649@hotmail.com,36,Delhi,2024-11-05
6014,Jimmy Rice,jimmy.3589@hotmail.com,75,Birmingham,2023-01-13
1684,Todd Reed DDS,todd.4228@hotmail.com,43,Chicago,2022-10-17
7961,Mathew Beck,mathew.4988@hotmail.com,70,Berlin,2023-09-25
6560,Maria Davidson,maria.3389@example.com,57,Osaka,2023-03-19
8429,Laura Wilson,laura.8343@yahoo.com,36,Chicago,2023-09-02
20,Derek Wright,derek.8596@example.com,36,New York,2024-12-15
7722,Dennis Lopez,dennis.9326@gmail.com,71,Sao Paulo,2023-06-15
1942,Maria Roberts,maria.2664@example.com,37,New York,2022-10-21
46,Victoria Garcia,victoria.3242@outlook.com,25,Madrid,2024-04-27
9306,Jacob Ruiz,jacob.9303@outlook.com,46,Singapore,2024-06-09
8558,Megan Miller,megan.9267@example.com,24,Los Angeles,2024-05-24
324,Jessica Cox,jessica.784@hotmail.com,35,New York,2024-02-28
9113,Frank Bradley,frank.378@yahoo.com,76,Riyadh,2024-12-30
4288,Michael Spears,michael.5107@hotmail.com,24,Vancouver,2023-01-17
9116,Danielle Ware,danielle.470@yahoo.com,68,Sao Paulo,2022-12-06
1403,Oscar Kane,oscar.3264@outlook.com,65,Singapore,2024-03-18
1389,Christine Bowman,christine.4459@example.com,49,Houston,2024-10-20
296,Robert Montgomery,robert.5494@yahoo.com,26,Alexandria,2026-01-14
9269,Craig Smith,craig.3905@yahoo.com,65,Bangalore,2025-03-09
2549,Mackenzie Barton,mackenzie.8501@hotmail.com,32,Barcelona,2026-04-23
4425,Timothy Chapman,timothy.4141@yahoo.com,50,Manchester,2025-09-21
6113,Anna Jones,anna.8775@hotmail.com,39,Madrid,2025-12-31
3904,Nathan Griffin,nathan.2158@outlook.com,56,Mexico City,2025-08-08
5915,Eric Case,eric.6624@yahoo.com,18,Vancouver,2023-08-02
9121,Linda Hendricks,linda.683@example.com,19,Manchester,2024-10-23
2188,Aaron Fitzpatrick,aaron.963@gmail.com,39,Sao Paulo,2023-04-22
9520,Valerie Smith,valerie.8709@hotmail.com,50,Delhi,2026-04-30
2855,David Nguyen,david.1458@hotmail.com,76,Toronto,2024-08-17
2019,Courtney Foster,courtney.4943@gmail.com,66,New York,2024-11-11
3128,Samuel Lee,samuel.5246@example.com,20,Dubai,2023-10-31
8581,Lawrence Parker,lawrence.2457@hotmail.com,58,Cairo,2022-12-20
7639,David Cook,david.9753@outlook.com,40,Riyadh,2024-06-26
2365,Cynthia Shannon,cynthia.8021@outlook.com,70,Chicago,2023-06-17
1051,Kelly Le,kelly.2141@outlook.com,76,Paris,2025-11-07
6025,Willie Martin,willie.160@example.com,20,Madrid,2023-04-09
1955,Scott Blake,scott.9559@example.com,32,Sydney,2026-05-25
5008,William Davis,william.5961@gmail.com,49,Birmingham,2023-03-29
6194,Robin Richards,robin.4376@hotmail.com,73,Hamburg,2025-09-21
6577,Rebecca Miller,rebecca.8819@example.com,24,Tokyo,2024-02-14
1217,Tiffany Gray,tiffany.3652@example.com,43,Vancouver,2024-03-26
3298,Theresa Hart,theresa.6924@yahoo.com,36,Houston,2024-06-18
174,Maria Kerr,maria.511@gmail.com,48,Tokyo,2026-01-06
8443,Melissa Johnson,melissa.4913@outlook.com,24,Mexico City,2024-01-24
8893,Brooke Shah,brooke.5007@yahoo.com,35,Riyadh,2022-11-08
6518,Jenna Evans,jenna.6097@hotmail.com,50,Mumbai,2024-06-02
6344,Melissa Evans,melissa.6990@gmail.com,34,Tokyo,2025-11-19
5484,Madison Costa,madison.5707@outlook.com,28,Osaka,2025-09-15
546,Alyssa Nelson,alyssa.6074@hotmail.com,44,Alexandria,2026-09-06
6951,Debbie Alexander,debbie.8833@gmail.com,62,Lyon,2025-12-14
8454,Antonio Jones,antonio.6389@yahoo.com,18,Singapore,2023-01-18
1222,Dawn Ellis,dawn.3466@yahoo.com,29,Chicago,2026-02-17
8073,Sharon Owen,sharon.2411@hotmail.com,54,Paris,2024-06-20
3210,Jason Potter,jason.8954@gmail.com,28,Lyon,2024-09-05
5597,Mary Ingram,mary.3154@outlook.com,42,Toronto,2022-11-25
22,Zachary Hicks,zachary.2940@hotmail.com,18,Delhi,2023-01-27
440,Rebecca Hill,rebecca.5715@example.com,77,Sao Paulo,2023-03-14
7169,Krista Morgan,krista.9005@gmail.com,24,Osaka,2023-10-22
1959,Adam Mason,adam.8036@hotmail.com,56,Dubai,2025-08-11
4214,Lauren Smith,lauren.8147@yahoo.com,66,Berlin,2024-02-07
6188,Dennis Sanchez,dennis.3059@hotmail.com,60,Alexandria,2026-08-23
1167,Daniel Medina,daniel.9095@yahoo.com,25,Alexandria,2023-07-11
6571, Erin Duncan,erin.8857@example.com,64,London,2025-11-11
2403,Eric Jordan,eric.6799@gmail.com,73,Lyon,2025-05-08
8400,Jimmy Jackson,jimmy.6647@outlook.com,75,Lyon,2025-02-20
2234,Steven Schroeder,steven.7084@hotmail.com,75,Mumbai,2024-04-05
1005,Michael Fitzgerald,michael.5642@hotmail.com,26,New York,2026-02-17
8560,Timothy Allen,timothy.7869@outlook.com,27,Munich,2023-09-18
6536,Julia Davis,julia.3168@yahoo.com,19,Birmingham,2022-11-20
2541,David Saunders,david.6126@example.com,62,Paris,2024-02-27
5019,David Skinner,david.8947@hotmail.com,76,Madrid,2024-10-11
8942,Beverly Martinez,beverly.6694@example.com,68,Mexico City,2023-08-13
2510,Teresa Ford,teresa.1718@outlook.com,74,Sydney,2024-12-31
7435,Crystal Gonzalez,crystal.3336@gmail.com,50,Riyadh,2023-01-23
8195,Sean Scott,sean.9929@example.com,56,Birmingham,2022-12-07
8421,Dylan Hubbard,dylan.2619@outlook.com,22,Paris,2023-01-13
2332,Donald Franklin,donald.6870@outlook.com,74,Mumbai,2026-03-30
1416,Amanda Schmidt,amanda.5545@gmail.com,21,Vancouver,2024-08-17
7111,Michael Flores Jr.,michael.4844@hotmail.com,45,Singapore,2023-07-12
867,Wayne Williams,wayne.6200@hotmail.com,64,Delhi,2023-08-08
7507,David Grant,david.1104@hotmail.com,65,Riyadh,2023-01-24
7670,Courtney Hawkins,courtney.8962@gmail.com,41,Mumbai,2026-04-05
7841,Crystal Livingston,crystal.6888@yahoo.com,33,Los Angeles,2025-04-13
5212,Mr. Andrew Evans,mr..8690@example.com,76,Sao Paulo,2023-06-12
6826,Steven Simmons,steven.571@hotmail.com,46,Hamburg,2024-04-02
4467,Jessica Bryant,jessica.1060@gmail.com,22,Paris,2026-06-10
60,Lisa Barnes,lisa.8057@gmail.com,48,Vancouver,2025-01-16
7234,Toni Moyer,toni.8134@outlook.com,30,Giza,2025-05-30
231,Casey Anderson,casey.6561@example.com,23,Berlin,2024-11-13
4275,Michael Summers,michael.9932@gmail.com,80,Madrid,2024-02-02
8788,Ethan Hawkins,ethan.2379@example.com,24,Giza,2026-05-10
8970,Timothy Miller,timothy.4230@outlook.com,50,Singapore,2026-03-14
8108,Jason Johnson,jason.1333@yahoo.com,32,London,2023-08-25
7689,Linda Hamilton,linda.1539@hotmail.com,62,Cairo,2023-09-02
4106,Robert Acevedo,robert.7709@gmail.com,65,Tokyo,2024-12-22
7632,Gabrielle Morgan,gabrielle.8078@hotmail.com,60,Toronto,2022-11-15
9014,Jose Castaneda,jose.7338@hotmail.com,43,Munich,2026-07-05
7423,Kimberly Graham,kimberly.1235@outlook.com,64,Madrid,2025-10-13
3564,Brian Torres,brian.9922@hotmail.com,68,Birmingham,2025-10-07
7554,David Flores,david.3915@yahoo.com,73,Madrid,2022-11-08
5928,Heather Hines,heather.8566@example.com,18,Vancouver,2025-11-14
2899,Ryan Turner,ryan.7543@hotmail.com,37,Vancouver,2026-09-16
5614,Mr. Raymond Lawson,mr..6945@hotmail.com,53,Toronto,2026-08-03
4212,Adam Long,adam.5011@gmail.com,76,Bangalore,2026-07-16
2550,Alexis Martinez,alexis.675@outlook.com,50,Dubai,2023-10-06
7209,Robert Wheeler,robert.3903@example.com,20,Manchester,2024-02-18
4347,Kendra Burton,kendra.3097@yahoo.com,64,Toronto,2023-01-21
6990,Richard Salazar,richard.8762@yahoo.com,28,Mexico City,2023-08-18
319,Shelley Cook,shelley.7841@yahoo.com,69,Los Angeles,2025-01-15
6832,Jason Thomas,jason.3936@example.com,59,Giza,2026-06-29
9304,Faith Wise,faith.5076@example.com,32,Munich,2025-11-25
216,Rebecca Jackson,rebecca.5054@gmail.com,32,Berlin,2023-01-10
6691,Blake Davis,blake.6998@gmail.com,50,Paris,2025-09-24
8046,Stephanie Nicholson,stephanie.9014@hotmail.com,29,Dubai,2025-12-10
4436,Rachel Wood,rachel.8399@outlook.com,44,Delhi,2024-08-07
2251,Sylvia Nielsen,sylvia.7613@example.com,70,Manchester,2025-10-13
5310,Sharon Pearson,sharon.5338@example.com,76,Vancouver,2022-11-24
8246,Joel Williams,joel.150@example.com,36,Mumbai,2023-04-07
5992,Johnny Salazar,johnny.9405@hotmail.com,53,Delhi,2026-04-04
6867,Steven Yang,steven.4577@outlook.com,68,New York,2025-09-13
6816,Alicia Krueger,alicia.3835@yahoo.com,43,Birmingham,2026-04-01
4239,Chad Pennington,chad.5851@gmail.com,79,Delhi,2023-11-02
4770,Luis Clark,luis.7131@example.com,73,Dubai,2023-06-10
869,Joan Gates,joan.30@example.com,43,Tokyo,2024-07-01
9068,Jessica Smith DDS,jessica.1665@yahoo.com,22,Lyon,2025-10-12
6905,Ricky Rivera,ricky.2095@yahoo.com,68,Toronto,2022-11-04
2743,Linda Howard,linda.2014@example.com,35,Mexico City,2022-11-09
1297,Michael Stewart,michael.4225@gmail.com,42,Riyadh,2024-12-28
423,Elizabeth Rogers,elizabeth.9478@example.com,32,Bangalore,2026-01-09
8496,Christopher Mitchell,christopher.8108@yahoo.com,70,Mumbai,2022-12-28
2602,Lisa Rivera,lisa.6542@example.com,69,London,2025-02-16
2470,Tara Porter,tara.1341@example.com,69,Cairo,2024-04-22
3171,Chris Rogers,chris.5745@outlook.com,44,Sao Paulo,2022-10-18
6558,Sharon Holland,sharon.7494@outlook.com,77,London,2026-01-18
1019,Brandon Mitchell,brandon.324@gmail.com,62,New York,2026-01-11
9355,Kimberly Ray,kimberly.1537@outlook.com,27,Alexandria,2025-06-13
8971,Juan Hicks,juan.9794@outlook.com,65,Bangalore,2023-09-12
2729,Sandra Marshall,sandra.1405@outlook.com,25,Manchester,2023-01-15
9729,Levi Hartman,levi.8464@yahoo.com,67,Tokyo,2026-09-07
8773,Jeffrey Cook,jeffrey.6906@yahoo.com,74,Sao Paulo,2022-11-22
8872,Benjamin Bowman,benjamin.5511@outlook.com,35,Cairo,2026-09-04
8045,Jonathan Wade,jonathan.3974@hotmail.com,60,Barcelona,2023-01-23
5311,Clarence Johnston,clarence.3998@example.com,26,Mumbai,19/09/2023
9170,David Mitchell,david.5282@hotmail.com,61,Sydney,2025-07-12
4688,Mrs. Maria Edwards,mrs..6117@example.com,34,Paris,2023-03-13
5171,Stacy Stein,stacy.662@example.com,45,Hamburg,2023-04-02
9593,Denise Peterson,denise.5108@hotmail.com,27,Hamburg,2025-08-06
7439,Bradley Thomas,bradley.6794@example.com,29,Riyadh,2026-03-23
2980,Erica Morales,erica.8759@gmail.com,18,Riyadh,2024-02-08
4584,Harold Williamson,harold.4072@gmail.com,57,New York,2024-12-29
7283,Sarah Robinson,sarah.9101@yahoo.com,29,Chicago,2025-05-28
7591,Danielle Jenkins,danielle.8801@hotmail.com,53,Toronto,2024-09-17
3821,Cynthia Simmons,cynthia.6457@yahoo.com,76,Paris,2026-02-12
8371,Sandra Morgan,sandra.6669@yahoo.com,60,Los Angeles,2024-10-01
2381,Billy Shelton,billy.6842@outlook.com,54,Birmingham,2026-02-14
2064,James Mckee,james.3309@hotmail.com,60,Paris,2024-04-23
9163,Gabriel West,gabriel.8114@example.com,19,Dubai,2023-07-22
912,Michael Moore,michael.6343@example.com,44,Mexico City,2023-04-29
691,Dillon Jones,dillon.1426@outlook.com,73,New York,2023-07-10
6847,Alicia Young,alicia.6251@yahoo.com,21,Paris,2023-09-24
2840,Mark Ryan,mark.3082@yahoo.com,37,Tokyo,2023-06-10
2616,  Emily Morris  ,emily.1254@gmail.com,50,Singapore,2024-10-04
1394,Kimberly Robinson,kimberly.8087@yahoo.com,39,Munich,2025-10-16
7871,Melissa Suarez,melissa.9291@example.com,51,Riyadh,2024-12-01
408,Sean Moore,sean.9009@hotmail.com,70,Dubai,2024-01-08
3676,George Barnes,george.7326@hotmail.com,48,Barcelona,2023-01-29
9405,Kristin Floyd,kristin.6259@gmail.com,39,Giza,2024-10-21
41,Crystal Whitehead,crystal.44@outlook.com,46,Delhi,2026-02-23
1843,Gina Spencer,gina.7799@yahoo.com,31,Los Angeles,2023-06-04
2404,David Bell,david.5200@outlook.com,34,Giza,2023-11-04
6192,Alexis Rubio,alexis.5994@example.com,49,Berlin,2023-10-02
2582,Mark Smith,mark.9880@example.com,54,Tokyo,2023-04-04
1189,Justin Fry,justin.2201@hotmail.com,74,,2023-03-08
3789,Mark Mcpherson,mark.4407@gmail.com,200,Singapore,2024-09-09
3894,Kenneth Maxwell,kenneth.2786@outlook.com,34,Berlin,2025-08-18
3173,John Cummings,john.3669@example.com,36,Manchester,2024-06-10
9032,Charles Cox,charles.1102@yahoo.com,74,Giza,2024-11-02
1211,Richard Pace,richard.5310@gmail.com,63,Mexico City,2025-06-30
2988,Nicole Medina,nicole.9557@gmail.com,64,Bangalore,2024-04-20
6266,Michael Hunt,michael.747@example.com,29,Berlin,2026-05-31
1877,Cole Carrillo,cole.2785@example.com,150,Madrid,2025-07-02
2681,Donald Gonzalez,donald.3300@hotmail.com,73,Sydney,2024-09-24
7793,Robin Jones,robin.5453@gmail.com,52,Dubai,2024-07-30
7151,James Conley,james.9613@gmail.com,33,Melbourne,2025-05-11
7490,Kathleen Smith,kathleen.9326@example.com,44,Chicago,2022-10-13
544,Amy Kim,amy.8402@outlook.com,47,New York,2026-01-24
5069,Luis Lopez V,luis.7871@yahoo.com,46,Osaka,2023-06-11
4143,Ernest Bernard,ernest.4845@yahoo.com,73,Vancouver,2024-07-20
3421,Dr. Katherine Miller,dr..6616@gmail.com,20,Cairo,2024-07-19
3395,Kyle Richardson,kyle.7195@example.com,25,Munich,2023-11-27
915,Emily Robinson,emily.6469@gmail.com,50,Barcelona,2023-06-12
634,James Torres,james.9540@outlook.com,52,Lyon,2025-07-04
2829,Christina Wilson,christina.9423@yahoo.com,59,Chicago,2023-01-16
1767,Ronald Martinez,ronald.6391@outlook.com,34,Los Angeles,2023-07-09
5584,Michele Reyes,michele.9724@outlook.com,23,Dubai,2023-11-17
1100,Mark Gonzalez,mark.9070@yahoo.com,30,Houston,2026-04-05
390,Shawn Deleon,shawn.2143@hotmail.com,50,Madrid,2025-04-08
7574,Michelle Chang,michelle.4567@gmail.com,60,Hamburg,05/11/2023
7073,Emily Martin,emily.7470@hotmail.com,43,Mumbai,2023-09-23
609,Nathan Payne,nathan.9168@yahoo.com,54,Lyon,2026-09-02
7503,Christine Peterson,christine.9823@gmail.com,27,Los Angeles,2025-12-15
1707,Jaime Fischer,jaime.7422@example.com,36,Berlin,2024-02-25
6561,Sean Woodward,sean.6314@yahoo.com,31,Melbourne,2025-03-20
383,Michelle Ho,michelle.8939@hotmail.com,59,Mexico City,2025-04-05
5525,Dana Stokes,dana.5736@outlook.com,47,Toronto,2022-12-31
6137,Shelby Delacruz,shelby.2446@yahoo.com,72,Los Angeles,2024-06-10
7277,Christina Wolf,christina.7829@yahoo.com,43,Sydney,2025-01-03
9245,Anne Smith,anne.881@outlook.com,43,Mexico City,2024-04-20
1017,Zachary Chan,zachary.4191@example.com,57,Alexandria,2024-02-14
2453,Steven Campos,steven.6490@gmail.com,73,Manchester,2024-05-22
9412,Kelli Williamson,kelli.7137@gmail.com,18,Berlin,2025-12-12
3011,Theresa Luna,theresa.2673@hotmail.com,39,Paris,2025-07-25
285,Luke Craig,luke.9907@yahoo.com,73,Manchester,2023-10-19
9222,Michael Nelson,michael.9987@gmail.com,71,Paris,2023-03-29
6949,Yvonne Thompson,yvonne.9020@yahoo.com,35,Osaka,2024-07-21
2329,Barbara Flores,barbara.2693@outlook.com,21,Berlin,2022-10-02
6178,Felicia Matthews,felicia.4368@yahoo.com,24,Mumbai,2026-02-07
9267,Andrew Mckay,andrew.8699@hotmail.com,58,Riyadh,2024-08-05
6559,Laura Hines,laura.3722@yahoo.com,72,Madrid,2023-08-13
4001,David Baker,david.4910@hotmail.com,73,Madrid,2025-02-26
2916,Holly Austin,holly.4355@gmail.com,44,Paris,2025-07-29
8513,Howard Evans,howard.9656@gmail.com,51,Melbourne,2025-03-07
479,Laura Williams,laura.3591@yahoo.com,48,Los Angeles,2024-02-02
580,Raymond Chapman,raymond.3765@yahoo.com,75,Tokyo,2024-09-17
6735,Nathan Hickman Jr.,nathan.1718@gmail.com,29,Bangalore,2025-09-11
4307,Ruben Charles,ruben.4706@gmail.com,51,Melbourne,2024-10-28
1012,Kelly Dawson,kelly.2702@outlook.com,19,London,2025-02-05
3141,Christian Solis,christian.9345@outlook.com,70,Cairo,2025-10-28
6717,Jennifer Rodriguez,jennifer.8554@hotmail.com,75,Birmingham,2026-08-30
7998,Peter Collins,peter.1406@hotmail.com,31,Barcelona,2025-10-01
2243,Scott Stark,scott.2541@outlook.com,51,Riyadh,2023-03-24
3803,Courtney Shepard,courtney.3991@hotmail.com,64,Vancouver,2024-11-22
3546,Dakota Reid,dakota.3521@outlook.com,71,Barcelona,2023-07-16
5106,Mr. Patrick Edwards,mr..3952@gmail.com,48,Delhi,2026-09-08
8830,Eric Jones,eric.2027@yahoo.com,48,Tokyo,2022-11-02
9512,Wayne Ferrell,wayne.8895@yahoo.com,30,Cairo,2025-09-16
8167,Joseph Roberts,joseph.9796@yahoo.com,80,Alexandria,2024-11-12
8188,Leslie Mason,leslie.2761@yahoo.com,50,Bangalore,2026-09-11
109,Joyce Solis,joyce.2386@yahoo.com,51,Munich,2025-05-19
7024,David Hayes,david.5691@gmail.com,70,New York,2023-11-21
5454,Timothy Ferguson,timothy.6063@gmail.com,32,Tokyo,2023-01-04
3478,Matthew Williams,matthew.6768@example.com,54,Alexandria,2023-08-18
6683,Lynn Burnett,lynn.4920@example.com,47,Houston,2026-05-23
2066,Andrea Oconnor,andrea.5630@example.com,52,Cairo,2026-09-10
837,Michael Mccoy,michael.5884@outlook.com,52,Sydney,2023-11-30
5456,Anthony Khan,anthony.6410@hotmail.com,41,Cairo,2023-08-22
5573,April Davis,april.4950@yahoo.com,77,Berlin,2024-11-08
5306,Tammy Morris,tammy.6521@gmail.com,47,Singapore,2025-10-05
6058,Katie Davis,katie.4914@example.com,76,New York,2026-01-25
6079,Miranda Peters,miranda.7527@example.com,34,Chicago,2023-12-26
4206,Shawn Levy,shawn.784@hotmail.com,47,Delhi,2025-04-30
72,Aaron Wise,aaron.7942@gmail.com,19,Riyadh,2025-04-04
4069,Jose Collins,jose.9452@yahoo.com,30,Singapore,2023-03-16
5779,Melissa Erickson,melissa.8822@example.com,69,Sao Paulo,2022-12-13
9134,Marc Lambert,marc.6262@gmail.com,77,Manchester,2025-08-29
6869,Sarah Martinez,,48,Melbourne,2023-02-17
4642,Richard Barker,richard.4847@gmail.com,31,Chicago,2023-09-02
4851,Kara Gallegos,kara.6083@gmail.com,46,Berlin,2025-05-11
6328,Lucas Kim,lucas.5059@yahoo.com,25,Dubai,2026-02-18
5975,David Woodard,david.4588@gmail.com,21,,2024-10-17
433,Amy Taylor,amy.7838@example.com,42,Toronto,2023-07-16
3881,Dana Hernandez,dana.2970@hotmail.com,35,Cairo,2025-12-16
8865,Sierra Johnston DDS,sierra.2756@hotmail.com,66,Madrid,2025-06-18
2449,Luis Powell,luis.5863@yahoo.com,23,Melbourne,2022-11-21
2767,Mrs. Dorothy Stewart,mrs..6177@outlook.com,59,Riyadh,2025-05-29
2521,Desiree Booth,desiree.3588@hotmail.com,64,Chicago,2023-03-21
1694,Ronald Kline,ronald.6289@gmail.com,39,Houston,2022-11-02
6640,Jennifer Snow,jennifer.2014@gmail.com,32,Manchester,2023-10-02
7170,Seth Lewis,seth.4361@yahoo.com,61,Berlin,2025-10-14
487,Michael Stephens,michael.8793@yahoo.com,28,Toronto,2024-11-02
5324,Monica Johnson,monica.1970@hotmail.com,71,Houston,2025-12-02
6857,Olivia Mcdonald,olivia.8109@yahoo.com,26,Toronto,2026-08-06
234,Gina Wilson,gina.1869@example.com,50,Houston,2026-07-24
7826,Carmen Anderson,carmen.2608@yahoo.com,59,Singapore,2025-01-09
2417,Jennifer Campos,jennifer.9063@outlook.com,22,Paris,2025-03-03
1528,Randy Rodriguez,randy.353@gmail.com,33,Sao Paulo,2023-09-18
4085,Brianna Hanson,brianna.5192@outlook.com,30,Houston,2023-08-18
9236,Gregory Dyer,gregory.602@outlook.com,19,Vancouver,2023-05-04
9028,Julia Christensen,julia.285@hotmail.com,35,Melbourne,2023-05-23
1766,Francisco Gutierrez,francisco.8725@yahoo.com,42,Mumbai,2024-01-03
2624,Vanessa Davis,vanessa.8986@yahoo.com,63,Mexico City,2023-05-22
1822,Lisa Morgan,lisa.8792@yahoo.com,65,Barcelona,2026-06-17
6417,Jonathan Miller,jonathan.8792@hotmail.com,78,Alexandria,2024-03-28
7703,Steven Perez,steven.6445@hotmail.com,33,Houston,2023-07-17
4491,Ms. Renee Newton,ms..7972@example.com,64,Paris,2022-11-29
9235,Lawrence Lee,lawrence.6214@hotmail.com,55,Osaka,2023-01-01
5906,Justin Cruz,justin.1523@hotmail.com,21,Sao Paulo,2026-04-04
4350,Lindsay Lopez,lindsay.4110@yahoo.com,999,Hamburg,2025-08-13
5066,Marcus Williams,marcus.5700@hotmail.com,59,London,2023-10-27
6851,Cassandra Frey,cassandra.5493@yahoo.com,43,Osaka,2023-08-04
3188,Angela Henry,angela.2606@hotmail.com,31,Giza,2025-02-13
1207,Lydia Williams,lydia.6053@yahoo.com,20,Mumbai,2023-11-16
4121,Jacob Ochoa,jacob.1725@yahoo.com,32,Manchester,2026-06-26
9634,Kevin Wilson,kevin.1121@example.com,63,Tokyo,2023-07-13
1861,Jacqueline Pierce,jacqueline.1161@yahoo.com,64,Hamburg,2023-04-01
6736,Hannah Fox,hannah.3566@gmail.com,31,Lyon,21-Feb-2026
671,Dana Ruiz,dana.9772@yahoo.com,54,Berlin,2024-03-29
603,Kathy Simpson,kathy.3071@outlook.com,46,Madrid,2025-06-13
2438,Jim Elliott,jim.5270@hotmail.com,31,Hamburg,2022-10-03
687,William Miller,william.8881@gmail.com,66,Bangalore,2023-02-03
7398,Sarah Keith,sarah.3375@yahoo.com,,Alexandria,2025-07-11
5648,Taylor Reed,taylor.1773@hotmail.com,63,Alexandria,2022-10-30
6032,Nancy Clark DVM,nancy.4833@outlook.com,61,Berlin,2023-10-04
5144,Margaret Owens,margaret.8832@yahoo.com,150,Los Angeles,2023-10-24
5849,Alicia Myers,alicia.7332@hotmail.com,67,Madrid,2022-11-28
3982,Elizabeth Taylor,elizabeth.4063@yahoo.com,N/A,Sydney,2025-09-28
547,Henry Pugh MD,henry.9217@yahoo.com,65,Los Angeles,2025-06-06
5403,Caitlin Lucas,caitlin.8833@outlook.com,77,New York,2023-08-04
6945,Jason Gordon,jason.9417@example.com,56,Manchester,2024-01-03
4785,Jamie Mclaughlin,jamie.7696@gmail.com,61,Sao Paulo,2025-10-07
1227,Amanda Nash,amanda.2642@outlook.com,19,London,2025-05-18
7984,Amanda Lester,amanda.5918@hotmail.com,42,Bangalore,2026-01-07
7899,Lisa Dennis,lisa.1678@yahoo.com,77,London,2025-04-26
4389,John Smith,john.7258@gmail.com,62,Houston,2023-04-05
4026,Lisa Ellison,lisa.4194@hotmail.com,71,Vancouver,2025-03-20
2097,Brian Sloan,brian.4345@gmail.com,37,Barcelona,2023-09-16
2289,David Mccullough,david.5557@example.com,72,Melbourne,2024-05-14
9725,Terry Tucker,terry.7670@outlook.com,72,Tokyo,2022-11-24
879,Mikayla Rodriguez,mikayla.21@gmail.com,42,Hamburg,2025-02-25
4301,Eric Hoover,eric.8952@yahoo.com,36,Toronto,2023-01-18
2554,James Hawkins,james.405@yahoo.com,46,London,2025-07-23
9586,Amanda Skinner,amanda.2723@outlook.com,67,Sao Paulo,2026-03-18
4666,Natalie Kirby,natalie.6360@example.com,59,Bangalore,2022-12-01
1948,Kevin Guerra,kevin.9400@yahoo.com,69,Barcelona,2026-06-09
5424,Johnny Brown,johnny.7406@hotmail.com,42,Singapore,2025-01-12
5138,Jose Ryan,jose.6153@example.com,47,Sao Paulo,2024-10-12
3898,Daniel Watkins,daniel.4782@hotmail.com,46,Mumbai,2023-01-30
7514,Gabrielle Crawford,gabrielle.5362@outlook.com,37,Chicago,2024-08-31
2599,Thomas Adams,thomas.5085@example.com,30,Lyon,2025-08-15
3205,Jennifer Nguyen,jennifer.6880@outlook.com,74,Toronto,2026-01-20
5162,Angela Patel,angela.9911@gmail.com,64,Los Angeles,2024-06-20
6433,Thomas Flynn,thomas.5165@yahoo.com,75,Bangalore,2024-12-26
2265,Michael Jensen,michael.4962@example.com,70,Dubai,2024-01-02
1426,Angela Gilmore,angela.4511@example.com,76,Tokyo,2025-08-26
3674,Jennifer Jackson,jennifer.1775@outlook.com,32,Barcelona,2025-08-08
3069,Joshua Mitchell,joshua.2051@yahoo.com,43,Dubai,2024-12-27
9620,Nicholas Ortega,nicholas.465@outlook.com,63,Giza,2023-03-06
5457,Regina Burton,regina.8023@example.com,34,Mexico City,2024-02-20
9083,Jessica Lee,jessica.1961@example.com,65,Chicago,2024-03-31
9682,Barbara Lucero,barbara.9195@hotmail.com,66,Paris,2025-03-14
5572,James Ruiz,james.663@yahoo.com,19,Manchester,2023-05-17
9530,Regina Mitchell,regina.62@hotmail.com,54,Riyadh,2025-06-23
6698,Robert Ellis,robert.3485@hotmail.com,64,London,2023-07-24
3099,Mary Montgomery,mary.9944@gmail.com,79,Los Angeles,2026-04-24
3872,Jason Burns,jason.4948@outlook.com,43,Cairo,2025-04-15
224,Mary Hill,mary.694@outlook.com,19,Hamburg,2024-12-21
4629,Gregory Morris,gregory.2699@yahoo.com,61,Delhi,2025-05-30
5269,Crystal Rodriguez,crystal.3488@gmail.com,78,Chicago,2025-04-22
8210,Angel Martinez,angel.5455@yahoo.com,68,Singapore,2025-03-03
3234,Teresa Jones,teresa.7036@yahoo.com,40,London,2023-02-20
3126,Tiffany Miller,tiffany.7448@gmail.com,52,Los Angeles,2025-02-13
2435,Karen Roberts,karen.7078@yahoo.com,57,Lyon,2025-05-19
2568,Stephen Roberts,stephen.3729@yahoo.com,64,Bangalore,2026-05-19
9564,Dr. Nicholas Hobbs,dr..6803@yahoo.com,36,Osaka,2024-10-25
3571,Zachary Jones,zachary.559@outlook.com,19,Delhi,2025-06-07
8759,Laura Reed,laura.414@hotmail.com,41,Paris,2025-09-05
8321,Michael Butler,michael.5516@yahoo.com,54,Singapore,01-21-2023
8060,Brenda Chen,brenda.3823@hotmail.com,31,Madrid,2023-09-21
43,Timothy Duncan,timothy.3793@hotmail.com,63,Birmingham,2024-08-07
419,Nicole Gonzalez,nicole.9223@hotmail.com,48,Melbourne,2024-09-29
5183,Joseph Lopez,joseph.869@outlook.com,31,London,2025-10-07
3168,Eugene Fritz,eugene.4750@outlook.com,31,London,2025-03-28
1539,Mary Jennings,mary.9919@hotmail.com,46,Madrid,2024-12-30
6356,Kirk Owens,kirk.7581@outlook.com,61,Houston,2026-09-08
7630,Greg Pitts,greg.8740@outlook.com,20,Los Angeles,2024-03-03
7635,Jasmine Leonard,jasmine.9124@example.com,36,Delhi,2024-01-24
1604,Jason White,jason.4890@hotmail.com,76,Giza,2026-03-20
7256,David Meyer,david.1722@hotmail.com,33,Mumbai,2022-12-14
931,Kristin Andrews,kristin.7956@example.com,56,Paris,2023-08-15
3450,Melissa Johnson,melissa.5864@gmail.com,73,Tokyo,2026-02-13
8009,David Parker,david.1182@hotmail.com,78,Manchester,2024-03-19
9701,Andres Daniels,andres.4753@hotmail.com,38,Cairo,2023-12-27
5024,Raven Garza,raven.1546@example.com,18,New York,2025-08-27
3574,William Day,william.5806@yahoo.com,43,Delhi,2026-04-09
5070,Donna Robinson,donna.2188@gmail.com,67,London,2023-12-10
8623,James Wallace,james.2707@gmail.com,21,Hamburg,2023-06-17
7815,Michael Mcclain,michael.5115@yahoo.com,,London,2024-05-31
6200,Marvin Wong,marvin.9246@outlook.com,72,Manchester,2024-10-02
1181,Alyssa Peters,alyssa.3843@gmail.com,36,Dubai,2023-10-31
9770,April Ross,april.8247@outlook.com,51,Houston,2022-12-02
6827,Monica Torres,monica.2195@gmail.com,35,Singapore,2023-09-15
5405,Michelle Sherman,michelle.1194@example.com,59,Singapore,2023-05-17
8141,Jordan West,jordan.1447@hotmail.com,23,New York,2024-04-14
3654,Heather Poole,heather.4075@gmail.com,20,Tokyo,2023-09-28
8313,Jennifer Garcia,jennifer.7968@gmail.com,52,Vancouver,2024-02-15
7381,Phillip Ramirez,phillip.1971@example.com,77,Los Angeles,2024-02-14
5149,Mark Brock,mark.2922@gmail.com,45,Paris,2026-09-08
8295,Taylor Bradley,taylor.8757@gmail.com,36,Toronto,2026-04-20
5962,Cynthia Montgomery,cynthia.2161@gmail.com,70,Madrid,2024-01-20
7032,Hannah Wilson,hannah.8278@outlook.com,21,Alexandria,2026-04-05
9377,Robert Davis,robert.1098@example.com,33,Riyadh,2023-03-15
7571,Dr. Jennifer Reynolds MD,dr..9644@outlook.com,43,Singapore,2023-08-02
888,,pamela.8963@gmail.com,39,Dubai,2026-07-25
9302,Maxwell Armstrong,maxwell.773@example.com,47,Sao Paulo,2022-10-29
5397,Kaitlin Patel,kaitlin.254@hotmail.com,66,Cairo,2024-07-20
9830,Wesley Williams,wesley.3992@example.com,27,Tokyo,2022-12-11
2280,Whitney Shaffer,whitney.4765@gmail.com,49,Berlin,2023-02-15
8445,Ashley Mccullough,ashley.7654@yahoo.com,78,Sao Paulo,2023-12-26
9499,Barbara Martinez,barbara.5116@hotmail.com,61,Giza,2024-11-11
5586,Stephen Walker,stephen.2473@yahoo.com,25,Houston,2024-01-10
4088,Jennifer Wells,jennifer.7487@gmail.com,18,Berlin,2023-11-09
4246,Joseph Jones,joseph.9409@gmail.com,47,Dubai,2024-07-22
508,Felicia Krueger,felicia.2542@hotmail.com,30,Sao Paulo,2022-10-09
6407,Gary Montgomery,gary.7386@example.com,44,Lyon,2023-12-08
1788,Kimberly Cobb,kimberly.1241@outlook.com,77,Manchester,2025-04-22
9307,Dennis Allen,dennis.1025@hotmail.com,51,Mexico City,2026-06-28
5811,Thomas Nichols,thomas.3020@outlook.com,39,Delhi,2024-12-19
7405,Levi Meadows,levi.6860@hotmail.com,79,Osaka,2023-09-26
4878,Matthew Perry,matthew.4921@hotmail.com,24,Melbourne,2025-10-31
3806,Miranda Randolph,miranda.3839@example.com,24,Munich,2023-06-03
4667,Jeremy Silva,jeremy.799@hotmail.com,55,New York,2025-08-20
5626,Desiree Fox,desiree.8701@gmail.com,39,Toronto,2026-05-08
6318,Douglas Martinez,douglas.6652@gmail.com,54,Mexico City,2023-11-01
2220,Ana Harper,ana.1738@hotmail.com,27,Cairo,2025-09-26
6981,Tanner Gibbs,tanner.754@hotmail.com,59,Chicago,2024-08-08
2792,Victor Smith,victor.2609@gmail.com,53,Berlin,2022-11-03
9528,Chelsea Marshall,chelsea.5781@yahoo.com,33,London,2025-06-08
6603,Steven Meyers,steven.1234@example.com,30,Sydney,2025-05-30
7404,Jennifer Williams,jennifer.8037@gmail.com,53,Los Angeles,2024-11-15
709,Jason Pierce,jason.1527@outlook.com,58,Mumbai,2022-12-15
1808,Cory Miller,cory.1486@hotmail.com,52,Tokyo,2024-12-30
4541,Ann Huffman,ann.7115@hotmail.com,43,Chicago,2024-06-30
5075,Ryan Taylor,ryan.1620@hotmail.com,73,Mumbai,2024-12-12
4140,Chelsea Smith,chelsea.6989@gmail.com,79,Madrid,2026-08-15
7579,David Davenport,david.3879@hotmail.com,64,Munich,2024-06-02
5123,Reginald Bishop,reginald.1037@yahoo.com,48,Berlin,2024-05-20
4534,Diane Berg,diane.4482@outlook.com,N/A,Houston,2025-09-15
4870,Eric Manning,eric.6097@outlook.com,79,Mexico City,2024-10-27
9542,Christopher Archer,christopher.3904@example.com,44,Chicago,2025-01-02
4663,Misty Aguilar,misty.9723@gmail.com,77,Lyon,2024-06-17
9624,Michael Perez,michael.2496@hotmail.com,78,Toronto,2025-09-14
8134,Brandon West,brandon.8906@outlook.com,21,Giza,2023-08-28
3887,Jacqueline Robertson,jacqueline.4716@example.com,70,Hamburg,2023-06-13
7705,Jose Vasquez,jose.7087@yahoo.com,76,Los Angeles,2023-11-30
67,Aimee Montoya,aimee.19@example.com,47,Munich,2023-11-28
141,Tyler Reid,tyler.6087@gmail.com,61,London,2026-01-09
9314,Katherine Sparks,katherine.5615@yahoo.com,78,Mumbai,2025-10-13
839,Ronald Garcia,ronald.8232@hotmail.com,42,Manchester,2025-08-02
3977,Laura Larson,laura.3319@hotmail.com,60,Alexandria,2026-04-01
6487,Karl Bryan,karl.6186@example.com,61,Vancouver,2023-04-15
7659,Timothy Fuentes Jr.,timothy.5348@hotmail.com,46,Barcelona,2023-11-04
9428,Frank Horn,frank.5897@example.com,63,Osaka,2026-07-01
3848,Aaron Diaz,aaron.7759@hotmail.com,72,Madrid,2024-10-08
4231,Steven White,steven.7215@yahoo.com,27,Cairo,2023-02-18
8948,Laura Collins,,25,Birmingham,2026-07-26
1719,Joshua Kramer,joshua.8932@yahoo.com,60,Chicago,2025-04-26
8398,Melissa Patel,melissa.1117@gmail.com,36,Alexandria,2024-10-21
6498,Carlos Peterson,carlos.1320@outlook.com,40,Madrid,2024-11-10
8391,Allen Webb,allen.15@gmail.com,24,Osaka,2024-12-25
9189,Parker Williams,parker.2544@yahoo.com,77,Manchester,2025-01-10
5989,Lisa Daniel,lisa.7049@example.com,38,Mumbai,2024-03-15
8411,Christopher Christian,christopher.1495@example.com,20,Los Angeles,2024-05-09
2385,Eric Fitzgerald,eric.8271@outlook.com,66,Hamburg,2024-07-09
5780,Claire Warren,claire.4080@example.com,43,Delhi,2024-09-30
8505,Crystal Wagner,crystal.9654@gmail.com,53,Singapore,2024-03-15
8864,Harold Castillo DVM,harold.1637@hotmail.com,36,Manchester,2024-06-17
7959,Diane Obrien,diane.1537@outlook.com,73,Hamburg,2024-08-15
8534,Larry Lynn,larry.7089@outlook.com,77,Houston,2024-03-31
3462,Mr. James Fletcher MD,mr..6820@example.com,65,Dubai,2023-03-30
3610,Andrew Smith,andrew.1214@hotmail.com,75,Sao Paulo,2022-10-26
797,Jessica Bennett,jessica.8516@outlook.com,62,Osaka,2024-02-08
6455,Scott Lyons Jr.,scott.1051@yahoo.com,27,Toronto,2024-02-03
5380,Faith Williams,faith.8786@yahoo.com,24,Riyadh,2025-02-26
1723,Brandon Arnold,brandon.2057@yahoo.com,18,Giza,2024-10-17
7644,Randall Hayes,randall.8111@gmail.com,38,Delhi,2024-09-11
2075,Joseph Graves PhD,joseph.9376@outlook.com,48,Madrid,2024-11-30
9459,Stephen Shields,stephen.370@outlook.com,70,Delhi,2023-01-09
7851,Dr. Elijah Wood Jr.,dr..4252@gmail.com,58,Sydney,2023-01-30
9376,Kim Fitzgerald,kim.1932@hotmail.com,77,London,2025-05-02
4038,Debbie Watson,debbie.2201@gmail.com,38,Singapore,2022-12-07
1915,Phillip Byrd,phillip.7406@example.com,41,Sydney,2023-04-29
1734,Sandra Miller,sandra.8949@example.com,41,Alexandria,2022-12-16
6397,Crystal Diaz,crystal.4278@hotmail.com,200,Birmingham,2025-03-23
4601,Amber Lewis,amber.6184@gmail.com,20,Paris,2025-06-05
8124,Angel Best,angel.541@gmail.com,74,Dubai,2023-09-30
116,Michael Mccarthy,michael.8956@yahoo.com,22,Hamburg,2022-12-19
3724,Jennifer Hernandez,jennifer.7757@yahoo.com,28,Cairo,2025-01-22
9613,Dylan Barrera,dylan.2929@yahoo.com,36,Singapore,2026-05-02
8458,Michael Cameron,michael.4837@hotmail.com,49,Houston,2025-09-01
9467,Wyatt Arnold,wyatt.796@gmail.com,68,Berlin,2025-02-16
8317,Tina Bender,tina.6024@outlook.com,32,Sao Paulo,2025-03-05
2129,Anthony Williams,anthony.2303@yahoo.com,25,Barcelona,2022-12-02
1153,Jeremy Larson,jeremy.9144@gmail.com,54,Melbourne,2024-09-23
7089,Alexander Peters MD,alexander.1223@gmail.com,38,Tokyo,2022-12-12
7513,Dr. Thomas Clark PhD,dr..9691@example.com,52,Munich,2023-06-26
4462,Monica Molina,monica.5266@yahoo.com,28,Berlin,2025-09-29
3208,Barry Hernandez,barry.9940@gmail.com,25,Toronto,2024-10-19
8422,Michelle White,michelle.683@hotmail.com,73,Cairo,2025-03-18
128,Sandra King,sandra.547@example.com,41,Bangalore,2023-01-14
996,Melissa Davis,melissa.2898@hotmail.com,58,Alexandria,2023-03-31
6160,Bobby Duran,bobby.230@example.com,21,Vancouver,2024-06-19
211,Amanda Jones,amanda.6948@outlook.com,56,Hamburg,2025-03-27
6209,Thomas Jones,thomas.9764@yahoo.com,38,Sydney,2022-12-06
3301,Justin Henderson,justin.7104@gmail.com,61,Alexandria,2022-12-21
3361,Denise Macias,denise.2281@yahoo.com,34,Los Angeles,2024-09-04
1906,Whitney Jones,whitney.3355@yahoo.com,80,Toronto,2023-02-17
9774,Kyle Jordan,kyle.2499@outlook.com,38,Mumbai,2024-02-18
2751,Trevor Scott,trevor.7801@gmail.com,64,Berlin,2025-04-27
5712,Jill Patton,jill.3820@example.com,80,Hamburg,2023-03-08
1787,Jennifer Woodard,jennifer.3019@hotmail.com,36,Hamburg,2025-07-10
639,Ashley Edwards,ashley.6548@hotmail.com,79,Sydney,2026-03-27
7615,Sarah Brock,sarah.850@outlook.com,33,Alexandria,2025-06-10
9347,Ryan Simpson,ryan.6470@hotmail.com,47,Sao Paulo,2024-05-29
8694,Karen Wright,karen.7663@example.com,26,Berlin,2023-08-22
5844,Christopher Mcdowell,christopher.7033@hotmail.com,37,Riyadh,2023-01-28
9339,Sara King,sara.4263@outlook.com,60,Los Angeles,2026-09-14
9003,Rebecca Smith,rebecca.6925@hotmail.com,33,Toronto,2024-11-28
10,Lisa Hensley,,46,Sydney,2025-01-07
6375,Earl Hawkins,earl.8736@example.com,55,Tokyo,2025-07-25
1438,Steven Roberts,steven.1093@gmail.com,71,Mexico City,2026-07-15
1443,Crystal Meza,crystal.9672@hotmail.com,21,Vancouver,2025-04-15
5328,Raven Evans,raven.665@gmail.com,71,Mexico City,2022-12-04
4098,Stephen Vaughn,stephen.3438@hotmail.com,41,Dubai,2022-12-15
7245,Justin Clay,justin.8335@outlook.com,,Berlin,2025-03-29
2340,Brandon Lang,brandon.1381@gmail.com,52,Toronto,2025-08-08
6745,Taylor Watson,taylor.6967@outlook.com,55,Houston,2023-10-06
7664,Melissa Valencia,melissa.1310@example.com,58,Barcelona,2024-05-14
5429,Melanie White,melanie.2522@yahoo.com,38,Lyon,2026-06-14
5005,John Parker,john.2244@hotmail.com,70,Berlin,2024-03-13
9920,Gabriel Bradley,gabriel.7472@gmail.com,31,Delhi,2025-05-23
3662,Erin Price,erin.8876@example.com,76,Los Angeles,2024-07-22
9801,Brandi Moyer,brandi.7472@outlook.com,18,Singapore,2024-07-17
9707,Cynthia Stanley,cynthia.3882@example.com,50,Paris,2024-04-03
2026,Melody Williams,melody.1624@example.com,66,Cairo,2026-03-04
3087,Matthew Bartlett,matthew.8251@gmail.com,50,Sydney,2026-06-17
1753,Nancy Brewer,nancy.4604@hotmail.com,72,Manchester,2026-03-05
1447,John Arellano,john.995@hotmail.com,53,Bangalore,2025-10-15
8126,Edward Kane,edward.2366@gmail.com,79,Tokyo,2026-02-21
7290,Christine Campbell,christine.1486@yahoo.com,68,Chicago,2024-04-21
5263,Nicholas Eaton,nicholas.295@gmail.com,78,Houston,2023-01-23
7258,Nicole Crosby,nicole.7949@example.com,47,Riyadh,2023-08-11
6665,Larry Gray,larry.2346@outlook.com,49,Chicago,2023-04-17
9233,James Montes,james.5511@example.com,48,Manchester,2025-04-09
5778,James Alvarez,james.8945@outlook.com,57,Mumbai,2025-11-09
5341,Erik Delacruz,erik.9544@outlook.com,59,Munich,2025-02-05
741,Tracy Wilkerson,tracy.9955@hotmail.com,67,Mexico City,2024-09-06
2967,Kristina Monroe,kristina.2712@outlook.com,66,Lyon,2024-03-19
5972,Ashley Scott,ashley.2229@hotmail.com,72,Tokyo,2024-08-05
4834,Calvin Pena,calvin.3256@gmail.com,31,Munich,2023-10-08
5382,Christy Contreras,christy.6880@yahoo.com,54,Madrid,2022-10-04
6029,Michael Jones,michael.1634@gmail.com,24,Hamburg,2024-07-15
3608,Javier Schultz,javier.3645@gmail.com,38,Chicago,2023-01-12
2918,Carlos Dunlap,carlos.2088@hotmail.com,66,Singapore,2023-08-12
2151,Kristen Jackson,kristen.1313@outlook.com,48,Bangalore,2022-11-22
5071,Angela Crawford,angela.7962@outlook.com,32,Mexico City,2023-08-02
1105,Brandon Montgomery,brandon.6840@example.com,36,Osaka,2026-06-07
7075,Kelly Barber,kelly.7250@hotmail.com,22,Munich,2025-07-06
8906,Jennifer Vega,jennifer.342@outlook.com,35,Houston,2023-01-07
1929,Daniel Turner,daniel.8687@example.com,46,Hamburg,2025-02-07
7716,Cassandra Brown,cassandra.616@outlook.com,68,Delhi,2023-04-25
9716,Colton Dickerson,colton.9280@outlook.com,38,Manchester,2024-12-19
115,Francisco Fernandez,francisco.154@outlook.com,75,Birmingham,2023-04-07
8315,Veronica Berg,veronica.2262@outlook.com,70,Riyadh,2024-04-17
8744,Randy Reynolds,randy.5254@gmail.com,29,Houston,2026-08-25
5878,Timothy Reynolds,timothy.8829@outlook.com,69,Dubai,2024-10-24
4174,Kevin Berry,kevin.7181@hotmail.com,70,New York,2026/03/04
326,Chad Jones,chad.7205@outlook.com,39,Chicago,2026-02-01
3899,Brianna Williams,brianna.7658@gmail.com,27,Dubai,2023-04-25
307,Donald Brown,donald.2353@hotmail.com,45,Cairo,2024-09-27
9627,Robert Reynolds,robert.6100@gmail.com,26,Toronto,2023-01-12
8709,Brian Fox,brian.838@gmail.com,69,Chicago,2025-05-25
4528,Wendy Evans,wendy.6931@gmail.com,37,Manchester,2022-09-29
7294,Melissa Wilson,melissa.6841@outlook.com,28,Melbourne,2026-07-05
1351,Steven Carrillo,steven.3740@hotmail.com,38,Riyadh,2024-01-02
3622,Dean Sanchez,dean.9567@yahoo.com,58,Vancouver,2024-02-03
662,Patrick Yang,patrick.3229@outlook.com,25,Manchester,2023-03-10
6585,Thomas Thompson,thomas.273@yahoo.com,62,Berlin,2023-09-15
2903,Michael Farmer,michael.8669@example.com,75,Los Angeles,2022-12-15
8820,Leonard Davis,leonard.3187@outlook.com,76,New York,2026-06-05
9047,Sarah Brown,sarah.3079@gmail.com,27,Vancouver,2023-11-29
8902,George Jones,george.4169@gmail.com,50,Munich,2026-08-17
7297,Ronnie Thomas,ronnie.5615@gmail.com,79,Barcelona,2024-03-07
7586,Melissa Frazier,melissa.1925@example.com,62,Dubai,2023-03-10
2975,Tracy Garcia,tracy.9047@gmail.com,28,London,2026-05-24
7134,Joshua Rice,joshua.2267@hotmail.com,56,Los Angeles,2022-12-28
8300,William Wagner,william.1711@gmail.com,60,Hamburg,2023-12-14
5233,Suzanne Stephens,suzanne.7565@example.com,72,Munich,2024-04-22
5319,Aaron Collier,aaron.5648@outlook.com,58,Giza,2025-11-12
2608,,teresa.2870@outlook.com,33,Chicago,2022-10-16
5401,Sara Flores,sara.1413@outlook.com,61,Tokyo,2025-04-11
1898,Kenneth Mclaughlin,kenneth.6978@hotmail.com,62,Mexico City,2023-11-11
1425,Tracy Daniels,tracy.8907@hotmail.com,38,,2025-11-20
1746,Robert Burns,robert.4828@hotmail.com,28,Alexandria,2023-03-14
766,Beth Henderson,beth.4248@yahoo.com,41,Los Angeles,2026-08-30
5966,Darren Lara,darren.9470@yahoo.com,26,Tokyo,2026-07-02
9762,Joshua Robinson,joshua.9214@gmail.com,37,Cairo,2023-08-28
3252,Rebecca Baldwin,rebecca.4660@yahoo.com,71,Mexico City,2025-09-05
5569,Scott Nunez,scott.3451@hotmail.com,60,Lyon,2024-09-16
2857,Melissa Stout,melissa.3699@hotmail.com,18,New York,2024-08-28
6629,Heather Fisher,heather.6608@gmail.com,55,Osaka,2025-02-03
8142,Victoria Yoder,victoria.2172@example.com,47,Tokyo,2026-04-27
5015,Kim Adams,kim.2993@example.com,31,Barcelona,2026-03-17
939,Brianna Byrd,brianna.7260@hotmail.com,35,Bangalore,2026-05-14
4441,Brian Gross,brian.5221@example.com,75,New York,2024-07-22
5732,Ashley Hopkins,ashley.6184@hotmail.com,24,Singapore,2023-07-08
3851,Rose Mclaughlin,rose.5524@example.com,34,Houston,2023-06-22
4984,Aaron Goodman,aaron.5605@yahoo.com,51,Melbourne,2026-09-07
7292,Tammy Adams,tammy.9335@example.com,29,Dubai,2023-08-03
7472,Emily Huynh,emily.6017@hotmail.com,61,Cairo,2023-07-25
3164,Kevin Williams,kevin.1701@gmail.com,59,Cairo,2024-02-14
8983,Cassandra Bowers,cassandra.6134@example.com,35,Mumbai,2025-09-28
8245,Raymond Mcgee,raymond.8174@yahoo.com,38,Sydney,2023-03-22
5315,Michael Rivera,michael.8999@yahoo.com,43,Barcelona,2023-12-30
787,Michele Hill,michele.3975@outlook.com,41,Barcelona,2026-01-02
9056,Ralph Arias,ralph.6146@hotmail.com,41,Sydney,2024-01-05
2182,Tyler Howard,tyler.4290@yahoo.com,57,Hamburg,2025-03-04
2665,  Dr. Janet White PhD  ,dr..9799@outlook.com,65,Osaka,2022-10-02
4007,Lisa Beard,lisa.7079@hotmail.com,24,Sao Paulo,2023-04-05
2619,Kristina Webb,kristina.7568@outlook.com,39,Bangalore,2026-05-05
6103,Jon Lee,jon.9763@yahoo.com,18,Sao Paulo,2024-11-12
5430,Lindsey Chen,lindsey.9451@yahoo.com,49,Bangalore,2024-01-17
2662,Melissa Grant,melissa.982@yahoo.com,41,Paris,2024-06-14
5406,John Reilly,john.2855@gmail.com,80,Barcelona,2023-07-20
2002,Kathy Anderson,kathy.8248@yahoo.com,71,Houston,2025-11-24
3198,Alexander Pearson,alexander.1695@gmail.com,47,Sao Paulo,2025-10-04
1618,Michelle Fitzgerald,michelle.5798@yahoo.com,57,Barcelona,2023-09-26
6811,Aaron Williamson,aaron.4440@gmail.com,30,Birmingham,2026-02-02
9880,Lisa Shaffer,lisa.9986@example.com,22,Munich,2025-08-15
6684,Lindsey Wright,lindsey.4260@hotmail.com,72,Osaka,2025-01-02
298,Kelly Foster,kelly.2274@outlook.com,46,Dubai,2023-12-14
5208,Martin Jones DVM,martin.3064@hotmail.com,30,Mexico City,2024-02-09
100,John Santana,john.6513@gmail.com,72,Toronto,2025-11-22
5877,Beth Schmidt,beth.8231@example.com,60,Manchester,2025-12-14
1950,Danielle Thompson,danielle.7848@gmail.com,26,Mumbai,2023-09-15
1572,Samuel Stuart,samuel.808@yahoo.com,36,Hamburg,2024-08-26
4846,William Hicks,william.7856@gmail.com,40,Toronto,2026-02-05
2124,William Hickman,william.692@outlook.com,68,Cairo,2024-05-31
9607,Sheryl Rodgers,sheryl.3247@yahoo.com,70,Sydney,2023-05-07
59,Bryan Zamora,bryan.7246@hotmail.com,29,barcelona,2023-09-11
8450,Julian Oneal,julian.7687@outlook.com,76,Bangalore,2023-10-08
2785,Sophia Valdez,sophia.9404@outlook.com,58,Melbourne,2024-12-01
6765,Lori Gutierrez,lori.5713@example.com,64,Dubai,2026-04-25
9505,Alexis Leon,alexis.4409@outlook.com,44,Los Angeles,2024-05-23
2339,Tamara Williams,tamara.6628@yahoo.com,74,Birmingham,2025-04-16
4905,Samantha Price,samantha.9722@hotmail.com,57,Melbourne,2022-09-23
6672,Alexandra Jones,alexandra.1895@example.com,38,Paris,2024-04-27
8025,Matthew Moore,matthew.5235@yahoo.com,73,Barcelona,2023-03-16
1557,Daniel Flynn,daniel.8052@outlook.com,26,Chicago,2025-04-25
5394,Lindsay Farmer,lindsay.1001@outlook.com,73,Mexico City,2024-01-15
1636,Denise Macdonald,denise.7578@outlook.com,77,Bangalore,2025-01-19
451,Ann Andrews,ann.2253@gmail.com,79,Madrid,2024-11-06
9050,Nicole Chaney,nicole.1287@hotmail.com,31,Mexico City,2025-03-26
5428,Melinda Ross,melinda.9415@outlook.com,50,Paris,2023-04-25
4754,Amanda Davis,amanda.4398@yahoo.com,68,New York,2023-09-07
4709,Sabrina Ellison,sabrina.3682@yahoo.com,48,Dubai,2024-05-07
8956,Joseph Austin,joseph.6672@example.com,73,Alexandria,2025-02-20
104,Samuel Jones,samuel.4709@yahoo.com,65,Giza,2024-05-14
71,Taylor Mathis Jr.,taylor.4720@outlook.com,74,Delhi,2024-05-27
7608,Gloria Henderson,gloria.9441@outlook.com,77,Cairo,2025-03-18
9508,Marissa Holloway,marissa.6648@example.com,46,Manchester,2024-05-16
4324,Dr. Marie Silva MD,dr..6586@gmail.com,27,Los Angeles,2026-04-19
6406,Rachel Payne,rachel.1766@gmail.com,37,London,2025-12-07
7142,Matthew Vazquez,matthew.8599@example.com,67,Los Angeles,2026-04-26
1632,Michael Graham,michael.2878@yahoo.com,39,Melbourne,2026-09-09
6383,Brent Mckee,brent.2162@yahoo.com,20,London,2023-05-03
310,Julie Spencer,julie.1109@example.com,52,Lyon,2025-11-16
1054,Joanna Cook,joanna.8599@example.com,64,Barcelona,2024-02-26
2471,Michael Rodriguez,michael.3697@outlook.com,79,Giza,2024-08-05
4563,Hannah Lopez ,hannah.3761@example.com,49,Cairo,2025-08-29
6125,William Phelps,william.8420@yahoo.com,28,Bangalore,2025-03-30
4166,Ashley Velasquez,ashley.3169@yahoo.com,71,Vancouver,2023-01-20
24,Arthur James,arthur.894@example.com,36,Delhi,2026-09-11
3381,Micheal Jones,micheal.5429@gmail.com,25,Bangalore,2023-02-12
4076,Vanessa Fleming,vanessa.3560@hotmail.com,19,Los Angeles,2025-03-11
152,Kevin Kennedy,kevin.8018@example.com,44,Mexico City,2024-10-31
5007,Margaret Knight,margaret.6751@gmail.com,80,Lyon,2026-04-26
7721,Shawn Kelley,shawn.7430@outlook.com,26,Vancouver,2022-11-28
9145,Austin Anderson,austin.9189@yahoo.com,55,Vancouver,2023-02-19
6317,Erin Alvarez,erin.8716@example.com,59,Hamburg,2025-04-08
6985,Hannah Reyes,hannah.5455@yahoo.com,18,Vancouver,2025-06-03
6915,Mackenzie Diaz,mackenzie.5388@gmail.com,74,Houston,2023-11-23
2032,Lauren Trujillo,lauren.3034@outlook.com,61,Mexico City,2026-02-09
3623,Isaiah Black,isaiah.7934@example.com,60,Mexico City,2024-10-30
6495,James Cobb,james.8160@outlook.com,38,Sydney,2025-12-19
6809,Jeremy Moran,jeremy.6961@example.com,79,Madrid,2026-08-21
1833,Gloria Contreras,gloria.9437@example.com,150,Toronto,2025-06-28
494,Donna Cabrera,donna.50@yahoo.com,55,Giza,2025-08-20
9180,Anne Johnson,anne.5215@gmail.com,67,Vancouver,2025-08-17
2320,James Silva,james.6800@hotmail.com,58,Mumbai,2025-10-10
9391,Whitney Taylor,whitney.5539@hotmail.com,42,Barcelona,2026-07-19
7123,Chad Bartlett,chad.1195@hotmail.com,50,Tokyo,2023-08-28
1880,Sandra Morgan,sandra.7582@hotmail.com,18,Bangalore,2024-05-21
9410,Christopher Perez,christopher.9132@outlook.com,66,Melbourne,2026-08-29
3354,Anna Yang,anna.3224@outlook.com,55,Sao Paulo,2026-08-16
5422,Sherry Stephens DDS,sherry.6581@outlook.com,999,Paris,2022-11-14
7486,Erica Hawkins,erica.6340@yahoo.com,28,Mexico City,2026-06-05
3236,Aaron Wallace,aaron.6095@yahoo.com,67,Toronto,2025-08-16
4500,Melinda Green,melinda.5090@example.com,,Dubai,2026-03-24
2333,Angela Stafford,angela.9071@hotmail.com,64,Bangalore,2024-05-25
4452,Kevin Gordon,  kevin.1501@gmail.com  ,45,Sydney,2025-06-25
3120,Christopher Smith,christopher.7676@example.com,75,,2025-06-18
47,Scott Wright,scott.3684@yahoo.com,76,Manchester,2023-06-21
3784,Joshua Ellis,joshua.2794@gmail.com,78,Melbourne,2025-12-13
8667,Teresa Kemp,teresa.9888@outlook.com,999,Cairo,2026-01-22
2516,Becky Carroll,becky.111@hotmail.com,18,Giza,2023-12-29
628,Karina Cooper,karina.7564@yahoo.com,46,Sydney,2025-06-10
5280,Jon Edwards MD,jon.3890@outlook.com,73,Mumbai,10-04-2022
3943,Bobby Williams,bobby.8382@outlook.com,45,Sydney,2026-03-11
2114,Kathryn Mclean,kathryn.1056@yahoo.com,72,Munich,2026-01-30
2206,Keith Cervantes,keith.895@yahoo.com,29,Alexandria,2023-04-23
7403,Kristin Smith,kristin.9284@example.com,77,Chicago,2023-09-24
176,Donna Martinez,donna.8033@outlook.com,22,Osaka,2025-06-19
6855,Vickie Davis,vickie.5554@outlook.com,48,Dubai,2025-06-07
3438,Leroy Martin,leroy.2303@gmail.com,41,Singapore,2023-05-07
211,Amanda Jones,amanda.6948@outlook.com,56,Hamburg,2025-03-27
781,Debra Butler,debra.8226@gmail.com,29,London,2025-04-17
3442,April Thompson MD,april.3400@example.com,70,Paris,24-Aug-2026
2834,Katherine Thompson,katherine.2@yahoo.com,37,Alexandria,2024-09-27
7034,Shawna Brown,shawna.3304@gmail.com,56,Hamburg,2026-06-24
2111,Caitlin Gonzalez,caitlin.982@example.com,30,Vancouver,2024-08-17
2112,Deborah Fisher,deborah.7578@yahoo.com,33,Los Angeles,2024-11-28
4194,Johnny Graves,johnny.1925@yahoo.com,41,Barcelona,2025-08-19
8811,Sonya Sanders,sonya.7996@example.com,50,Giza,2024-10-18
4974,Stanley Gilbert,stanley.1990@gmail.com,79,London,2025-02-28
1882,Alexander Floyd,alexander.7115@example.com,32,Osaka,2026-05-26
8410,Mrs. Cynthia Collins,mrs..7386@example.com,34,Alexandria,2022-09-21
531,Karl Branch,karl.1296@outlook.com,72,Vancouver,2023-08-12
1324,Rhonda Weber MD,rhonda.3014@outlook.com,45,Houston,2023-01-15
5955,James Cuevas,james.9035@yahoo.com,35,Giza,2023-04-10
301,Sabrina Briggs,sabrina.9976@example.com,45,New York,2023-08-28
320,Gregory Ponce,gregory.1034@outlook.com,150,Birmingham,2025-07-03
1498,Michael Johnson,michael.2137@yahoo.com,48,Madrid,2025-12-20
5440,Miguel Williams,miguel.2991@example.com,43,Hamburg,2024-09-03
5792,Brian Black,brian.3394@outlook.com,38,London,2024-04-07
5362,Tamara Moore,tamara.2677@gmail.com,42,New York,2024-04-16
2573,Laura Dennis,laura.6844@yahoo.com,46,Hamburg,2024-10-17
1085,Melinda Mitchell,melinda.6791@gmail.com ,77,Riyadh,2025-09-06
5346,Mary Kent,mary.7357@yahoo.com,64,Berlin,2024-01-11
6481,Kelsey Bailey,kelsey.25@example.com,70,Houston,2024-05-18
3430,Colleen Blanchard,colleen.9938@gmail.com,77,Chicago,2024-07-26
7044,Peter Williams MD,peter.9533@hotmail.com,72,,2023-01-08
8030,Michael Baker,michael.3404@hotmail.com,52,Birmingham,2025-04-18
2625,Katherine Wright,katherine.7172@yahoo.com,48,Melbourne,2023-04-11
7158,Tracy Sanders,tracy.1229@outlook.com,71,Vancouver,2025-02-16
1137,Tyrone West,tyrone.9197@gmail.com,25,Mumbai,2024-04-19
4152,Dr. Francis Chan,dr..8698@yahoo.com,41,Chicago,2023-03-20
7700,William White,william.9313@example.com,57,Giza,2023-04-08
1786,April Alvarez,april.9275@yahoo.com,75,New York,2026-04-26
2257,Tiffany Sutton,tiffany.7455@outlook.com,57,Sydney,2023-10-16
4833,Nicholas Schaefer,nicholas.6122@gmail.com,38,Paris,2024-06-02
9018,Michael Frazier,michael.7977@gmail.com,35,Bangalore,2024-09-13
369,Sergio Gomez,sergio.4983@yahoo.com,28,Toronto,2026-09-14
7360,Kristen Ortiz,kristen.8562@hotmail.com,35,,2024-09-20
1050,Cassandra Porter ,cassandra.7179@yahoo.com,57,Berlin,2026-09-10
108,Kelly Williams,kelly.4807@hotmail.com,41,Munich,2023-09-16
2192,James Flores,james.6242@hotmail.com,80,Berlin,2024-05-28
7733,Cindy Berger,cindy.1268@hotmail.com,56,Sao Paulo,2024-09-22
44,Rhonda Lee,rhonda.7439@gmail.com,61,London,2023-02-05
3013,Joshua Leonard,joshua.4383@example.com,25,Cairo,2024-01-12
2447,Laura Pennington,laura.6070@yahoo.com,46,Cairo,2025-10-23
5717,Richard Moore,richard.1536@yahoo.com,71,Houston,2023-01-21
8926,Alex Taylor,alex.1745@outlook.com,62,Tokyo,2025-04-03
4762,Christopher Morton,christopher.9571@hotmail.com,66,London,2026-07-27
5786,Christina Weber,christina.2209@example.com,61,Chicago,2022-10-04
6993,Stephanie Wang,stephanie.7423@gmail.com,50,Berlin,2022-09-24
3761,Morgan Henry,morgan.6606@outlook.com,71,Mumbai,2025-08-20
7232,Anne Miller,anne.9850@example.com,26,Mexico City,2024-10-12
2815,Travis Peterson,travis.1911@gmail.com,25,Paris,2023-12-12
1364,Mark Benjamin,mark.2072@yahoo.com,51,Melbourne,2023-01-27
3322,Bradley Snow,bradley.2402@gmail.com,24,Birmingham,2023-04-17
8598,Michael Carr,michael.8128@hotmail.com,21,Bangalore,2025-07-30
8548,Kathleen Nelson,kathleen.6579@yahoo.com,55,Chicago,2026-02-10
7729,Jimmy Roberson,jimmy.9605@yahoo.com,24,Lyon,2025-10-28
645,Emily Taylor,emily.9644@example.com,27,Vancouver,2023-10-26
1813,David Peterson,david.5887@outlook.com,23,Osaka,2022-12-05
2807,Mark Alvarez,mark.2944@gmail.com,25,Lyon,2024-06-20
3657,Michelle Cobb,michelle.4639@hotmail.com,19,London,2024-11-20
7641,Rebecca Villa,rebecca.4637@hotmail.com,43,Berlin,2024-03-08
8377,Jeffery Gonzalez,jeffery.3335@yahoo.com,66,Houston,2024-03-30
2283,Amanda Roberts,amanda.8656@gmail.com,45,Barcelona,2024-05-23
9153,Kathryn Levine,kathryn.5436@outlook.com,62,Mumbai,2024-05-30
4141,Abigail Acevedo,abigail.2069@gmail.com,32,Hamburg,2026-04-19
2722,John Yang,john.6139@yahoo.com,63,Los Angeles,2025-01-20
9471,Steven Sparks,steven.1908@example.com,58,Singapore,2024-03-31
2395,Deborah Shelton,deborah.9343@example.com,30,Singapore,2026-04-06
8326,Christina Sheppard,christina.8772@hotmail.com,24,Paris,2025-02-13
526,Juan Smith,juan.7759@yahoo.com,0,London,2024-10-29
4084,Rebecca Perez,rebecca.8014@example.com,40,Bangalore,2025-08-02
6520,Alec Miller,alec.7135@example.com,44,Madrid,2022-11-16
5923,Roberta Kennedy,roberta.1418@gmail.com,63,Melbourne,2024-10-22
704,Taylor Calderon,taylor.6435@outlook.com,27,Barcelona,2024-01-14
8898,Danielle Jordan,danielle.8828@example.com,32,Mexico City,2022-11-07
237,Alexis Herrera,alexis.4194@yahoo.com,29,Dubai,2024-07-12
502,Renee Melendez,renee.5698@gmail.com,29,Madrid,2024-12-16
3408,Debra Johnson,debra.7510@hotmail.com,18,Chicago,2023-08-02
3364,Lindsay Hale,lindsay.7556@example.com,29,Berlin,2024-03-21
2628,Chris Morris,chris.4820@gmail.com,52,Bangalore,2024-12-20
4779,John Patterson,john.7245@example.com,31,Vancouver,2026-03-23
9104,Catherine Mendoza,catherine.2174@example.com,58,Hamburg,2024-08-14
5977,Thomas Miller,thomas.4290@outlook.com,33,Giza,2022-11-11
2627,Randall King,randall.296@example.com,24,Chicago,2023-12-16
1695,Jeffrey Williamson,jeffrey.9683@outlook.com,68,Munich,2023-03-12
1706,Robert Peterson,robert.4@yahoo.com,60,Los Angeles,2024-09-23
7063,Sandra Kim,,75,Osaka,2023-01-11
7587,Clarence Ware,clarence.1519@example.com,71,Bangalore,2024-04-22
6439,Donald Wilson,donald.4438@yahoo.com,20,Los Angeles,2024-01-15
5819,Diana Lee,diana.2201@hotmail.com,57,Giza,2025-05-30
2432,Samantha Maldonado,samantha.8751@example.com,22,Birmingham,2026-02-23
6975,Timothy Duncan,timothy.7000@gmail.com,40,Giza,2022-09-17
8646,Bethany Nelson,bethany.8579@hotmail.com,49,London,09-09-2024
